client_id,client_type,first_name,last_name,date_of_birth,gender,country,region,acquisition_purpose,satisfaction_score,loan_applied,referral_channel,date_of_birth_parsed,Age,Num_Properties_Purchased,Total_Investment_USD,Avg_Purchase_Price_USD,Max_Purchase_Price_USD,Avg_Floor_Area_Sqft,Total_Floor_Area_Sqft,Num_Towers,First_Purchase_Date,Last_Purchase_Date,Pct_Apartment,Pct_Office,Preferred_Unit_Category,Purchase_Span_Days,Loan_Applied_Flag,Cluster_KMeans,Cluster_Hierarchical,Segment,PCA1,PCA2
C0001,Individual,Kareem,Liu,05-11-1968,F,USA,California,Home,4,Yes,Website,1968-05-11,58,4,1246764.72,311691.18,496266.41,983.885,3935.54,4,2024-01-10,2025-01-12,100.0,0.0,Apartment,368,1,1,1,Home-Focused / First-Time Buyers,-0.5439408274569664,-0.8199469603863341
C0002,Individual,Trystan,Oconnor,11/26/1962,M,USA,California,Home,1,No,Website,1962-11-26,63,5,1841095.93,368219.1860000001,505127.63,1187.942,5939.71,5,2024-01-01,2025-01-12,100.0,0.0,Apartment,377,0,3,0,High-Value / Luxury Investors,1.5430021268884466,-0.7442157083327529
C0003,Individual,Kale,Gay,04-07-1959,M,USA,California,Home,4,Yes,Agency,1959-04-07,67,5,1661457.59,332291.518,584611.99,1058.11,5290.55,5,2024-01-07,2025-01-10,100.0,0.0,Apartment,369,1,3,0,High-Value / Luxury Investors,0.6719221905921311,-0.7424524145662827
C0004,Individual,Russell,Gross,11/25/1959,M,USA,California,Home,5,No,Website,1959-11-25,66,6,1608263.51,268043.91833333333,606634.75,937.1033333333334,5622.62,5,2024-01-02,2025-01-08,100.0,0.0,Apartment,372,0,1,0,Home-Focused / First-Time Buyers,-0.041845082451486104,-0.8525461638025223
C0005,Company,Marleez,Co,2/28/1976,M,USA,California,Investment,5,No,Website,1976-02-28,50,13,3653385.38,281029.64461538463,628812.33,927.296153846154,12054.85,5,2024-01-02,2025-01-05,100.0,0.0,Apartment,369,0,2,0,Corporate Buyers,3.99471935970842,6.779868836195417
C0006,Individual,Yurem,Wright,03-06-1957,M,USA,California,Home,3,Yes,Website,1957-03-06,69,5,1514131.06,302826.212,435031.4,989.59,4947.95,5,2024-01-01,2025-01-11,100.0,0.0,Apartment,376,1,1,0,Home-Focused / First-Time Buyers,0.005380479295641858,-0.8311178589274538
C0007,Individual,Xavier,Faulkner,5/24/1947,M,Canada,Quebec,Investment,5,No,Website,1947-05-24,79,11,3251147.83,295558.8936363636,484458.03,995.6936363636364,10952.63,6,2024-01-01,2025-01-12,100.0,0.0,Apartment,377,0,3,0,High-Value / Luxury Investors,3.51955814017804,1.4029317427634755
C0008,Individual,Kayden,Olsen,10/17/1969,F,USA,California,Home,5,No,Website,1969-10-17,56,5,1476730.41,295346.08200000005,537291.01,1031.106,5155.53,5,2024-01-03,2025-01-03,80.0,20.0,Apartment,366,0,1,0,Home-Focused / First-Time Buyers,0.018243911673335812,-0.800320376974963
C0009,Individual,Joaquin,Mullins,10-05-1975,M,USA,California,Investment,5,No,Agency,1975-10-05,50,5,1820832.35,364166.47,580903.05,1305.644,6528.22,4,2024-01-12,2025-01-05,80.0,20.0,Apartment,359,0,0,2,Global Investors,1.4770684352777588,1.23916058929934
C0010,Individual,Nicolas,Navarro,6/17/1966,M,USA,Oregon,Investment,3,No,Agency,1966-06-17,60,5,1732434.0,346486.8,480540.62,1140.206,5701.03,4,2024-01-03,2025-01-09,80.0,20.0,Apartment,372,0,0,2,Global Investors,0.7417997480682991,1.0766079238918667
C0011,Individual,Laci,Guerra,6/17/1956,F,USA,California,Home,2,Yes,Website,1956-06-17,70,5,1325211.52,265042.304,473195.39,935.914,4679.57,5,2024-01-11,2025-01-09,80.0,20.0,Apartment,364,1,1,0,Home-Focused / First-Time Buyers,-0.7575472860390673,-0.9223994934954958
C0012,Company,Kylax,Co,4/25/1975,M,USA,California,Investment,5,No,Website,1975-04-25,51,4,1599526.4,399881.6,529317.28,1317.445,5269.78,4,2024-01-10,2025-01-03,100.0,0.0,Apartment,359,0,2,3,Corporate Buyers,1.077881350743231,6.204459837610136
C0013,Individual,Harley,Lucero,08-10-1962,M,USA,California,Home,1,Yes,Website,1962-08-10,64,5,2142750.89,428550.178,562818.96,1407.376,7036.88,4,2024-01-09,2025-01-10,100.0,0.0,Apartment,367,1,3,0,High-Value / Luxury Investors,3.0774266809888235,-0.5193018168859836
C0014,Company,Esther,Co,07-10-1980,M,USA,California,Home,3,Yes,Website,1980-07-10,46,4,1548140.0699999998,387035.0175,531267.61,1280.5425,5122.17,4,2024-01-10,2025-01-08,100.0,0.0,Apartment,364,1,2,3,Corporate Buyers,1.0990132410487117,4.459925682996031
C0015,Individual,Jaylynn,Hickman,8/19/1941,F,USA,California,Home,5,No,Client,1941-08-19,85,5,1585907.37,317181.47400000005,426442.43,1030.764,5153.82,4,2024-01-07,2025-01-06,100.0,0.0,Apartment,365,0,1,0,Home-Focused / First-Time Buyers,0.4124907378028885,-0.9875307953679248
C0016,Individual,Olivia,Oconnell,09-03-1939,F,USA,California,Investment,5,No,Website,1939-09-03,87,4,1010217.73,252554.4325,287917.8,842.145,3368.58,4,2024-01-03,2025-01-10,100.0,0.0,Apartment,373,0,0,2,Global Investors,-2.0579371942957287,0.5870315282680573
C0017,Individual,Antonio,Porter,01-08-1977,M,USA,Arizona,Home,3,No,Client,1977-01-08,49,5,1778693.75,355738.75,568732.24,1195.814,5979.07,4,2024-01-02,2025-01-02,80.0,20.0,Apartment,366,0,3,0,High-Value / Luxury Investors,1.3753201180017165,-0.6340760832527362
C0018,Individual,Luke,Lynn,02-07-1967,M,USA,California,Home,2,Yes,Agency,1967-02-07,59,4,1061478.67,265369.6675,461655.95,913.8325,3655.33,4,2024-01-03,2025-01-04,100.0,0.0,Apartment,367,1,1,1,Home-Focused / First-Time Buyers,-1.4319968259858795,-0.9309748467303166
C0019,Individual,Anahi,Curry,09-09-1957,M,USA,California,Home,5,Yes,Client,1957-09-09,69,4,1773474.26,443368.565,599245.34,1402.0425,5608.17,4,2024-01-02,2025-01-11,50.0,50.0,Apartment,375,1,3,0,High-Value / Luxury Investors,2.495691852979218,-0.6128871764168723
C0020,Individual,Camille,Sharp,10/17/1967,F,USA,California,Home,5,No,Website,1967-10-17,58,4,1508032.25,377008.0625,505470.6,1307.08,5228.32,4,2024-01-05,2025-01-08,100.0,0.0,Apartment,369,0,3,0,High-Value / Luxury Investors,1.2774750395441317,-0.7319947871192557
C0021,Individual,Jesus,Obrien,06-09-1938,M,USA,Oregon,Investment,3,No,Website,1938-06-09,88,6,1928172.72,321362.12,555614.35,1028.86,6173.16,5,2024-01-04,2025-01-06,100.0,0.0,Apartment,368,0,0,2,Global Investors,0.7813668638153802,0.895536776037822
C0022,Individual,Araceli,Nelson,9/14/1966,M,Germany,Berlin,Investment,5,No,Agency,1966-09-14,60,4,1372403.2,343100.8,453294.55,1247.485,4989.9400000000005,4,2025-01-04,2025-01-10,100.0,0.0,Apartment,6,0,0,2,Global Investors,0.27607900225635906,1.0129353997040307
C0023,Individual,Cole,Taylor,12-06-1958,M,USA,California,Home,3,Yes,Website,1958-12-06,67,5,1457871.69,291574.338,408265.89,948.388,4741.9400000000005,5,2024-01-01,2025-01-09,100.0,0.0,Apartment,374,1,1,0,Home-Focused / First-Time Buyers,-0.28627116398061675,-0.8429652292600192
C0024,Individual,Alonso,Terrell,11-05-1963,M,USA,California,Investment,4,No,Website,1963-11-05,62,6,1884156.9,314026.15,560195.06,1053.735,6322.41,5,2024-01-02,2025-01-09,100.0,0.0,Apartment,373,0,0,2,Global Investors,0.6943503340233025,1.0978890279145386
C0025,Individual,Rodolfo,Gibson,1/20/1937,M,USA,Nevada,Home,2,Yes,Website,1937-01-20,89,5,1694448.83,338889.766,518174.75,1120.576,5602.88,5,2024-01-01,2025-01-04,100.0,0.0,Apartment,369,1,3,0,High-Value / Luxury Investors,0.9412545038137714,-0.9083086087440918
C0026,Individual,Joseph,Reeves,9/23/1962,M,USA,California,Investment,5,No,Website,1962-09-23,63,10,2932241.75,293224.175,436987.95,1002.383,10023.83,7,2024-01-03,2025-01-09,90.0,10.0,Apartment,372,0,3,0,High-Value / Luxury Investors,2.80512172980194,1.4271567877761144
C0027,Individual,Grant,Weber,09-08-1968,M,USA,California,Home,5,Yes,Website,1968-09-08,58,5,1517969.44,303593.888,427086.44,1070.234,5351.17,4,2024-01-01,2025-01-03,60.0,40.0,Apartment,368,1,1,0,Home-Focused / First-Time Buyers,0.2455345564870628,-0.7067245643660701
C0028,Individual,Ava,Phelps,4/15/1958,F,USA,California,Home,3,No,Client,1958-04-15,68,5,1791082.79,358216.558,512682.59,1266.366,6331.83,5,2024-01-09,2024-01-12,80.0,20.0,Apartment,3,0,3,0,High-Value / Luxury Investors,1.6286586118631337,-0.7606030050194801
C0029,Individual,Kyla,Walker,2/26/1976,F,USA,Colorado,Home,4,Yes,Agency,1976-02-26,50,4,1247795.31,311948.8275,410549.3,993.05,3972.2,3,2024-01-07,2025-01-09,75.0,25.0,Apartment,368,1,1,1,Home-Focused / First-Time Buyers,-0.5284259166930494,-0.7561837303561133
C0030,Individual,Alanna,Hess,6/19/1952,F,USA,Nevada,Home,3,No,Website,1952-06-19,74,4,1547311.29,386827.8225,545645.2,1279.3725,5117.49,4,2024-01-04,2025-01-10,100.0,0.0,Apartment,372,0,3,0,High-Value / Luxury Investors,1.3383547504678714,-0.8678606975603615
C0031,Individual,Skylar,Buchanan,12/25/1977,M,USA,Nevada,Home,4,Yes,Website,1977-12-25,48,5,1077148.21,215429.642,258061.02,677.3399999999999,3386.7,5,2024-01-02,2025-01-12,80.0,20.0,Apartment,376,1,1,1,Home-Focused / First-Time Buyers,-2.2311272009183982,-0.8688833166586698
C0032,Individual,Rodrigo,Robinson,08-11-1966,M,USA,California,Home,4,No,Website,1966-08-11,60,5,1888995.16,377799.032,490429.65,1282.528,6412.64,5,2024-01-01,2025-01-05,80.0,20.0,Apartment,370,0,3,0,High-Value / Luxury Investors,1.9902699638563177,-0.653276452448015
C0033,Individual,Lydia,Tate,8/14/1968,F,USA,California,Home,3,Yes,Website,1968-08-14,58,4,1404998.67,351249.6675,376964.62,1250.4325,5001.73,4,2024-01-04,2025-01-07,75.0,25.0,Apartment,369,1,3,0,High-Value / Luxury Investors,0.7109234585912154,-0.7156537964389732
C0034,Individual,Lauryn,Patrick,10/30/1969,F,Belgium,Brussels,Home,2,No,Agency,1969-10-30,56,5,1632608.66,326521.732,508462.97,1160.556,5802.780000000001,4,2024-01-06,2025-01-07,100.0,0.0,Apartment,367,0,3,0,High-Value / Luxury Investors,0.80739707222752,-0.75350958607865
C0035,Individual,Diego,Mendez,05-12-1965,M,Mexico,Mexico City,Home,3,No,Agency,1965-05-12,61,5,1987876.4,397575.28,539968.61,1445.752,7228.76,5,2024-01-09,2025-01-09,100.0,0.0,Apartment,366,0,3,0,High-Value / Luxury Investors,2.7197408659176268,-0.6040929747575902
C0036,Individual,Victor,Jensen,09-01-1973,M,USA,California,Home,4,No,Website,1973-09-01,53,4,1173683.53,293420.8825,437900.49,963.325,3853.3,4,2024-01-01,2025-01-06,100.0,0.0,Apartment,371,0,1,0,Home-Focused / First-Time Buyers,-0.860013401804721,-0.8994992586953221
C0037,Individual,Scarlet,Hendricks,1/20/1962,F,USA,California,Home,5,Yes,Website,1962-01-20,64,5,1607228.75,321445.75,482067.87,1018.368,5091.84,4,2024-01-07,2025-01-10,100.0,0.0,Apartment,369,1,1,0,Home-Focused / First-Time Buyers,0.4059161875498259,-0.7350277035387404
C0038,Individual,Janelle,Espinoza,12/25/1974,F,USA,California,Investment,4,No,Client,1974-12-25,51,4,1175129.27,293782.3175,407214.29,1105.1225,4420.49,4,2024-01-01,2024-01-06,75.0,25.0,Apartment,5,0,0,2,Global Investors,-0.8430660252924922,0.9692864822492071
C0039,Individual,Aleksandra,Karenina,6/13/1967,F,Russia,Krasnodar Krai,Home,1,No,Agency,1967-06-13,59,4,1858527.54,464631.885,626247.03,1365.68,5462.72,4,2024-01-02,2024-01-12,75.0,25.0,Apartment,10,0,3,0,High-Value / Luxury Investors,2.6374775516393325,-0.6428435257812158
C0040,Individual,Conner,Huff,3/22/1975,M,USA,Nevada,Home,5,No,Website,1975-03-22,51,6,1854608.29,309101.38166666665,507842.87,1047.8,6286.8,5,2024-01-01,2024-01-12,100.0,0.0,Apartment,11,0,3,0,High-Value / Luxury Investors,0.9482553831528674,-0.6394108196647887
C0041,Individual,Zain,Horne,4/13/1967,M,USA,Arizona,Home,1,Yes,Website,1967-04-13,59,5,1374460.79,274892.158,405898.92,872.838,4364.19,4,2024-01-04,2025-01-10,60.0,40.0,Apartment,372,1,1,0,Home-Focused / First-Time Buyers,-0.7978377791720523,-0.8462602892195936
C0042,Individual,Maia,Chandler,08-12-1975,F,USA,Utah,Home,1,Yes,Website,1975-08-12,51,4,1101390.25,275347.5625,364280.42,913.8425,3655.37,4,2024-01-11,2025-01-08,75.0,25.0,Apartment,363,1,1,1,Home-Focused / First-Time Buyers,-1.31609367557938,-0.8657705824700771
C0043,Individual,Jordyn,Park,04-04-1965,M,USA,Nevada,Investment,3,Yes,Website,1965-04-04,61,4,1126492.46,281623.115,467216.3,983.505,3934.02,4,2024-01-03,2025-01-10,100.0,0.0,Apartment,373,1,0,2,Global Investors,-1.3499940731915332,0.9250646852216035
C0044,Individual,Diana,Hunt,2/13/1931,F,USA,Arizona,Home,3,No,Website,1931-02-13,95,4,1330493.26,332623.315,519866.77,1106.8675,4427.47,4,2024-01-02,2025-01-11,100.0,0.0,Apartment,375,0,1,1,Home-Focused / First-Time Buyers,0.13198344380914076,-1.144749371606037
C0045,Individual,Kevin,Mata,10-12-1968,M,USA,Colorado,Investment,2,No,Agency,1968-10-12,57,5,1463432.36,292686.47199999995,592737.69,913.774,4568.87,4,2024-01-03,2025-01-09,100.0,0.0,Apartment,372,0,0,2,Global Investors,-0.736507455217315,0.9525891475484722
C0046,Individual,Brisa,Mckee,9/24/1964,F,USA,California,Home,5,No,Client,1964-09-24,61,8,2026517.4,253314.675,388515.14,857.8050000000001,6862.4400000000005,7,2024-01-01,2025-01-10,100.0,0.0,Apartment,375,0,3,0,High-Value / Luxury Investors,0.6565963898717851,-0.6847066449286022
C0047,Individual,Mason,Gilbert,7/31/1970,M,USA,Colorado,Home,2,No,Agency,1970-07-31,56,5,1438239.28,287647.856,459403.88,953.568,4767.84,5,2024-01-07,2025-01-10,100.0,0.0,Apartment,369,0,1,0,Home-Focused / First-Time Buyers,-0.3587666353087577,-0.8614834100200772
C0048,Individual,Derick,Li,3/20/1957,M,USA,California,Home,3,Yes,Agency,1957-03-20,69,4,1338718.0,334679.5,493044.25,1026.3200000000002,4105.280000000001,4,2024-01-07,2025-01-05,100.0,0.0,Apartment,364,1,1,0,Home-Focused / First-Time Buyers,-0.0991510970953719,-0.8725880749540518
C0049,Individual,Jace,Riggs,8/20/1971,F,USA,California,Home,1,No,Website,1971-08-20,55,4,1390091.2,347522.8,533120.65,1204.3675,4817.47,4,2024-01-01,2025-01-08,100.0,0.0,Apartment,373,0,3,0,High-Value / Luxury Investors,0.5087407266071311,-0.8163103077597376
C0050,Individual,Jair,Johns,03-05-1940,M,USA,California,Home,5,No,Website,1940-03-05,86,9,2744452.35,304939.15,486685.38,993.5088888888888,8941.58,7,2024-01-03,2025-01-04,88.88888888888889,11.11111111111111,Apartment,367,0,3,0,High-Value / Luxury Investors,2.7856653839381162,-0.6398256458189872
C0051,Individual,Matilda,Madden,03-03-1941,F,USA,Colorado,Home,3,No,Agency,1941-03-03,85,4,1270440.42,317610.105,564388.0,1039.56,4158.24,4,2024-01-05,2025-01-03,100.0,0.0,Apartment,364,0,1,1,Home-Focused / First-Time Buyers,-0.2773488279143831,-1.104270063606563
C0052,Individual,Myla,Ewing,02-03-1967,F,USA,Oregon,Investment,2,No,Client,1967-02-03,59,4,1474211.53,368552.8825,555271.92,1187.925,4751.7,3,2024-01-02,2025-01-11,100.0,0.0,Apartment,375,0,0,2,Global Investors,0.4379094697840322,1.0126211860071546
C0053,Individual,Miguel,Walter,01-07-1954,M,USA,Arizona,Home,4,No,Agency,1954-01-07,72,4,1120539.44,280134.86,368589.72,929.245,3716.98,4,2024-01-04,2025-01-08,100.0,0.0,Apartment,370,0,1,1,Home-Focused / First-Time Buyers,-1.1131257968996093,-1.071918363336806
C0054,Company,Bridger CAL,Co,2/15/1967,M,USA,Nevada,Investment,5,No,Website,1967-02-15,59,6,2109277.6,351546.26666666666,435374.92,1115.6333333333334,6693.8,4,2024-01-01,2025-01-10,33.33333333333333,66.66666666666666,Office,375,0,2,3,Corporate Buyers,1.3375514293329378,6.2378266912564175
C0055,Individual,Mara,Franco,06-07-1973,F,USA,California,Home,5,Yes,Agency,1973-06-07,53,4,1178979.21,294744.8025,416304.72,989.83,3959.32,4,2024-01-02,2025-01-12,100.0,0.0,Apartment,376,1,1,1,Home-Focused / First-Time Buyers,-0.765290155631126,-0.7941467352939401
C0056,Individual,Erik,Mora,12-07-1964,M,USA,Oregon,Investment,5,No,Agency,1964-12-07,61,4,1579301.36,394825.34,559835.83,1355.5975,5422.39,4,2024-01-01,2025-01-10,75.0,25.0,Apartment,375,0,0,2,Global Investors,1.3115527397465423,1.1034244100922512
C0057,Individual,Henry,Kennedy,06-08-1933,M,USA,California,Home,4,Yes,Agency,1933-06-08,93,5,2020519.52,404103.904,589905.02,1344.1439999999998,6720.719999999999,4,2024-01-05,2025-01-10,80.0,20.0,Apartment,371,1,3,0,High-Value / Luxury Investors,2.6138522746341324,-0.7634311195556275
C0058,Company,Kenyon,Co,05-03-1969,F,USA,California,Investment,1,Yes,Website,1969-05-03,57,5,1441406.17,288281.234,494246.62,919.84,4599.2,4,2024-01-08,2025-01-12,60.0,40.0,Apartment,370,1,2,3,Corporate Buyers,-1.01097447920441,6.048444928769892
C0059,Individual,Oswaldo,Palmer,6/16/1960,M,USA,California,Home,2,No,Website,1960-06-16,66,4,1278854.25,319713.5625,488077.62,1102.44,4409.76,4,2024-01-05,2025-01-10,75.0,25.0,Apartment,371,0,1,1,Home-Focused / First-Time Buyers,-0.1281255417166077,-0.9523897269895957
C0060,Individual,Kassidy,Vega,05-07-1972,F,USA,California,Home,5,No,Website,1972-05-07,54,4,1355662.25,338915.5625,485561.11,1119.4675,4477.87,3,2024-01-03,2025-01-03,100.0,0.0,Apartment,366,0,1,0,Home-Focused / First-Time Buyers,0.22744606404334214,-0.796984676752595
C0061,Individual,Morgan,Glass,05-12-1967,M,USA,Utah,Home,5,No,Agency,1967-05-12,59,4,1306907.58,326726.895,402081.8,1101.62,4406.48,4,2024-01-11,2025-01-10,100.0,0.0,Apartment,365,0,1,0,Home-Focused / First-Time Buyers,0.011379801110348649,-0.8568420259150289
C0062,Individual,Tyler,Carr,3/27/1974,M,USA,California,Home,5,Yes,Client,1974-03-27,52,5,1489333.49,297866.698,443358.25,1059.832,5299.16,4,2024-01-01,2025-01-07,100.0,0.0,Apartment,372,1,1,0,Home-Focused / First-Time Buyers,0.1171342905144155,-0.6722246137032712
C0063,Individual,Yesenia,Marquez,7/23/1942,F,USA,Arizona,Home,4,No,Website,1942-07-23,84,5,1625480.88,325096.176,538375.93,1112.538,5562.6900000000005,5,2024-01-09,2025-01-06,100.0,0.0,Apartment,363,0,3,0,High-Value / Luxury Investors,0.7352349791632233,-0.9599053466780166
C0064,Individual,Gordon,Brown,02-10-1974,M,UK,Northern Ireland,Investment,4,No,Agency,1974-02-10,52,4,1448881.28,362220.32,574929.03,1095.85,4383.4,4,2024-01-02,2024-01-11,100.0,0.0,Apartment,9,0,0,2,Global Investors,0.12808059189081453,1.058491555753897
C0065,Individual,Rodrigo,Ramirez,3/26/1972,M,USA,California,Home,1,No,Agency,1972-03-26,54,4,1557125.73,389281.4325,539032.17,1261.5275,5046.11,4,2025-01-03,2025-01-06,75.0,25.0,Apartment,3,0,3,0,High-Value / Luxury Investors,1.263160074623586,-0.7359103178451906
C0066,Individual,Melanie,Holland,12/25/1974,F,USA,California,Investment,3,No,Client,1974-12-25,51,4,1107164.17,276791.0425,366314.0,932.755,3731.02,4,2024-01-04,2025-01-12,75.0,25.0,Apartment,374,0,0,2,Global Investors,-1.5575059564947011,0.8967668718576616
C0067,Individual,Enrique,Cardenas,06-10-1977,M,USA,California,Home,2,No,Website,1977-06-10,49,5,1431941.84,286388.368,468196.39,851.818,4259.09,4,2024-01-04,2025-01-10,80.0,20.0,Apartment,372,0,1,0,Home-Focused / First-Time Buyers,-0.6558307583598789,-0.8318455848296559
C0068,Individual,Helen,Williamson,2/26/1966,F,USA,Colorado,Home,5,Yes,Agency,1966-02-26,60,4,1572779.33,393194.8325,459558.39,1450.2925,5801.17,4,2024-01-05,2025-01-10,75.0,25.0,Apartment,371,1,3,0,High-Value / Luxury Investors,1.8795380965114816,-0.6058507090375783
C0069,Individual,Isis,Rios,04-01-1970,M,USA,California,Investment,4,No,Website,1970-04-01,56,5,1439142.47,287828.494,479080.93,957.588,4787.94,5,2024-01-02,2025-01-12,100.0,0.0,Apartment,376,0,0,2,Global Investors,-0.6678504079881703,0.9831107733079504
C0070,Individual,Kayley,Nielsen,4/27/1947,F,USA,Arizona,Home,4,Yes,Website,1947-04-27,79,5,1521570.62,304314.124,448702.07,1039.274,5196.37,4,2024-01-05,2025-01-09,80.0,20.0,Apartment,370,1,1,0,Home-Focused / First-Time Buyers,0.1913262409280316,-0.884072325103715
C0071,Individual,Donavan,Flowers,12/27/1985,M,USA,California,Home,1,Yes,Client,1985-12-27,40,5,1150384.09,230076.81800000003,415775.9,833.3799999999999,4166.9,5,2024-01-01,2025-01-07,100.0,0.0,Apartment,372,1,1,1,Home-Focused / First-Time Buyers,-1.650251952266362,-0.7817457463777422
C0072,Individual,Augustus,Hinton,02-03-1953,M,USA,Nevada,Investment,2,No,Website,1953-02-03,73,6,2246488.58,374414.76333333337,674634.08,1129.4916666666666,6776.95,5,2024-01-03,2025-01-11,83.33333333333334,16.666666666666664,Apartment,374,0,0,2,Global Investors,1.9396679656459317,1.1174948062227812
C0073,Individual,Alejandra,Greer,01-11-1965,F,Denmark,Capital Region,Investment,1,No,Agency,1965-01-11,61,4,1413902.33,353475.5825,527107.1,1194.0325,4776.13,4,2024-01-03,2025-01-10,100.0,0.0,Apartment,373,0,0,2,Global Investors,0.22115293073671397,0.9661865717011462
C0074,Individual,Violet,Nixon,01-01-1959,F,USA,Oregon,Investment,5,No,Client,1959-01-01,67,5,1709458.65,341891.73,573381.83,1138.044,5690.22,4,2024-01-06,2025-01-08,60.0,40.0,Apartment,368,0,0,2,Global Investors,0.7066219528325037,1.0361895891575457
C0075,Individual,Jaelyn,Berger,05-05-1970,F,USA,California,Home,3,No,Website,1970-05-05,56,4,1269395.74,317348.935,590971.72,1048.3425,4193.37,4,2024-01-06,2025-01-03,75.0,25.0,Apartment,363,0,1,0,Home-Focused / First-Time Buyers,-0.30239296386804265,-0.8801508990005956
C0076,Individual,Tristian,Fuller,3/13/1956,M,USA,California,Home,5,No,Agency,1956-03-13,70,6,1905852.09,317642.015,534630.42,1067.28,6403.68,5,2024-01-02,2025-01-05,100.0,0.0,Apartment,369,0,3,0,High-Value / Luxury Investors,1.1786679231364412,-0.7656307238560277
C0077,Individual,Christian,Costa,9/14/1980,M,USA,California,Home,5,No,Website,1980-09-14,45,5,1880012.18,376002.436,590130.14,1191.826,5959.13,4,2024-01-05,2025-01-08,60.0,40.0,Apartment,369,0,3,0,High-Value / Luxury Investors,1.7180977287780488,-0.5500912277569022
C0078,Individual,Nora,Lynch,4/23/1948,F,USA,California,Home,5,No,Website,1948-04-23,78,4,1685882.39,421470.5975,485944.71,1415.63,5662.52,4,2024-01-01,2025-01-02,100.0,0.0,Apartment,367,0,3,0,High-Value / Luxury Investors,2.2376064922440717,-0.7977414465975599
C0079,Individual,Dangelo,Shea,2/27/1954,M,Belgium,Brussels,Investment,4,No,Website,1954-02-27,72,4,1456436.3,364109.075,579893.68,1219.0675,4876.27,4,2024-01-02,2025-01-11,50.0,50.0,Apartment,375,0,0,2,Global Investors,0.5083095881772741,0.9344057604482182
C0080,Individual,Aiyana,Christensen,1/16/1949,F,USA,California,Investment,3,No,Website,1949-01-16,77,5,1427531.56,285506.31200000003,502978.74,965.024,4825.12,4,2024-01-05,2025-01-09,100.0,0.0,Apartment,370,0,0,2,Global Investors,-0.6705209032209138,0.8091419641123053
C0081,Individual,Sidney,Cline,7/24/1943,F,USA,California,Home,4,Yes,Website,1943-07-24,83,4,1522144.26,380536.065,655054.84,1252.745,5010.98,4,2024-01-03,2025-01-09,75.0,25.0,Apartment,372,1,3,0,High-Value / Luxury Investors,1.1972266064164887,-0.8541056261715587
C0082,Individual,Kaitlin,Owen,12/26/1981,F,USA,Virginia,Investment,5,No,Client,1981-12-26,44,5,1282267.95,256453.59,336673.91,884.2239999999999,4421.12,4,2024-01-01,2025-01-12,100.0,0.0,Apartment,377,0,0,2,Global Investors,-1.3654510194574323,1.0189951486061264
C0083,Individual,Issac,Edwards,10/29/1938,M,USA,California,Home,5,No,Website,1938-10-29,87,6,1513641.46,252273.57666666663,360807.72,851.395,5108.37,5,2024-01-04,2025-01-10,100.0,0.0,Apartment,372,0,1,0,Home-Focused / First-Time Buyers,-0.5118792760626337,-1.0607350663083392
C0084,Individual,Zaiden,Merritt,2/23/1948,M,USA,Wyoming,Home,3,No,Agency,1948-02-23,78,5,1762231.92,352446.384,517695.89,1083.612,5418.06,5,2024-01-01,2025-01-04,60.0,40.0,Apartment,369,0,3,0,High-Value / Luxury Investors,1.0731446569181513,-0.8863271092820881
C0085,Individual,Iris,Larsen,9/14/1966,M,USA,California,Home,4,Yes,Agency,1966-09-14,60,4,1185505.46,296376.365,480842.09,986.395,3945.58,4,2024-01-08,2025-01-11,100.0,0.0,Apartment,369,1,1,1,Home-Focused / First-Time Buyers,-0.7567315105592199,-0.8568836094916235
C0086,Individual,Grace,Stein,12/20/1968,F,USA,California,Home,3,Yes,Website,1968-12-20,57,5,1928188.61,385637.722,525721.08,1354.634,6773.17,5,2024-01-05,2025-01-10,100.0,0.0,Apartment,371,1,3,0,High-Value / Luxury Investors,2.2727965404101447,-0.5254419807664321
C0087,Individual,Alessandra,Perry,5/15/1979,F,USA,California,Home,4,No,Agency,1979-05-15,47,4,1681153.28,420288.32,508371.29,1287.6625,5150.65,4,2024-01-10,2025-01-11,75.0,25.0,Apartment,367,0,3,0,High-Value / Luxury Investors,1.821612893144335,-0.5998526020785373
C0088,Individual,Jamal,Mueller,8/13/1936,M,USA,Oregon,Investment,2,No,Website,1936-08-13,90,6,1450519.57,241753.2616666667,308622.38,786.9733333333334,4721.84,5,2024-01-03,2025-01-02,83.33333333333334,16.666666666666664,Apartment,365,0,0,2,Global Investors,-1.2678061062526678,0.6736408487827659
C0089,Individual,Irvin,Ellis,11/14/1949,M,USA,California,Home,3,No,Agency,1949-11-14,76,4,1041853.81,260463.4525,302297.34,854.79,3419.16,4,2024-01-02,2025-01-09,100.0,0.0,Apartment,373,0,1,1,Home-Focused / First-Time Buyers,-1.6042771769906274,-1.1577982387277002
C0090,Individual,Terry,Forbes,5/27/1982,M,USA,California,Home,5,No,Client,1982-05-27,44,5,980850.42,196170.084,252200.58,703.798,3518.99,5,2024-01-04,2025-01-08,100.0,0.0,Apartment,370,0,1,1,Home-Focused / First-Time Buyers,-2.450059305744682,-0.9401778829131631
C0091,Individual,Jacqueline,Grant,11/13/1959,F,USA,California,Home,4,No,Website,1959-11-13,66,4,1356644.74,339161.185,432448.91,1161.6775,4646.71,4,2024-01-03,2024-01-12,100.0,0.0,Apartment,9,0,1,1,Home-Focused / First-Time Buyers,0.34289641070315807,-0.8902123523226924
C0092,Individual,Brock,Fischer,5/29/1971,M,USA,Kansas,Home,3,No,Website,1971-05-29,55,8,2817926.96,352240.87,536812.04,1218.0425,9744.34,7,2024-01-01,2025-01-10,87.5,12.5,Apartment,375,0,3,0,High-Value / Luxury Investors,3.6055603794614695,-0.3681086924675691
C0093,Individual,Curtis,Howard,09-11-1962,M,USA,California,Home,2,No,Agency,1962-09-11,64,5,1732558.38,346511.676,438704.41,1196.466,5982.33,5,2024-01-03,2025-01-12,100.0,0.0,Apartment,375,0,3,0,High-Value / Luxury Investors,1.2347860786439608,-0.7746734255514843
C0094,Individual,Avah,Huang,4/23/1948,F,USA,California,Home,5,No,Website,1948-04-23,78,5,1062675.82,212535.164,292598.12,692.664,3463.32,4,2024-01-12,2025-01-12,80.0,20.0,Apartment,366,0,1,1,Home-Focused / First-Time Buyers,-2.164330030386934,-1.1769877836866458
C0095,Individual,Frank,Meyer,3/16/1964,M,USA,California,Home,3,Yes,Agency,1964-03-16,62,6,1668973.02,278162.17,384992.37,923.105,5538.63,4,2024-01-03,2025-01-10,66.66666666666666,33.33333333333333,Apartment,373,1,1,0,Home-Focused / First-Time Buyers,0.04941352190330541,-0.7408014431026676
C0096,Individual,Darien,Dorsey,12/27/1985,M,USA,California,Investment,3,Yes,Website,1985-12-27,40,4,1363013.17,340753.2925,452667.01,1113.615,4454.46,4,2024-01-07,2025-01-11,100.0,0.0,Apartment,370,1,0,2,Global Investors,-0.18298368223716593,1.1998848872065526
C0097,Individual,Franklin,Mack,6/18/1943,M,USA,Virginia,Home,5,Yes,Website,1943-06-18,83,7,2189906.04,312843.72000000003,491025.48,1061.722857142857,7432.059999999999,5,2024-01-01,2025-01-04,71.42857142857143,28.57142857142857,Apartment,369,1,3,0,High-Value / Luxury Investors,1.7674575659499514,-0.6909450421285945
C0098,Individual,Elena,Petrova,6/22/1949,F,Russia,Saint Petersburg,Home,3,Yes,Agency,1949-06-22,77,4,1131592.65,282898.1625,427106.32,981.955,3927.82,4,2024-01-06,2024-01-11,100.0,0.0,Apartment,5,1,1,1,Home-Focused / First-Time Buyers,-0.9549802959369319,-1.0184275847431559
C0099,Individual,Jack,Hanson,12-01-1941,M,USA,California,Investment,4,No,Website,1941-12-01,84,6,2000308.58,333384.76333333337,417894.67,1201.5883333333334,7209.530000000001,5,2024-01-05,2025-01-05,83.33333333333334,16.666666666666664,Apartment,366,0,0,2,Global Investors,1.4557354905713156,0.9959591645329752
C0100,Individual,Emmett,Estes,06-05-1969,M,USA,California,Home,3,No,Website,1969-06-05,57,4,1449544.65,362386.1625,526802.73,1174.44,4697.76,4,2024-01-05,2024-01-08,100.0,0.0,Apartment,3,0,3,0,High-Value / Luxury Investors,0.6830092320242266,-0.7954278924931143
C0101,Individual,Aniya,Miller,03-02-1951,F,USA,Nevada,Home,3,No,Website,1951-03-02,75,4,1125013.8,281253.45,392645.79,874.345,3497.38,4,2024-01-11,2025-01-09,75.0,25.0,Apartment,364,0,1,1,Home-Focused / First-Time Buyers,-1.2527338440764508,-1.115844956125542
C0102,Individual,Jack,Anderson,2/13/1947,M,USA,California,Investment,5,Yes,Website,1947-02-13,79,9,3403263.85,378140.4277777778,621956.37,1222.908888888889,11006.18,8,2024-01-01,2025-01-11,88.88888888888889,11.11111111111111,Apartment,376,1,3,0,High-Value / Luxury Investors,4.638132139771696,1.5441207160304276
C0103,Individual,Kael,Hurley,12/15/1973,M,USA,Colorado,Home,3,No,Website,1973-12-15,52,5,1483838.77,296767.754,408331.77,964.98,4824.9,4,2024-01-01,2025-01-09,100.0,0.0,Apartment,374,0,1,0,Home-Focused / First-Time Buyers,-0.1716246023645058,-0.8028782254570586
C0104,Individual,Kamden,Stewart,9/14/1978,M,USA,California,Home,5,No,Website,1978-09-14,47,5,1677155.01,335431.002,510060.4,1090.3,5451.5,4,2024-01-04,2025-01-11,80.0,20.0,Apartment,373,0,3,0,High-Value / Luxury Investors,0.8035600300661999,-0.653322163341044
C0105,Individual,Aniyah,Ali,11-03-1959,F,USA,California,Investment,2,Yes,Website,1959-11-03,66,5,1328084.36,265616.87200000003,338774.34,850.948,4254.74,5,2024-01-06,2025-01-09,60.0,40.0,Apartment,369,1,0,2,Global Investors,-1.3328115101904217,0.913014807811595
C0106,Individual,Simon,Bennett,06-09-1953,M,USA,Colorado,Home,4,No,Website,1953-06-09,73,4,957679.27,239419.8175,452919.18,820.9825000000001,3283.9300000000003,4,2024-01-08,2025-01-10,100.0,0.0,Apartment,368,0,1,1,Home-Focused / First-Time Buyers,-1.9860589744382906,-1.1618829332178666
C0107,Individual,Laurel,Benitez,08-06-1959,M,USA,California,Home,4,Yes,Agency,1959-08-06,67,5,1715058.23,343011.646,537998.71,1102.66,5513.3,5,2024-01-01,2025-01-06,80.0,20.0,Apartment,371,1,3,0,High-Value / Luxury Investors,0.9607355872346892,-0.7153918132569441
C0108,Individual,Trey,Strong,12/20/1958,M,USA,California,Home,4,No,Agency,1958-12-20,67,6,1998798.72,333133.12,583919.98,1104.1699999999998,6625.02,4,2024-01-06,2025-01-08,83.33333333333334,16.666666666666664,Apartment,368,0,3,0,High-Value / Luxury Investors,1.526711725131187,-0.7173050127704141
C0109,Individual,Myah,Roman,05-05-1933,F,USA,California,Investment,5,Yes,Agency,1933-05-05,93,5,1995551.09,399110.218,579807.82,1285.854,6429.27,4,2024-01-01,2025-01-09,60.0,40.0,Apartment,374,1,0,2,Global Investors,2.041801916218069,1.0486392378732956
C0110,Individual,Nyla,Blake,06-05-1959,F,USA,California,Investment,5,Yes,Agency,1959-06-05,67,5,1205555.46,241111.092,487772.33,811.4019999999999,4057.01,5,2024-01-04,2025-01-08,100.0,0.0,Apartment,370,1,0,2,Global Investors,-1.7780854541017233,0.888838960772409
C0111,Individual,Kole,Shannon,6/27/1979,M,USA,Arizona,Home,2,Yes,Website,1979-06-27,47,4,1198421.22,299605.305,476038.28,896.7175,3586.87,4,2024-01-04,2025-01-07,100.0,0.0,Apartment,369,1,1,1,Home-Focused / First-Time Buyers,-0.9978846470229653,-0.793106553053595
C0112,Individual,Melany,Glover,10-01-1960,F,USA,California,Investment,1,Yes,Agency,1960-10-01,65,5,1775142.2,355028.44,619787.84,1115.986,5579.93,5,2024-01-05,2025-01-12,100.0,0.0,Apartment,373,1,0,2,Global Investors,0.7790374827801528,1.1126868773148078
C0113,Individual,Arthur,Bray,7/14/1949,M,USA,Utah,Investment,4,No,Agency,1949-07-14,77,4,1414433.46,353608.365,535865.96,1186.715,4746.86,4,2024-01-01,2025-01-12,100.0,0.0,Apartment,377,0,0,2,Global Investors,0.27881549473664746,0.8738445948821176
C0114,Individual,Kamila,Collier,1/21/1962,F,USA,California,Home,1,Yes,Website,1962-01-21,64,4,1124004.05,281001.0125,382143.98,932.945,3731.78,3,2024-01-01,2025-01-06,100.0,0.0,Apartment,371,1,1,1,Home-Focused / First-Time Buyers,-1.1642017047061206,-0.9532459562769768
C0115,Individual,Amanda,Simon,12-03-1978,F,USA,California,Home,5,No,Agency,1978-12-03,47,5,1757354.59,351470.918,460001.26,1143.692,5718.46,5,2024-01-03,2025-01-11,60.0,40.0,Apartment,374,0,3,0,High-Value / Luxury Investors,1.2009960637953296,-0.6157072286940155
C0116,Individual,Erika,Steward,08-07-1955,F,USA,California,Investment,4,No,Website,1955-08-07,71,8,2484590.08,310573.76,629574.18,1039.8925,8319.14,7,2024-01-01,2025-01-10,87.5,12.5,Apartment,375,0,0,0,Global Investors,1.961412513509571,1.213267468033567
C0117,Individual,Jakobe,Bailey,10-06-1964,M,UK,Scotland,Investment,4,No,Agency,1964-10-06,61,8,2884556.25,360569.53125,602366.78,1135.78625,9086.29,7,2024-01-03,2025-01-11,62.5,37.5,Apartment,374,0,3,0,High-Value / Luxury Investors,3.232772636471758,1.4188181680468817
C0118,Individual,Sonia,Choi,11-09-1948,F,USA,Oregon,Investment,5,No,Agency,1948-11-09,77,4,1218377.19,304594.2975,461101.0,1009.1225,4036.49,4,2024-01-07,2025-01-02,75.0,25.0,Apartment,361,0,0,2,Global Investors,-0.8806852055352479,0.7751626724184044
C0119,Individual,Erika,Gallagher,7/19/1942,F,USA,California,Home,1,Yes,Website,1942-07-19,84,4,1603043.92,400760.98,527627.25,1399.315,5597.26,4,2024-01-03,2025-01-12,100.0,0.0,Apartment,375,1,3,0,High-Value / Luxury Investors,1.8253721590887353,-0.8326613857678603
C0120,Individual,Madeline,Michael,7/30/1953,F,USA,California,Home,4,Yes,Website,1953-07-30,73,5,1753587.39,350717.478,577922.22,1243.96,6219.8,5,2024-01-05,2025-01-10,100.0,0.0,Apartment,371,1,3,0,High-Value / Luxury Investors,1.4633254344619757,-0.7183167231300875
C0121,Individual,Bennett,Chen,7/18/1950,M,USA,Nevada,Home,2,No,Website,1950-07-18,76,5,1169150.31,233830.062,418772.73,806.688,4033.44,4,2024-01-08,2025-01-12,100.0,0.0,Apartment,370,0,1,1,Home-Focused / First-Time Buyers,-1.5773706998696235,-1.1342129157891152
C0122,Individual,Belinda,Hogan,8/18/1973,F,USA,California,Home,1,Yes,Agency,1973-08-18,53,4,1412560.68,353140.17,550180.2,1085.975,4343.9,4,2024-01-03,2025-01-07,100.0,0.0,Apartment,370,1,1,0,Home-Focused / First-Time Buyers,0.2669303030666321,-0.731418646451724
C0123,Individual,Johanna,Fisher,8/25/1962,F,USA,California,Home,4,Yes,Website,1962-08-25,64,5,1821348.69,364269.738,502456.39,1230.66,6153.299999999999,5,2024-01-01,2025-01-08,100.0,0.0,Apartment,373,1,3,0,High-Value / Luxury Investors,1.6326109172372756,-0.6301109203548892
C0124,Individual,Jaylen,Turner,7/15/1963,F,USA,California,Home,4,No,Agency,1963-07-15,63,5,1613985.08,322797.016,367468.14,1184.63,5923.15,4,2024-01-04,2024-01-11,80.0,20.0,Apartment,7,0,3,0,High-Value / Luxury Investors,0.8548324492579162,-0.7868299737644033
C0125,Individual,Michael,Juarez,12/25/1976,M,USA,Colorado,Home,4,Yes,Agency,1976-12-25,49,4,1341108.25,335277.0625,503351.9,1148.5475,4594.19,4,2024-01-02,2024-01-06,75.0,25.0,Apartment,4,1,1,0,Home-Focused / First-Time Buyers,0.21556407458090485,-0.6811077714561189
C0126,Individual,Adriana,Shaffer,07-11-1972,F,USA,California,Investment,2,No,Agency,1972-07-11,54,5,1319929.46,263985.892,498779.18,850.052,4250.26,4,2024-01-03,2025-01-08,80.0,20.0,Apartment,371,0,0,2,Global Investors,-1.3690087332166008,0.9152039492151517
C0127,Individual,Julio,Leonard,7/18/1974,M,USA,Nevada,Home,2,Yes,Website,1974-07-18,52,4,967474.23,241868.5575,355073.4,765.085,3060.34,4,2024-01-02,2025-01-10,100.0,0.0,Apartment,374,1,1,1,Home-Focused / First-Time Buyers,-2.1730410054430283,-0.9434329258520959
C0128,Company,Abdiel,Co,5/22/1963,M,USA,Nevada,Investment,5,Yes,Website,1963-05-22,63,5,1639392.9500000002,327878.59,535798.14,1054.034,5270.17,5,2024-01-05,2025-01-12,80.0,20.0,Apartment,373,1,2,3,Corporate Buyers,0.052858804917501216,6.138249818951797
C0129,Individual,Warren,Pugh,7/17/1973,M,USA,Arizona,Investment,5,No,Website,1973-07-17,53,4,1748372.75,437093.1875,584468.16,1296.985,5187.9400000000005,4,2024-01-03,2025-01-11,75.0,25.0,Apartment,374,0,0,2,Global Investors,1.7598654750135612,1.213204937544937
C0130,Individual,Luis,Crane,4/20/1959,M,USA,Nevada,Home,3,Yes,Website,1959-04-20,67,4,1488042.88,372010.72,509032.38,1215.035,4860.14,3,2024-01-09,2025-01-12,100.0,0.0,Apartment,369,1,3,0,High-Value / Luxury Investors,0.9335564234219903,-0.7624054673664381
C0131,Individual,Mohammad,Irwin,12-02-1971,M,USA,California,Home,1,No,Website,1971-12-02,54,5,1428058.5499999998,285611.71,538931.69,928.794,4643.97,5,2024-01-01,2025-01-06,100.0,0.0,Apartment,371,0,1,0,Home-Focused / First-Time Buyers,-0.4761661781366433,-0.8654270074578145
C0132,Individual,Davion,Stout,7/20/1965,M,USA,Nevada,Home,1,Yes,Agency,1965-07-20,61,4,1203775.04,300943.76,403463.16,1025.1775,4100.71,4,2024-01-10,2025-01-11,100.0,0.0,Apartment,367,1,1,1,Home-Focused / First-Time Buyers,-0.6379092896403943,-0.8814183925008853
C0133,Individual,Logan,Simmons,9/14/1946,M,USA,California,Investment,4,No,Agency,1946-09-14,80,4,1449799.93,362449.9825,457718.07,1177.4025,4709.610000000001,4,2024-01-08,2025-01-10,100.0,0.0,Apartment,368,0,0,2,Global Investors,0.38743204426964994,0.861575640836551
C0134,Individual,Kaylin,Villarreal,6/13/1932,F,Russia,Novosibirsk,Investment,3,No,Website,1932-06-13,94,5,1761669.87,352333.974,595167.57,1095.602,5478.01,4,2024-01-02,2025-01-12,100.0,0.0,Apartment,376,0,0,2,Global Investors,0.7709475726402774,0.8154665333471999
C0135,Individual,Ruben,Melton,03-05-1939,M,USA,Utah,Investment,2,No,Agency,1939-03-05,87,4,1221442.92,305360.73,446236.57,1043.61,4174.4400000000005,3,2024-01-06,2025-01-10,75.0,25.0,Apartment,370,0,0,2,Global Investors,-0.8145714574799943,0.6751242842024185
C0136,Individual,Gianni,Fritz,9/15/1973,M,USA,California,Home,3,No,Website,1973-09-15,52,5,1892554.72,378510.944,550949.39,1244.274,6221.37,5,2025-01-01,2025-01-05,40.0,60.0,Office,4,0,3,0,High-Value / Luxury Investors,1.8726251171053678,-0.6096245264401748
C0137,Individual,Emilie,Morrison,10/29/1957,F,USA,California,Home,3,Yes,Website,1957-10-29,68,4,989750.45,247437.6125,328405.23,855.0699999999999,3420.28,4,2024-01-02,2024-01-12,75.0,25.0,Apartment,10,1,1,1,Home-Focused / First-Time Buyers,-1.815566841071773,-1.028078220730192
C0138,Individual,Crystal,Wyatt,6/30/1939,F,USA,Oregon,Investment,3,Yes,Website,1939-06-30,87,5,1367824.55,273564.91000000003,362755.75,914.412,4572.06,5,2024-01-02,2025-01-11,60.0,40.0,Apartment,375,1,0,2,Global Investors,-0.9902257857909247,0.7891042768124247
C0139,Individual,Annabel,Robles,10/14/1969,F,USA,California,Home,5,Yes,Website,1969-10-14,56,5,1807366.3,361473.26,448450.76,1136.694,5683.47,5,2024-01-03,2025-01-07,100.0,0.0,Apartment,370,1,3,0,High-Value / Luxury Investors,1.3465065750165206,-0.5829860624977404
C0140,Individual,Rachel,Cross,6/18/1952,F,USA,California,Home,3,No,Website,1952-06-18,74,5,1559561.53,311912.306,523923.26,1041.7220000000002,5208.610000000001,5,2024-01-01,2025-01-06,80.0,20.0,Apartment,371,0,1,0,Home-Focused / First-Time Buyers,0.306047823331315,-0.9305220358273348
C0141,Individual,Madalyn,Mercer,6/21/1986,F,USA,California,Home,5,No,Website,1986-06-21,40,5,1765019.09,353003.818,520595.39,1088.806,5444.03,5,2024-01-01,2025-01-10,80.0,20.0,Apartment,375,0,3,0,High-Value / Luxury Investors,1.0713910022939228,-0.571380844685018
C0142,Individual,Michelle,Cameron,06-04-1978,F,USA,Nevada,Home,3,Yes,Website,1978-06-04,48,5,1673770.19,334754.038,479876.57,1149.396,5746.98,5,2024-01-08,2025-01-12,80.0,20.0,Apartment,370,1,3,0,High-Value / Luxury Investors,0.9044755084190694,-0.5834579205343957
C0143,Individual,Ezra,Lozano,2/24/1958,M,USA,California,Home,1,No,Website,1958-02-24,68,8,2389960.3,298745.0375,512659.6,1008.6325,8069.06,8,2024-01-02,2025-01-10,87.5,12.5,Apartment,374,0,3,0,High-Value / Luxury Investors,1.9356877265510755,-0.6500854283716182
C0144,Individual,Ramiro,Oneill,9/29/1954,M,USA,California,Home,4,No,Agency,1954-09-29,71,5,1897739.74,379547.948,564424.34,1206.354,6031.77,5,2024-01-04,2025-01-04,100.0,0.0,Apartment,366,0,3,0,High-Value / Luxury Investors,1.835902599358369,-0.7513733758357893
C0145,Individual,Emely,Watts,11/30/1964,F,USA,California,Home,4,No,Website,1964-11-30,61,5,1746571.55,349314.31,499388.61,1297.3200000000002,6486.6,5,2024-01-01,2025-01-05,80.0,20.0,Apartment,370,0,3,0,High-Value / Luxury Investors,1.5727071538983048,-0.7040018524551651
C0146,Individual,Hazel,Ayers,02-01-1963,M,USA,Colorado,Home,2,No,Website,1963-02-01,63,4,1481536.39,370384.0975,540074.5,1242.6425,4970.57,4,2024-01-01,2024-01-05,100.0,0.0,Apartment,4,0,3,0,High-Value / Luxury Investors,0.969879824683719,-0.8257681093227255
C0147,Individual,Cedric,Goodwin,2/20/1948,M,USA,Utah,Home,4,No,Client,1948-02-20,78,5,1398309.27,279661.854,509124.24,1000.47,5002.35,5,2024-01-02,2025-01-07,60.0,40.0,Apartment,371,0,1,0,Home-Focused / First-Time Buyers,-0.2972288634140988,-1.0119118892722447
C0148,Individual,Dayton,Hatfield,4/19/1969,M,USA,Colorado,Investment,4,Yes,Agency,1969-04-19,57,4,1700383.7,425095.925,597216.83,1413.5925,5654.37,4,2024-01-07,2025-01-07,100.0,0.0,Apartment,366,1,0,2,Global Investors,1.86926606626214,1.2668878585383925
C0149,Individual,Piotr,Aleksandrov,12-02-1955,M,Russia,Krasnodar Krai,Investment,3,No,Agency,1955-12-02,70,4,1049009.0,262252.25,343513.68,906.485,3625.940000000001,4,2024-01-01,2024-01-11,75.0,25.0,Apartment,10,0,0,2,Global Investors,-1.8083827607931622,0.7242297856477543
C0150,Individual,Memphis,Mcconnell,8/25/1968,M,USA,California,Home,2,Yes,Website,1968-08-25,58,4,1846066.58,461516.645,543777.59,1500.95,6003.8,4,2024-01-03,2025-01-04,100.0,0.0,Apartment,367,1,3,0,High-Value / Luxury Investors,2.950706421510859,-0.5126633317481871
C0151,Individual,Arabella,Ferrell,8/17/1976,F,USA,Oregon,Home,1,No,Agency,1976-08-17,50,5,1589086.32,317817.264,537546.81,1123.442,5617.21,5,2024-01-02,2025-01-04,100.0,0.0,Apartment,368,0,3,0,High-Value / Luxury Investors,0.5444529649521715,-0.7402526812313122
C0152,Individual,Sincere,Hansen,1/19/1967,F,USA,California,Investment,2,Yes,Agency,1967-01-19,59,7,2539205.93,362743.7042857143,603518.77,1212.7585714285713,8489.31,6,2024-01-02,2025-01-07,100.0,0.0,Apartment,371,1,3,0,High-Value / Luxury Investors,2.6758079973061606,1.415205430666648
C0153,Individual,Lara,Carrillo,2/24/1983,F,USA,California,Home,5,No,Website,1983-02-24,43,5,1560375.26,312075.052,570549.18,944.032,4720.16,5,2024-01-04,2025-01-12,100.0,0.0,Apartment,374,0,1,0,Home-Focused / First-Time Buyers,0.03951149334389307,-0.6922383380173147
C0154,Individual,Valentina,Simpson,1/24/1965,F,USA,California,Home,4,Yes,Agency,1965-01-24,61,5,2142457.31,428491.462,669332.95,1390.49,6952.45,5,2024-01-02,2025-01-07,60.0,40.0,Apartment,371,1,3,0,High-Value / Luxury Investors,3.0782147168508036,-0.4681670415893071
C0155,Company,Kamd,Co,8/18/1975,M,USA,California,Investment,5,No,Agency,1975-08-18,51,5,1622885.53,324577.106,512459.69,1097.394,5486.97,5,2024-01-02,2025-01-05,80.0,20.0,Apartment,369,0,2,3,Corporate Buyers,0.10557553552731345,6.147315390422531
C0156,Individual,Case,Sanchez,5/26/1966,F,USA,California,Home,5,No,Website,1966-05-26,60,4,1344903.47,336225.8675,409183.72,1102.105,4408.42,4,2024-01-03,2025-01-07,75.0,25.0,Apartment,370,0,1,0,Home-Focused / First-Time Buyers,0.15212011007388054,-0.8506869965128926
C0157,Individual,Van,Charles,5/15/1952,M,USA,Colorado,Home,2,Yes,Client,1952-05-15,74,4,1060400.03,265100.0075,431549.73,830.7675,3323.07,4,2024-01-02,2025-01-02,100.0,0.0,Apartment,366,1,1,1,Home-Focused / First-Time Buyers,-1.6303121780978664,-1.0644970452395432
C0158,Individual,Emmy,Singh,12-03-1979,F,USA,Virginia,Investment,3,Yes,Agency,1979-12-03,46,4,1439477.66,359869.415,551363.7,1131.4975,4525.99,4,2024-01-06,2025-01-12,75.0,25.0,Apartment,372,1,0,2,Global Investors,0.1505511100483138,1.1853276178122871
C0159,Individual,Colin,Campos,4/14/1942,M,USA,California,Home,3,No,Website,1942-04-14,84,4,1596507.45,399126.8625,477228.5,1336.7325,5346.93,4,2024-01-01,2025-01-09,100.0,0.0,Apartment,374,0,3,0,High-Value / Luxury Investors,1.6822513478394083,-0.9144172106522682
C0160,Individual,Anya,Stephenson,06-11-1959,F,USA,California,Home,4,No,Website,1959-06-11,67,5,1679716.96,335943.392,514747.26,1144.06,5720.3,5,2024-01-05,2025-01-09,60.0,40.0,Apartment,370,0,3,0,High-Value / Luxury Investors,0.9660890975769928,-0.8049752748339019
C0161,Individual,Parker,Poole,11-10-1951,M,USA,California,Home,5,No,Website,1951-11-10,74,9,2534264.26,281584.91777777777,411233.36,939.4144444444444,8454.73,7,2024-01-01,2025-01-04,88.88888888888889,11.11111111111111,Apartment,369,0,3,0,High-Value / Luxury Investors,2.1058626633281765,-0.6140738057248974
C0162,Individual,Ivan,Bright,9/15/1953,M,USA,California,Home,4,No,Website,1953-09-15,73,4,1135363.52,283840.88,434121.6,983.24,3932.96,4,2024-01-09,2025-01-12,75.0,25.0,Apartment,369,0,1,1,Home-Focused / First-Time Buyers,-0.9165459146671807,-1.0625397279598623
C0163,Individual,Larry,Turner,3/24/1986,M,USA,Utah,Investment,5,Yes,Agency,1986-03-24,40,4,1506594.21,376648.5525,472632.31,1307.32,5229.28,4,2025-01-01,2025-01-11,75.0,25.0,Apartment,10,1,0,2,Global Investors,0.8786229551869557,1.3149637987975595
C0164,Individual,Matthew,Nelson,9/20/1986,M,USA,Arizona,Home,5,No,Website,1986-09-20,39,4,1436152.54,359038.135,513021.02,1196.7975,4787.19,4,2024-01-07,2025-01-09,100.0,0.0,Apartment,368,0,3,0,High-Value / Luxury Investors,0.699069882975707,-0.6360185372724345
C0165,Individual,Mary,Hall,07-11-1956,F,USA,California,Home,3,Yes,Website,1956-07-11,70,3,1276849.33,425616.44333333336,539711.96,1357.1933333333334,4071.58,3,2024-01-05,2025-01-02,100.0,0.0,Apartment,363,1,3,0,High-Value / Luxury Investors,1.235090741129372,-0.7945938930009059
C0166,Individual,Carolyn,Weaver,1/24/1984,F,USA,Arizona,Home,4,Yes,Agency,1984-01-24,42,4,1273643.37,318410.8425,602056.71,1025.3225,4101.29,4,2024-01-06,2025-01-12,100.0,0.0,Apartment,372,1,1,1,Home-Focused / First-Time Buyers,-0.3623670122869994,-0.6784487042796031
C0167,Individual,Grace,Green,02-02-1955,F,UK,Scotland,Home,3,Yes,Website,1955-02-02,71,7,2749577.33,392796.7614285714,535236.81,1320.3814285714286,9242.67,7,2024-01-05,2025-01-11,85.71428571428571,14.285714285714285,Apartment,372,1,3,0,High-Value / Luxury Investors,3.924669068140622,-0.4055972947716529
C0168,Individual,Pamela,Sanders,06-06-1960,F,USA,Nevada,Home,3,No,Agency,1960-06-06,66,4,1491785.87,372946.4675,475258.58,1329.6025,5318.41,4,2024-01-05,2025-01-11,100.0,0.0,Apartment,372,0,3,0,High-Value / Luxury Investors,1.2559530983777603,-0.8156300183911454
C0169,Individual,Terry,Turner,8/13/1990,M,USA,Ohio,Investment,5,Yes,Agency,1990-08-13,36,3,688864.2,229621.4,311647.12,845.8633333333333,2537.59,3,2024-01-04,2025-01-10,33.33333333333333,66.66666666666666,Office,372,1,0,2,Global Investors,-3.0194930221770866,0.9508741830363382
C0170,Individual,Jacob,Jones,6/13/1949,M,USA,California,Home,5,No,Website,1949-06-13,77,3,1161316.17,387105.39,525251.32,1339.746666666667,4019.24,3,2024-01-11,2025-01-08,100.0,0.0,Apartment,363,0,3,0,High-Value / Luxury Investors,0.7448142171429204,-0.9666957419790078
C0171,Individual,Julie,Sanders,05-05-1991,F,USA,Washington,Investment,5,Yes,Client,1991-05-05,35,4,1278753.71,319688.4275,373786.79,1070.72,4282.88,4,2024-01-02,2025-01-07,100.0,0.0,Apartment,371,1,0,2,Global Investors,-0.5750688173329311,1.2197724302168673
C0172,Individual,Catherine,Carter,9/16/1992,F,USA,Washington,Home,1,Yes,Agency,1992-09-16,33,4,1681471.91,420367.9775,484259.13,1572.79,6291.16,4,2024-01-01,2025-01-04,75.0,25.0,Apartment,369,1,3,0,High-Value / Luxury Investors,2.4860972411311013,-0.3752851172519384
C0173,Individual,Amber,Wilson,7/20/1976,F,USA,Arizona,Home,5,Yes,Agency,1976-07-20,50,8,2619968.43,327496.05375,521184.68,1074.5925,8596.74,7,2024-01-01,2025-01-05,100.0,0.0,Apartment,370,1,3,0,High-Value / Luxury Investors,2.733058258688336,-0.305956538438578
C0174,Individual,Rachel,Harris,07-06-1982,F,USA,California,Investment,3,No,Client,1982-07-06,44,3,865359.73,288453.24333333335,386354.65,869.7866666666667,2609.36,3,2024-01-02,2024-01-03,100.0,0.0,Apartment,1,0,0,2,Global Investors,-2.204454034620281,0.8608202174222038
C0175,Individual,Brandon,Alexander,04-05-1962,M,USA,Washington,Home,5,No,Agency,1962-04-05,64,4,1606138.12,401534.53,634424.32,1313.38,5253.52,4,2024-01-02,2025-01-08,50.0,50.0,Apartment,372,0,3,0,High-Value / Luxury Investors,1.6592839546421372,-0.7412439654169127
C0176,Individual,Hannah,Williams,6/27/1993,F,USA,California,Home,2,No,Website,1993-06-27,33,6,2681927.91,446987.985,526217.19,1514.8,9088.8,3,2024-01-04,2025-01-10,100.0,0.0,Apartment,372,0,3,0,High-Value / Luxury Investors,4.521401948604132,-0.1833518862288242
C0177,Individual,Sarah,Hansen,03-05-1951,F,UK,England,Home,5,Yes,Website,1951-03-05,75,7,2269897.21,324271.03,524447.11,1160.9514285714286,8126.66,7,2024-01-04,2025-01-11,85.71428571428571,14.285714285714285,Apartment,373,1,3,0,High-Value / Luxury Investors,2.233856025326617,-0.5853951175613423
C0178,Individual,Laura,Chavez,12/23/1952,F,USA,Virginia,Home,4,No,Agency,1952-12-23,73,7,2665917.96,380845.42285714287,548503.64,1284.9985714285715,8994.99,7,2024-01-06,2025-01-08,71.42857142857143,28.57142857142857,Apartment,368,0,3,0,High-Value / Luxury Investors,3.633560241351919,-0.5287534884706866
C0179,Individual,Ashley,Turner,02-11-1986,F,USA,Oregon,Investment,2,No,Website,1986-02-11,40,8,2131372.11,266421.51375,358234.23,947.545,7580.360000000001,8,2024-01-01,2025-01-12,62.5,37.5,Apartment,377,0,0,0,Global Investors,0.7242171509234919,1.3145702089641562
C0180,Individual,Jacob,Wilson,1/28/1943,M,USA,California,Home,2,Yes,Agency,1943-01-28,83,7,2660292.37,380041.76714285713,542668.47,1249.51,8746.57,7,2024-01-01,2025-01-08,85.71428571428571,14.285714285714285,Apartment,373,1,3,0,High-Value / Luxury Investors,3.4962694588862213,-0.5489571844314605
C0181,Individual,Lawrence,Peterson,4/26/1970,M,USA,Texas,Home,2,Yes,Website,1970-04-26,56,7,2047189.62,292455.66000000003,350173.43,974.1771428571428,6819.24,7,2024-01-01,2025-01-06,85.71428571428571,14.285714285714285,Apartment,371,1,3,0,High-Value / Luxury Investors,1.0560042662411768,-0.574934934626658
C0182,Individual,Virginia,Bennett,12-02-1971,F,Germany,North Rhine-Westphalia,Investment,1,Yes,Website,1971-12-02,54,8,3082362.35,385295.29375,642233.35,1246.94625,9975.57,8,2024-01-01,2025-01-12,100.0,0.0,Apartment,377,1,3,0,High-Value / Luxury Investors,3.9639792228474424,1.6052674696534803
C0183,Individual,Nicholas,Green,9/15/1988,M,USA,Nevada,Home,3,No,Website,1988-09-15,37,7,1883106.92,269015.27428571426,330298.49,907.1042857142857,6349.73,7,2024-01-08,2025-01-10,100.0,0.0,Apartment,368,0,1,0,Home-Focused / First-Time Buyers,0.42975084511295086,-0.566536008652664
C0184,Individual,Peter,Pierce,1/21/1994,M,USA,Florida,Home,1,No,Website,1994-01-21,32,6,2618938.16,436489.69333333336,575737.82,1481.715,8890.29,5,2024-01-07,2025-01-11,100.0,0.0,Apartment,370,0,3,0,High-Value / Luxury Investors,4.231533280074783,-0.2123911539341124
C0185,Individual,Andrea,Nelson,07-02-1945,F,USA,Nevada,Home,4,Yes,Agency,1945-07-02,81,7,2491911.81,355987.40142857144,559547.45,1137.2942857142857,7961.059999999999,7,2024-01-04,2025-01-08,100.0,0.0,Apartment,370,1,3,0,High-Value / Luxury Investors,2.7722583581932776,-0.5843454703402741
C0186,Individual,Carol,Green,04-02-1982,F,USA,Virginia,Home,1,No,Website,1982-04-02,44,8,2674286.63,334285.82875,535134.61,1100.27125,8802.17,5,2024-01-06,2025-01-09,100.0,0.0,Apartment,369,0,3,0,High-Value / Luxury Investors,2.8750997439673665,-0.3692279154014109
C0187,Individual,Cheryl,Kim,1/17/1990,F,USA,Florida,Home,1,No,Website,1990-01-17,36,6,2066651.14,344441.8566666667,535002.72,1135.37,6812.219999999999,5,2024-01-03,2025-01-12,66.66666666666666,33.33333333333333,Apartment,375,0,3,0,High-Value / Luxury Investors,1.709830533231175,-0.48407519009852984
C0188,Individual,Jose,Martin,10-08-1940,M,USA,Oregon,Home,5,Yes,Website,1940-10-08,85,7,2891447.6,413063.9428571429,615305.89,1263.962857142857,8847.74,7,2024-01-08,2025-01-12,71.42857142857143,28.57142857142857,Apartment,370,1,3,0,High-Value / Luxury Investors,4.220587418992379,-0.4638773783998602
C0189,Individual,Anna,Adams,12-11-1958,F,USA,California,Home,2,No,Agency,1958-12-11,67,7,2209659.42,315665.6314285714,631227.87,1024.6857142857143,7172.8,7,2024-01-07,2025-01-03,85.71428571428571,14.285714285714285,Apartment,362,0,3,0,High-Value / Luxury Investors,1.6604541290509995,-0.689505632857148
C0190,Individual,Karen,Johnson,10/19/1971,F,USA,California,Home,2,No,Website,1971-10-19,54,7,2276701.17,325243.02428571426,518963.51,1049.1542857142856,7344.08,7,2024-01-02,2025-01-08,85.71428571428571,14.285714285714285,Apartment,372,0,3,0,High-Value / Luxury Investors,1.8882173007779426,-0.565441799926105
C0191,Individual,Sarah,Turner,05-06-1977,F,USA,Florida,Home,3,No,Agency,1977-05-06,49,8,2172926.76,271615.84500000003,374700.13,913.85125,7310.809999999999,6,2024-01-01,2025-01-08,62.5,37.5,Apartment,373,0,3,0,High-Value / Luxury Investors,1.1303989007318922,-0.5621565438310906
C0192,Individual,Margaret,Moore,02-04-1984,F,Belgium,Brussels,Investment,2,Yes,Website,1984-02-04,42,7,2900509.1,414358.4428571428,609045.19,1304.7214285714288,9133.05,7,2024-01-02,2025-01-12,71.42857142857143,28.57142857142857,Apartment,376,1,3,0,High-Value / Luxury Investors,3.8798128432803813,1.6678983220199797
C0193,Individual,Sharon,Campbell,08-09-1968,F,USA,California,Investment,4,Yes,Website,1968-08-09,58,7,1933778.24,276254.03428571427,525419.08,962.7214285714286,6739.05,7,2024-01-04,2025-01-10,57.14285714285714,42.85714285714285,Apartment,372,1,0,0,Global Investors,0.3960252661823843,1.218555900496046
C0194,Individual,Jonathan,Hall,8/18/1953,M,France,Ile-de-France,Home,5,Yes,Website,1953-08-18,73,7,2759372.27,394196.03857142857,610038.08,1237.292857142857,8661.05,7,2024-01-07,2025-01-10,71.42857142857143,28.57142857142857,Apartment,369,1,3,0,High-Value / Luxury Investors,3.770856074003695,-0.41493747706512657
C0195,Individual,Sean,Jones,6/19/1947,M,USA,California,Home,2,Yes,Website,1947-06-19,79,7,2102233.85,300319.12142857147,486957.94,1029.2714285714285,7204.9,7,2024-01-01,2025-01-12,71.42857142857143,28.57142857142857,Apartment,377,1,3,0,High-Value / Luxury Investors,1.3859201826360596,-0.7239548232773177
C0196,Individual,Alexander,Adams,4/22/1957,M,USA,Nevada,Investment,5,No,Agency,1957-04-22,69,6,2611736.44,435289.4066666667,605691.78,1411.9466666666667,8471.68,6,2024-01-02,2025-01-09,100.0,0.0,Apartment,373,0,3,2,High-Value / Luxury Investors,3.7954627222255013,1.3510005166576524
C0197,Individual,Kevin,Wright,07-01-1944,M,USA,Virginia,Home,4,No,Client,1944-07-01,82,8,2775768.6,346971.075,590525.42,1082.87,8662.96,5,2024-01-04,2025-01-11,100.0,0.0,Apartment,373,0,3,0,High-Value / Luxury Investors,3.200811625557701,-0.6054040616398512
C0198,Individual,Michelle,White,1/28/1976,F,USA,California,Home,4,No,Website,1976-01-28,50,8,2399689.67,299961.20875,510536.52,997.5475,7980.38,7,2024-01-02,2025-01-10,100.0,0.0,Apartment,374,0,3,0,High-Value / Luxury Investors,1.9549145702898547,-0.4798362015468389
C0199,Individual,Ryan,Brown,4/13/1958,M,USA,California,Home,3,No,Agency,1958-04-13,68,7,2582959.87,368994.26714285713,596863.29,1162.7385714285715,8139.17,7,2024-01-02,2025-01-12,85.71428571428571,14.285714285714285,Apartment,376,0,3,0,High-Value / Luxury Investors,3.0621442284256886,-0.5509708996918258
C0200,Individual,Linda,Harris,05-06-1944,F,USA,California,Home,1,No,Agency,1944-05-06,82,4,1071359.39,267839.84750000003,410486.46,920.7075,3682.83,4,2024-01-01,2024-01-11,100.0,0.0,Apartment,10,0,1,1,Home-Focused / First-Time Buyers,-1.3492347697958418,-1.2001522938929627
C0201,Individual,Lauren,Weaver,2/13/1968,F,USA,California,Home,1,No,Agency,1968-02-13,58,4,1298787.54,324696.885,402705.53,1147.435,4589.74,4,2024-01-01,2025-01-02,75.0,25.0,Apartment,367,0,1,0,Home-Focused / First-Time Buyers,0.0329125825512902,-0.8846553691849569
C0202,Individual,Jack,Reyes,11-11-1996,M,Canada,British Columbia,Home,1,No,Website,1996-11-11,29,3,1019272.59,339757.53,446358.88,1049.38,3148.14,3,2024-01-05,2025-01-06,66.66666666666666,33.33333333333333,Apartment,367,0,1,1,Home-Focused / First-Time Buyers,-0.7694662412713773,-0.763607483453892
C0203,Individual,Christine,Brooks,5/18/1956,F,USA,California,Home,4,No,Client,1956-05-18,70,4,1242478.83,310619.7075,596471.37,916.0375,3664.15,4,2024-01-01,2025-01-02,100.0,0.0,Apartment,367,0,1,1,Home-Focused / First-Time Buyers,-0.7080131817842695,-1.015379561368568
C0204,Individual,Joyce,Pierce,01-10-1947,F,USA,California,Home,5,No,Agency,1947-01-10,79,3,934432.98,311477.66,354252.16,1042.7266666666667,3128.18,3,2024-01-12,2025-01-06,66.66666666666666,33.33333333333333,Apartment,360,0,1,1,Home-Focused / First-Time Buyers,-1.0102102504866894,-1.1421527271043594
C0205,Individual,Kelly,Nelson,8/26/1968,F,Mexico,Puebla,Home,1,Yes,Agency,1968-08-26,58,3,949224.48,316408.16,390197.22,1072.7266666666667,3218.1800000000003,3,2024-01-08,2025-01-12,66.66666666666666,33.33333333333333,Apartment,370,1,1,1,Home-Focused / First-Time Buyers,-0.9777552653963825,-0.9236283475258391
C0206,Individual,Nancy,Roberts,05-08-1957,F,USA,California,Home,1,Yes,Agency,1957-05-08,69,3,853060.9299999999,284353.6433333333,378709.68,851.4266666666667,2554.28,3,2024-01-01,2025-01-06,100.0,0.0,Apartment,371,1,1,1,Home-Focused / First-Time Buyers,-1.955696206651363,-1.09659316569099
C0207,Individual,Kyle,Gray,11/19/1944,M,USA,Virginia,Investment,4,No,Website,1944-11-19,81,3,889948.76,296649.58666666667,533390.74,1104.51,3313.53,3,2024-01-01,2024-01-10,100.0,0.0,Apartment,9,0,0,2,Global Investors,-1.4109027752867545,0.6486773624575188
C0208,Individual,Mark,James,3/26/1986,M,France,Provence,Home,4,Yes,Agency,1986-03-26,40,4,1199654.38,299913.595,528026.75,997.41,3989.64,4,2024-01-02,2025-01-02,75.0,25.0,Apartment,366,1,1,1,Home-Focused / First-Time Buyers,-0.707050030262127,-0.6958729839907388
C0209,Individual,Kyle,Moore,8/22/1949,M,USA,Arizona,Investment,3,No,Agency,1949-08-22,77,4,979868.13,244967.0325,277921.61,794.1275,3176.51,4,2024-01-04,2025-01-11,75.0,25.0,Apartment,373,0,0,2,Global Investors,-2.342623039843278,0.6211791252821653
C0210,Individual,Janice,Price,3/24/1943,F,USA,Colorado,Home,2,No,Website,1943-03-24,83,4,1346156.55,336539.1375,567823.18,1135.53,4542.12,4,2024-01-03,2025-01-10,100.0,0.0,Apartment,373,0,1,0,Home-Focused / First-Time Buyers,0.2286981767997514,-1.0513937434082357
C0211,Individual,Amy,Evans,2/23/1972,F,USA,California,Home,3,No,Agency,1972-02-23,54,4,1254240.07,313560.0175,514096.93,1053.27,4213.08,4,2024-01-06,2025-01-10,75.0,25.0,Apartment,370,0,1,0,Home-Focused / First-Time Buyers,-0.34757770617393247,-0.8692067743094491
C0212,Individual,Jacob,Wood,3/23/1956,M,USA,California,Home,4,No,Agency,1956-03-23,70,3,1068278.76,356092.92,408993.51,1224.68,3674.04,3,2024-01-01,2025-01-02,100.0,0.0,Apartment,367,0,1,1,Home-Focused / First-Time Buyers,0.013993118466144185,-0.9877824814990134
C0213,Individual,Jason,Gray,10/23/1976,M,USA,Florida,Investment,5,No,Agency,1976-10-23,49,3,809691.13,269897.04333333333,361389.54,897.3100000000001,2691.9300000000003,3,2024-01-05,2025-01-08,66.66666666666666,33.33333333333333,Apartment,369,0,0,2,Global Investors,-2.3319251332027164,0.8261535137276698
C0214,Individual,Helen,Wood,7/18/1946,F,Belgium,Brussels,Investment,5,No,Website,1946-07-18,80,3,1070534.64,356844.88000000006,481085.34,1179.5233333333333,3538.57,3,2024-01-03,2025-01-10,100.0,0.0,Apartment,373,0,0,2,Global Investors,-0.4184453891837103,0.7594380958204562
C0215,Individual,Lauren,Foster,07-11-1999,F,Germany,Hamburg,Investment,4,No,Website,1999-07-11,27,3,1032856.46,344285.48666666663,501616.65,1110.27,3330.81,3,2024-01-04,2024-01-06,100.0,0.0,Apartment,2,0,0,2,Global Investors,-0.8601791310234264,1.1247201632993726
C0216,Individual,Albert,Hansen,7/19/1999,M,USA,Utah,Home,1,No,Website,1999-07-19,27,4,1352642.34,338160.585,392569.11,1063.04,4252.16,4,2024-01-03,2025-01-10,75.0,25.0,Apartment,373,0,1,0,Home-Focused / First-Time Buyers,-0.03959005378457531,-0.6455421323855978
C0217,Individual,Deborah,Miller,07-11-1984,F,USA,Colorado,Home,3,No,Website,1984-07-11,42,4,1238434.91,309608.7275,512052.93,1019.1225,4076.49,4,2024-01-02,2025-01-10,100.0,0.0,Apartment,374,0,1,0,Home-Focused / First-Time Buyers,-0.5125787779284756,-0.790207340123377
C0218,Individual,Shirley,Anderson,1/24/1970,F,USA,California,Home,2,No,Website,1970-01-24,56,3,836639.27,278879.75666666665,371174.41,913.67,2741.01,3,2024-01-05,2025-01-10,66.66666666666666,33.33333333333333,Apartment,371,0,1,1,Home-Focused / First-Time Buyers,-1.856243292044353,-1.0667089965037837
C0219,Individual,William,Turner,1/20/1988,M,USA,California,Home,4,No,Website,1988-01-20,38,4,1267653.57,316913.3925,639093.49,1035.1925,4140.77,4,2024-01-02,2025-01-12,75.0,25.0,Apartment,376,0,1,0,Home-Focused / First-Time Buyers,-0.35373870490723786,-0.7348472871796746
C0220,Individual,Walter,Phillips,06-06-1951,M,Canada,Ontario,Investment,1,No,Website,1951-06-06,75,3,1060812.68,353604.2266666666,521703.52,1101.55,3304.65,3,2024-01-01,2025-01-02,100.0,0.0,Apartment,367,0,0,2,Global Investors,-0.7393686572135191,0.7343361565955457
C0221,Company,Atlas,Co,5/14/1987,F,USA,California,Home,5,No,Website,1987-05-14,39,4,1377133.6,344283.4,538973.07,1186.5225,4746.09,4,2024-01-11,2025-01-10,100.0,0.0,Apartment,365,0,2,3,Corporate Buyers,0.2658666272078026,4.365674776076927
C0222,Individual,Christopher,Stone,11-08-1956,M,USA,Utah,Investment,3,No,Agency,1956-11-08,69,3,1223560.82,407853.6066666667,421263.63,1517.47,4552.41,3,2024-01-06,2025-01-01,100.0,0.0,Apartment,361,0,0,2,Global Investors,1.0768614185486474,0.9604330277067926
C0223,Individual,Patrick,Hansen,11-12-1973,M,USA,Colorado,Investment,3,Yes,Website,1973-11-12,52,4,969341.87,242335.4675,304478.01,837.5225,3350.09,4,2024-01-03,2025-01-07,100.0,0.0,Apartment,370,1,0,2,Global Investors,-2.3161122501693603,0.9057461584669783
C0224,Individual,Nathan,Richardson,8/23/1960,M,USA,Colorado,Home,5,No,Website,1960-08-23,66,3,1189255.63,396418.5433333333,539103.37,1330.2166666666667,3990.65,3,2024-01-01,2025-01-09,100.0,0.0,Apartment,374,0,3,0,High-Value / Luxury Investors,0.8239363012331374,-0.87253752344778
C0225,Individual,Evelyn,Reyes,12/19/1948,F,USA,California,Home,1,Yes,Agency,1948-12-19,77,4,1120626.94,280156.735,405353.74,905.7525,3623.01,4,2024-01-01,2025-01-12,75.0,25.0,Apartment,377,1,1,1,Home-Focused / First-Time Buyers,-1.2277656749796402,-1.0601411179044307
C0226,Individual,Julia,Jordan,07-11-1958,F,USA,Colorado,Home,2,No,Website,1958-07-11,68,3,1571251.03,523750.3433333333,675765.41,1599.3433333333332,4798.03,3,2024-01-05,2025-01-05,100.0,0.0,Apartment,366,0,3,0,High-Value / Luxury Investors,3.132407858049922,-0.7002280957586946
C0227,Individual,Rachel,Evans,10/23/1944,F,USA,Arizona,Home,5,Yes,Website,1944-10-23,81,3,942245.37,314081.79,499753.6,1104.51,3313.53,3,2024-01-01,2025-01-10,100.0,0.0,Apartment,375,1,1,1,Home-Focused / First-Time Buyers,-0.8224260688062189,-1.0537442860625799
C0228,Individual,Hannah,Owens,4/23/1952,F,USA,Oregon,Investment,4,No,Website,1952-04-23,74,3,606605.72,202201.90666666665,306527.75,610.62,1831.86,3,2024-01-02,2025-01-05,66.66666666666666,33.33333333333333,Apartment,369,0,0,2,Global Investors,-3.9387668334445096,0.47581752269607164
C0229,Individual,Jose,Turner,11/19/1981,M,USA,Colorado,Investment,5,No,Website,1981-11-19,44,3,892220.13,297406.71,355384.51,900.46,2701.38,3,2024-01-03,2025-01-09,100.0,0.0,Apartment,372,0,0,2,Global Investors,-1.9744134544892045,0.9000432442052655
C0230,Company,Forsyte,Co,7/22/1977,M,USA,Nevada,Investment,4,Yes,Website,1977-07-22,49,4,1457429.02,364357.255,567272.16,1104.2925,4417.17,4,2024-01-02,2025-01-08,100.0,0.0,Apartment,372,1,2,3,Corporate Buyers,-0.026090009486912223,6.198751028664352
C0231,Individual,Ronald,Rogers,12/18/1993,M,Denmark,Central Denmark,Investment,2,Yes,Website,1993-12-18,32,3,729893.08,243297.69333333333,367286.05,849.6366666666667,2548.91,3,2024-01-04,2025-01-02,100.0,0.0,Apartment,364,1,0,2,Global Investors,-2.888768722047828,0.96784746168276
C0232,Individual,Megan,Kim,05-04-1962,F,USA,California,Home,3,Yes,Website,1962-05-04,64,4,1276710.4900000002,319177.62250000006,556388.88,1036.6525,4146.61,4,2024-01-01,2025-01-05,100.0,0.0,Apartment,370,1,1,0,Home-Focused / First-Time Buyers,-0.3048716997351306,-0.8543706049201671
C0233,Individual,Larry,Garcia,09-10-1997,M,France,Provence,Home,4,Yes,Website,1997-09-10,28,4,1105806.54,276451.635,427127.89,914.3125,3657.25,4,2024-01-03,2025-01-03,100.0,0.0,Apartment,366,1,1,1,Home-Focused / First-Time Buyers,-1.2834293308287354,-0.6556717163112542
C0234,Individual,Andrea,Hughes,03-02-1979,F,USA,New York,Home,1,Yes,Website,1979-03-02,47,3,839967.04,279989.01333333337,439529.6,973.09,2919.27,3,2025-01-04,2025-01-07,100.0,0.0,Apartment,3,1,1,1,Home-Focused / First-Time Buyers,-1.727634315026157,-0.9068938140418733
C0235,Individual,Kenneth,Allen,10-10-1949,M,USA,California,Home,5,No,Website,1949-10-10,76,4,1268586.58,317146.645,427566.1,1092.085,4368.34,4,2024-01-02,2025-01-12,100.0,0.0,Apartment,376,0,1,1,Home-Focused / First-Time Buyers,-0.1267637339988932,-1.0032369402212584
C0236,Individual,Gerald,Howard,08-10-1972,M,Canada,Manitoba,Home,3,No,Agency,1972-08-10,54,3,1321475.69,440491.89666666667,627817.81,1449.5,4348.5,3,2024-01-07,2024-01-12,33.33333333333333,66.66666666666666,Office,5,0,3,0,High-Value / Luxury Investors,1.6557829247927633,-0.7200259671817659
C0237,Individual,Jason,Nelson,11-03-1984,M,USA,California,Home,5,Yes,Website,1984-11-03,41,3,1392353.31,464117.77,501441.18,1630.1366666666663,4890.41,3,2024-01-08,2025-01-09,100.0,0.0,Apartment,367,1,3,0,High-Value / Luxury Investors,2.4379542333052378,-0.44287445408796067
C0238,Individual,Amber,Patterson,01-08-1982,F,USA,Virginia,Home,4,Yes,Agency,1982-01-08,44,3,1125732.72,375244.24,472802.29,1125.17,3375.51,3,2024-01-05,2024-01-11,100.0,0.0,Apartment,6,1,1,0,Home-Focused / First-Time Buyers,-0.048142364432749746,-0.6984541374243636
C0239,Individual,Megan,Baker,2/18/1973,F,USA,Oregon,Home,3,Yes,Website,1973-02-18,53,4,1352763.67,338190.9175,561242.82,1011.58,4046.32,4,2024-01-09,2025-01-08,50.0,50.0,Apartment,365,1,1,0,Home-Focused / First-Time Buyers,-0.11111215728395632,-0.7478977221080139
C0240,Individual,Amber,Morales,5/15/1942,F,USA,Colorado,Investment,3,No,Website,1942-05-15,84,3,935028.28,311676.0933333333,414273.14,1022.67,3068.01,3,2024-01-09,2025-01-12,33.33333333333333,66.66666666666666,Office,369,0,0,2,Global Investors,-1.4422758615190936,0.6163218142269993
C0241,Individual,Kelly,Anderson,1/14/1962,F,Mexico,Nuevo Leon,Home,5,Yes,Website,1962-01-14,64,3,1025934.71,341978.23666666663,486971.08,1110.27,3330.81,3,2024-01-03,2024-01-12,100.0,0.0,Apartment,9,1,1,1,Home-Focused / First-Time Buyers,-0.4713690021614114,-0.8866916486913927
C0242,Individual,Stephen,Peterson,3/16/1998,M,USA,Utah,Home,3,Yes,Agency,1998-03-16,28,4,1358315.73,339578.9325,478633.51,1191.1025,4764.41,4,2024-01-02,2025-01-07,75.0,25.0,Apartment,371,1,1,0,Home-Focused / First-Time Buyers,0.34049917251447204,-0.5151034186319354
C0243,Individual,Nancy,Patterson,07-11-1978,F,USA,Utah,Home,2,No,Website,1978-07-11,48,4,1382777.89,345694.47250000003,497893.52,1286.2725,5145.09,4,2024-01-02,2025-01-07,100.0,0.0,Apartment,371,0,3,0,High-Value / Luxury Investors,0.7025790846033438,-0.7368554377859007
C0244,Individual,Joyce,Pierce,08-03-1998,F,USA,California,Home,1,No,Website,1998-08-03,28,3,1046652.28,348884.0933333333,540440.51,1095.0333333333335,3285.1000000000004,3,2025-01-05,2025-01-08,33.33333333333333,66.66666666666666,Office,3,0,1,1,Home-Focused / First-Time Buyers,-0.5331719039694839,-0.7344851930197471
C0245,Individual,Sean,Long,01-07-1974,M,USA,Nevada,Investment,4,No,Agency,1974-01-07,52,3,1354584.5,451528.1666666667,648020.11,1439.256666666667,4317.77,3,2024-01-03,2025-01-12,100.0,0.0,Apartment,375,0,0,2,Global Investors,1.4297915660845637,1.1398876773220488
C0246,Individual,Stephen,Pierce,5/15/1992,M,France,Normandy,Home,1,Yes,Agency,1992-05-15,34,3,1024485.26,341495.08666666667,369524.95,1117.9399999999998,3353.82,3,2025-01-03,2025-01-07,66.66666666666666,33.33333333333333,Apartment,4,1,1,0,Home-Focused / First-Time Buyers,-0.5706239138857834,-0.6978547863437544
C0247,Individual,Kevin,Morris,1/18/1965,M,USA,California,Home,1,No,Website,1965-01-18,61,4,1696540.52,424135.13,553756.62,1458.93,5835.72,4,2024-01-12,2025-01-07,100.0,0.0,Apartment,361,0,3,0,High-Value / Luxury Investors,2.2963368958063515,-0.6965060503696523
C0248,Individual,Carl,Collins,12-09-1968,M,USA,Florida,Home,4,Yes,Agency,1968-12-09,57,3,1035934.63,345311.54333333333,371257.45,1224.68,3674.04,3,2024-01-02,2024-01-09,66.66666666666666,33.33333333333333,Apartment,7,1,1,0,Home-Focused / First-Time Buyers,-0.15636116856473073,-0.8145730877558993
C0249,Individual,Stephanie,Montgomery,12-05-1968,F,USA,California,Investment,4,No,Agency,1968-12-05,57,4,1142995.52,285748.88,489564.98,1027.3249999999998,4109.299999999999,4,2024-01-06,2025-01-02,100.0,0.0,Apartment,362,0,0,2,Global Investors,-1.1540755159435878,0.8947680777500773
C0250,Individual,Justin,Stewart,10/19/1947,M,UK,England,Home,2,No,Agency,1947-10-19,78,3,982306.66,327435.55333333334,459717.65,1076.69,3230.07,3,2024-01-01,2025-01-01,100.0,0.0,Apartment,366,0,1,1,Home-Focused / First-Time Buyers,-0.7663425342628555,-1.1387763713062986
C0251,Individual,Janice,Chavez,08-11-1976,F,USA,Utah,Home,5,No,Website,1976-08-11,50,3,463611.95,154537.31666666668,211507.17,564.01,1692.03,3,2024-01-07,2025-01-06,100.0,0.0,Apartment,365,0,1,1,Home-Focused / First-Time Buyers,-4.342683737609015,-1.221980515644748
C0252,Individual,Elizabeth,Rogers,8/23/1953,F,USA,Nevada,Investment,2,No,Website,1953-08-23,73,3,1082221.48,360740.49333333335,527700.01,1209.64,3628.92,3,2024-01-01,2025-01-09,66.66666666666666,33.33333333333333,Apartment,374,0,0,2,Global Investors,-0.3502793103817002,0.792763215176958
C0253,Individual,Betty,Hughes,9/15/1994,F,USA,Virginia,Home,4,No,Website,1994-09-15,31,4,1239226.11,309806.5275,486893.64,1052.8325,4211.33,4,2024-01-02,2024-01-05,100.0,0.0,Apartment,3,0,1,0,Home-Focused / First-Time Buyers,-0.4214802326199352,-0.6875647842921639
C0254,Individual,Rachel,Freeman,7/21/1956,F,USA,Florida,Home,5,No,Website,1956-07-21,70,4,1332152.57,333038.1425,499070.64,1096.3725,4385.49,4,2024-01-04,2025-01-09,100.0,0.0,Apartment,371,0,1,1,Home-Focused / First-Time Buyers,0.10608212402391261,-0.9332916103069302
C0255,Individual,Sara,Jones,02-08-1961,F,UK,England,Investment,3,Yes,Client,1961-02-08,65,4,1689083.06,422270.765,598112.26,1253.3075,5013.23,4,2024-01-01,2025-01-05,100.0,0.0,Apartment,370,1,0,2,Global Investors,1.404354355040534,1.1560504562809644
C0256,Individual,Anthony,Hughes,12-10-1990,M,USA,California,Home,1,Yes,Website,1990-12-10,35,3,1150229.15,383409.7166666666,574185.82,1281.3166666666666,3843.95,3,2024-01-10,2025-01-12,100.0,0.0,Apartment,368,1,1,0,Home-Focused / First-Time Buyers,0.40202639620250163,-0.6170645442963577
C0257,Individual,Nicholas,Kim,10/22/1974,M,USA,California,Home,1,No,Website,1974-10-22,51,3,1145456.23,381818.74333333335,534131.64,1277.84,3833.52,3,2024-01-02,2025-01-05,66.66666666666666,33.33333333333333,Apartment,369,0,3,0,High-Value / Luxury Investors,0.40734878581394,-0.8297183510696104
C0258,Individual,Carl,Murray,4/15/1991,M,UK,Northern Ireland,Home,4,Yes,Agency,1991-04-15,35,3,1001712.37,333904.1233333333,525651.46,1173.1833333333334,3519.55,3,2024-01-08,2025-01-05,100.0,0.0,Apartment,363,1,1,0,Home-Focused / First-Time Buyers,-0.4726047149878405,-0.6713094167115492
C0259,Individual,Emma,Chavez,2/15/1990,F,USA,Oregon,Home,4,No,Website,1990-02-15,36,3,779396.4099999999,259798.8033333333,327070.05,842.68,2528.04,3,2024-01-02,2024-01-11,100.0,0.0,Apartment,9,0,1,1,Home-Focused / First-Time Buyers,-2.2863281984835484,-0.9314941811527914
C0260,Individual,Rebecca,Wood,08-04-1946,F,USA,Nevada,Investment,3,No,Website,1946-08-04,80,4,1057192.79,264298.1975,387130.78,820.9225,3283.69,4,2024-01-09,2025-01-10,50.0,50.0,Apartment,367,0,0,2,Global Investors,-1.9872277323886476,0.6318906042966176
C0261,Company,Celera,Co,5/13/1985,F,USA,Florida,Investment,4,Yes,Website,1985-05-13,41,4,2094623.1,523655.775,553392.84,1676.3825,6705.53,4,2024-01-08,2025-01-10,75.0,25.0,Apartment,368,1,2,3,Corporate Buyers,3.7715074051579816,6.614291634815834
C0262,Individual,Billy,Bryant,5/25/1947,M,USA,Oregon,Home,2,No,Website,1947-05-25,79,3,1233260.4,411086.8,507625.15,1359.24,4077.72,3,2024-01-11,2025-01-06,100.0,0.0,Apartment,361,0,3,0,High-Value / Luxury Investors,1.0595007284970763,-0.9793232803061401
C0263,Individual,Anthony,Garcia,08-02-1981,M,USA,Nevada,Investment,2,Yes,Website,1981-08-02,45,3,969140.41,323046.80333333334,377230.63,1016.7633333333332,3050.29,3,2025-01-01,2025-01-11,100.0,0.0,Apartment,10,1,0,2,Global Investors,-1.3971639251347816,1.0052434013955276
C0264,Individual,Melissa,Baker,09-12-1992,F,USA,Colorado,Home,2,Yes,Agency,1992-09-12,33,4,1127766.02,281941.505,343865.15,972.245,3888.98,4,2024-01-01,2025-01-03,75.0,25.0,Apartment,368,1,1,1,Home-Focused / First-Time Buyers,-1.0781949406561406,-0.6948062048306419
C0265,Company,Celera,Co,4/13/1967,M,Belgium,Flanders,Home,1,No,Website,1967-04-13,59,4,1708031.99,427007.9975,629727.03,1293.0725,5172.29,4,2024-01-05,2025-01-11,75.0,25.0,Apartment,372,0,2,3,Corporate Buyers,1.709118555135959,4.3122991426251644
C0266,Individual,Aaron,Owens,2/26/1977,M,USA,California,Home,5,Yes,Agency,1977-02-26,49,3,931646.38,310548.79333333333,423535.41,1078.7866666666666,3236.36,3,2024-01-02,2025-01-04,66.66666666666666,33.33333333333333,Apartment,368,1,1,1,Home-Focused / First-Time Buyers,-0.9843447998045031,-0.8181702917668806
C0267,Individual,Judy,Howard,11-12-1948,F,USA,Utah,Home,4,Yes,Agency,1948-11-12,77,4,1314495.01,328623.7525,426946.49,1096.12,4384.48,4,2024-01-04,2025-01-11,100.0,0.0,Apartment,373,1,1,0,Home-Focused / First-Time Buyers,0.024506736630411818,-0.916999087636237
C0268,Individual,Danielle,Carter,2/21/1959,F,USA,Georgia,Investment,3,No,Website,1959-02-21,67,4,1108939.86,277234.965,425894.16,900.39,3601.56,4,2024-01-02,2024-01-11,75.0,25.0,Apartment,9,0,0,2,Global Investors,-1.6113171924473695,0.7675854353044785
C0269,Individual,David,Stewart,02-04-1969,M,USA,New York,Home,2,No,Agency,1969-02-04,57,3,1049110.08,349703.36000000004,536079.52,1076.69,3230.07,3,2024-01-09,2025-01-12,66.66666666666666,33.33333333333333,Apartment,369,0,1,1,Home-Focused / First-Time Buyers,-0.5094749995373798,-0.9493954206545268
C0270,Individual,Megan,Allen,7/21/1944,F,USA,Florida,Home,5,No,Website,1944-07-21,82,3,924009.9,308003.3,389694.82,983.4266666666668,2950.28,3,2024-01-11,2025-01-08,66.66666666666666,33.33333333333333,Apartment,363,0,1,1,Home-Focused / First-Time Buyers,-1.2058214152202407,-1.182427110577301
C0271,Individual,Laura,Hughes,4/28/1972,F,USA,California,Investment,3,No,Agency,1972-04-28,54,4,1295689.37,323922.3425,479460.4,1024.3375,4097.35,4,2024-01-04,2025-01-12,50.0,50.0,Apartment,374,0,0,2,Global Investors,-0.6289242434038096,0.9616859738259529
C0272,Individual,Pamela,Green,08-03-1993,F,UK,Scotland,Home,5,Yes,Website,1993-08-03,33,4,1439584.37,359896.0925,535120.87,1248.58,4994.32,4,2024-01-01,2025-01-07,100.0,0.0,Apartment,372,1,3,0,High-Value / Luxury Investors,0.8271699402446084,-0.49042915519155117
C0273,Individual,Paul,Morales,2/27/1987,M,Denmark,Zealand,Investment,2,No,Website,1987-02-27,39,3,682452.64,227484.21333333332,341971.22,801.46,2404.38,3,2024-01-02,2025-01-07,100.0,0.0,Apartment,371,0,0,2,Global Investors,-3.198608896531323,0.7965825537638502
C0274,Individual,Raymond,Young,10-01-1950,M,USA,Florida,Home,2,No,Website,1950-10-01,75,3,1343449.34,447816.4466666667,623754.36,1467.89,4403.67,3,2024-01-01,2024-01-07,100.0,0.0,Apartment,6,0,3,0,High-Value / Luxury Investors,1.8141099111928118,-0.8785771286234219
C0275,Individual,William,Thompson,6/26/2000,M,USA,Oregon,Home,1,Yes,Website,2000-06-26,26,4,1237500.3,309375.075,394827.74,1177.3375,4709.35,4,2024-01-06,2025-01-12,75.0,25.0,Apartment,372,1,1,1,Home-Focused / First-Time Buyers,-0.17083503880314208,-0.5676191293315247
C0276,Individual,Gloria,Harris,2/16/1953,F,USA,Washington,Home,5,No,Website,1953-02-16,73,3,1011195.98,337065.32666666666,419401.36,1164.9766666666667,3494.9300000000003,3,2024-01-01,2025-01-02,100.0,0.0,Apartment,367,0,1,1,Home-Focused / First-Time Buyers,-0.36762799111528566,-1.0372150030192029
C0277,Individual,Jordan,Garcia,11/17/1954,M,USA,Colorado,Investment,1,Yes,Agency,1954-11-17,71,3,1123449.53,374483.1766666667,510899.59,1286.4266666666667,3859.28,3,2024-01-09,2025-01-12,100.0,0.0,Apartment,369,1,0,2,Global Investors,-0.0016696090949816177,0.9186065163444708
C0278,Individual,Margaret,Foster,08-03-1955,F,USA,California,Investment,2,Yes,Website,1955-08-03,71,3,1442538.67,480846.2233333333,598158.07,1685.2766666666666,5055.83,3,2024-01-05,2024-01-11,100.0,0.0,Apartment,6,1,0,2,Global Investors,2.4383322796782125,1.150309531315067
C0279,Individual,Heather,Montgomery,5/15/1967,F,USA,Oregon,Home,1,No,Website,1967-05-15,59,3,1012986.25,337662.0833333333,462143.05,1170.3533333333332,3511.06,3,2024-01-02,2024-01-04,100.0,0.0,Apartment,2,0,1,1,Home-Focused / First-Time Buyers,-0.43447207283080896,-0.9703180827251536
C0280,Individual,Nathan,Price,4/14/1944,M,USA,Florida,Home,4,No,Client,1944-04-14,82,4,1282020.93,320505.2325,473146.44,1154.2525,4617.01,4,2024-01-01,2025-01-04,75.0,25.0,Apartment,369,0,1,1,Home-Focused / First-Time Buyers,0.07694716989371293,-1.0415884242143834
C0281,Individual,Katherine,Phillips,3/22/1977,F,USA,California,Home,1,Yes,Agency,1977-03-22,49,3,1256275.37,418758.4566666667,522943.88,1388.4566666666667,4165.37,3,2024-01-08,2025-01-12,66.66666666666666,33.33333333333333,Apartment,370,1,3,0,High-Value / Luxury Investors,1.1622199039381642,-0.656555438901085
C0282,Individual,Emily,Owens,10/18/1997,F,USA,California,Investment,1,No,Website,1997-10-18,28,4,973863.8,243465.95,315993.38,858.9825,3435.93,4,2024-01-01,2025-01-07,75.0,25.0,Apartment,372,0,0,2,Global Investors,-2.3031537413787597,0.9879276063934366
C0283,Individual,Susan,Edwards,05-12-1962,F,USA,Arizona,Home,2,Yes,Agency,1962-05-12,64,4,1118599.47,279649.8675,503401.23,922.54,3690.16,4,2024-01-01,2025-01-07,75.0,25.0,Apartment,372,1,1,1,Home-Focused / First-Time Buyers,-1.1942147159659038,-0.9468321358675742
C0284,Individual,Patrick,Owens,2/25/1977,M,USA,Arizona,Home,4,No,Client,1977-02-25,49,4,1251975.85,312993.9625,452041.67,994.0725,3976.29,4,2024-01-08,2025-01-04,100.0,0.0,Apartment,362,0,1,0,Home-Focused / First-Time Buyers,-0.5014410664398629,-0.8338523311062904
C0285,Individual,Billy,Parker,03-09-1999,M,France,Ile-de-France,Investment,3,No,Website,1999-03-09,27,4,1679056.13,419764.0325,575785.08,1423.1725,5692.69,4,2024-01-07,2025-01-08,100.0,0.0,Apartment,367,0,0,2,Global Investors,1.7649769362024494,1.393831890047469
C0286,Individual,Noah,Brooks,3/24/1996,M,UK,Scotland,Home,1,No,Agency,1996-03-24,30,3,859353.0900000001,286451.03,335095.0,988.6033333333334,2965.81,3,2024-01-09,2025-01-08,100.0,0.0,Apartment,365,0,1,1,Home-Focused / First-Time Buyers,-1.6184877245308942,-0.8519412208619604
C0287,Individual,Joan,Bell,06-10-1990,F,Australia,New South Wales,Home,5,No,Website,1990-06-10,36,3,1171265.03,390421.6766666667,483565.19,1205.9633333333334,3617.89,3,2024-01-09,2025-01-08,66.66666666666666,33.33333333333333,Apartment,365,0,1,0,Home-Focused / First-Time Buyers,0.3753768902708797,-0.6767829983868803
C0288,Individual,Kevin,Freeman,11-03-1997,M,USA,Colorado,Investment,4,No,Agency,1997-11-03,28,4,1364289.23,341072.3075,556972.3,1198.3725,4793.49,4,2024-01-02,2025-01-06,100.0,0.0,Apartment,370,0,0,2,Global Investors,0.05253300040566516,1.2343628750735125
C0289,Individual,Laura,Hayes,6/14/1993,F,USA,California,Investment,5,No,Agency,1993-06-14,33,4,1533862.35,383465.5875,465791.79,1200.2725,4801.09,4,2024-01-01,2025-01-09,75.0,25.0,Apartment,374,0,0,2,Global Investors,0.6975998115931735,1.2682733571561375
C0290,Individual,Ryan,Watson,01-01-1962,M,USA,California,Home,2,No,Website,1962-01-01,64,3,1215398.18,405132.7266666666,618068.19,1337.1733333333334,4011.52,3,2024-01-01,2025-01-05,66.66666666666666,33.33333333333333,Apartment,370,0,3,0,High-Value / Luxury Investors,0.901661188923184,-0.8765081363385757
C0291,Individual,James,Bryant,07-06-1953,M,USA,Nevada,Home,2,No,Agency,1953-07-06,73,3,1322506.76,440835.5866666666,578696.13,1523.6933333333334,4571.08,3,2024-01-02,2025-01-12,100.0,0.0,Apartment,376,0,3,0,High-Value / Luxury Investors,1.8664588569955585,-0.8599729983573283
C0292,Individual,Karen,Watson,12-02-1945,F,USA,California,Home,1,No,Agency,1945-12-02,80,4,1442818.34,360704.585,562572.19,1084.0625,4336.25,4,2024-01-06,2025-01-07,100.0,0.0,Apartment,367,0,3,0,High-Value / Luxury Investors,0.42361169605983623,-1.015221090409081
C0293,Individual,Ruth,Collins,07-01-1993,F,USA,California,Investment,4,No,Website,1993-07-01,33,4,1580876.65,395219.1625,555343.32,1299.3275,5197.31,4,2024-01-03,2025-01-08,100.0,0.0,Apartment,371,0,0,2,Global Investors,1.110562188394594,1.2960986180008631
C0294,Individual,Nicholas,Reyes,7/17/1963,M,USA,Nevada,Home,3,Yes,Website,1963-07-17,63,4,1027250.91,256812.7275,483003.01,825.1324999999999,3300.53,4,2024-01-01,2025-01-02,75.0,25.0,Apartment,367,1,1,1,Home-Focused / First-Time Buyers,-1.765351302955502,-0.9826400358187934
C0295,Individual,Roger,Harris,09-07-1967,M,Russia,Tatarstan,Home,3,No,Agency,1967-09-07,59,3,1350375.73,450125.24333333335,628455.63,1413.8666666666668,4241.6,3,2024-01-11,2025-01-06,100.0,0.0,Apartment,361,0,3,0,High-Value / Luxury Investors,1.6951797198778427,-0.7539285151553933
C0296,Individual,Mark,Young,04-06-1984,M,Canada,Manitoba,Home,1,Yes,Client,1984-04-06,42,3,1142875.46,380958.4866666666,449749.3,1238.0233333333333,3714.07,3,2024-01-02,2025-01-08,100.0,0.0,Apartment,372,1,1,0,Home-Focused / First-Time Buyers,0.2676573946415913,-0.6832779383415816
C0297,Individual,Julia,Murray,11/19/1972,F,UK,Wales,Investment,5,No,Agency,1972-11-19,53,4,1709184.75,427296.1875,549203.19,1422.9925,5691.97,4,2024-01-03,2024-01-08,100.0,0.0,Apartment,5,0,0,2,Global Investors,1.947189324668945,1.2263511104164753
C0298,Individual,Sarah,Patterson,11-10-1972,F,USA,Oregon,Home,3,No,Website,1972-11-10,53,4,1262479.23,315619.8075,565653.37,1069.63,4278.52,4,2024-01-03,2025-01-12,75.0,25.0,Apartment,375,0,1,0,Home-Focused / First-Time Buyers,-0.2763968622929793,-0.8550100626461823
C0299,Individual,Barbara,Davis,05-03-1977,F,UK,Wales,Home,5,No,Agency,1977-05-03,49,4,1177661.76,294415.44,495541.93,948.7575,3795.03,4,2024-01-01,2025-01-02,100.0,0.0,Apartment,367,0,1,0,Home-Focused / First-Time Buyers,-0.8729491772695629,-0.8598953372689856
C0300,Individual,Zachary,Peterson,04-11-1959,M,Canada,Alberta,Home,5,Yes,Website,1959-04-11,67,3,844956.55,281652.18333333335,294620.75,877.9633333333333,2633.89,3,2024-01-08,2025-01-08,100.0,0.0,Apartment,366,1,1,1,Home-Focused / First-Time Buyers,-1.8570809441048957,-1.0364297547594694
C0301,Individual,Lisa,Alexander,03-02-1959,F,USA,Virginia,Home,4,No,Agency,1959-03-02,67,3,1045776.52,348592.17333333334,452486.22,1286.4266666666667,3859.28,3,2024-01-06,2024-01-11,100.0,0.0,Apartment,5,0,1,1,Home-Focused / First-Time Buyers,0.07361836476874152,-0.9608731606970259
C0302,Individual,Maria,Edwards,7/25/1976,F,USA,Utah,Investment,1,No,Agency,1976-07-25,50,4,1654300.33,413575.0825,712128.48,1239.145,4956.58,4,2024-01-07,2025-01-11,50.0,50.0,Apartment,370,0,0,2,Global Investors,1.1951611751035098,1.1472343380917973
C0303,Individual,Betty,Owens,07-10-1957,F,USA,Virginia,Investment,5,Yes,Website,1957-07-10,69,4,1519113.12,379778.28,464094.48,1242.0825,4968.33,4,2024-01-10,2025-01-03,75.0,25.0,Apartment,359,1,0,2,Global Investors,0.7976553812288044,1.0827573085959639
C0304,Individual,Patrick,Morris,12/22/1959,M,USA,California,Investment,1,No,Agency,1959-12-22,66,4,1685753.28,421438.32,664971.32,1333.5625,5334.25,4,2024-01-08,2025-01-11,100.0,0.0,Apartment,369,0,0,2,Global Investors,1.5807210984907452,1.0562437911553035
C0305,Individual,Emily,Kim,11/22/1995,F,USA,Arizona,Home,1,No,Website,1995-11-22,30,3,1327736.23,442578.74333333335,561574.14,1493.243333333333,4479.73,3,2024-01-12,2025-01-06,66.66666666666666,33.33333333333333,Apartment,360,0,3,0,High-Value / Luxury Investors,1.7270271322055792,-0.5449317787335253
C0306,Individual,Samuel,Foster,04-05-1988,M,USA,California,Home,1,No,Client,1988-04-05,38,4,1399698.79,349924.6975,493102.83,1075.505,4302.02,4,2024-01-03,2025-01-11,75.0,25.0,Apartment,374,0,1,0,Home-Focused / First-Time Buyers,0.1806309975688837,-0.7102747573997787
C0307,Individual,Samuel,Freeman,10/13/1992,M,USA,California,Home,5,Yes,Client,1992-10-13,33,4,1490170.38,372542.595,500020.84,1167.105,4668.42,4,2024-01-03,2025-01-08,75.0,25.0,Apartment,371,1,3,0,High-Value / Luxury Investors,0.797711306361311,-0.48980894587596724
C0308,Individual,Catherine,Roberts,10-10-1972,F,Belgium,Flanders,Investment,4,Yes,Agency,1972-10-10,53,3,1176582.54,392194.18,528227.73,1343.8166666666666,4031.45,3,2024-01-04,2025-01-12,100.0,0.0,Apartment,374,1,0,2,Global Investors,0.40124580272981303,1.1234881181584169
C0309,Individual,Stephanie,Cox,10/15/1957,F,USA,Washington,Home,4,No,Agency,1957-10-15,68,3,1382649.58,460883.19333333336,578028.54,1412.2166666666665,4236.65,3,2024-01-02,2025-01-09,66.66666666666666,33.33333333333333,Apartment,373,0,3,0,High-Value / Luxury Investors,1.8609819441286424,-0.7991259038785639
C0310,Individual,Edward,Weaver,05-02-1992,M,UK,Northern Ireland,Home,3,No,Website,1992-05-02,34,3,1389329.62,463109.87333333335,525344.23,1565.3233333333335,4695.97,3,2024-01-05,2025-01-05,100.0,0.0,Apartment,366,0,3,0,High-Value / Luxury Investors,2.221678184247319,-0.5127815582457284
C0311,Individual,Justin,Anderson,03-09-1952,M,USA,Georgia,Home,2,No,Website,1952-03-09,74,4,1632999.56,408249.89,582311.86,1312.8225,5251.29,4,2024-01-02,2025-01-08,75.0,25.0,Apartment,372,0,3,0,High-Value / Luxury Investors,1.7201222602091526,-0.8402797200934043
C0312,Individual,Zachary,Cooper,1/14/1941,M,USA,Nevada,Home,3,Yes,Website,1941-01-14,85,4,1105668.66,276417.165,363263.79,962.32,3849.28,4,2024-01-05,2025-01-05,100.0,0.0,Apartment,366,1,1,1,Home-Focused / First-Time Buyers,-1.08825888017659,-1.0934518375371756
C0313,Company,Stratos,Co,04-12-1974,M,USA,California,Home,1,No,Agency,1974-04-12,52,3,1091085.9300000002,363695.31000000006,467065.87,1190.3133333333333,3570.94,3,2024-01-08,2025-01-01,66.66666666666666,33.33333333333333,Apartment,359,0,2,3,Corporate Buyers,-0.24724938715427053,4.1459354829117006
C0314,Individual,Andrew,Jones,8/23/1982,M,USA,Washington,Investment,4,No,Agency,1982-08-23,44,3,1040795.02,346931.67333333334,417096.92,1138.4233333333334,3415.27,3,2024-01-07,2024-01-12,66.66666666666666,33.33333333333333,Apartment,5,0,0,2,Global Investors,-0.726283649809187,1.0036845538726895
C0315,Individual,Michael,Phillips,3/18/1987,M,Mexico,Baja California,Investment,5,No,Website,1987-03-18,39,4,1178606.56,294651.64,560474.88,979.6775,3918.71,4,2024-01-07,2025-01-10,75.0,25.0,Apartment,369,0,0,2,Global Investors,-1.1600431493753605,1.0460904448027812
C0316,Individual,Brandon,Martin,4/14/1997,M,UK,Scotland,Investment,4,Yes,Website,1997-04-14,29,4,1792447.27,448111.8175,541632.06,1338.9,5355.599999999999,4,2024-01-01,2025-01-08,75.0,25.0,Apartment,373,1,0,2,Global Investors,1.9654368049208646,1.4988789227091195
C0317,Individual,Amber,Hansen,11/17/1999,F,USA,California,Investment,2,Yes,Website,1999-11-17,26,3,1248444.31,416148.1033333333,518973.54,1451.253333333333,4353.76,3,2024-01-02,2025-01-02,100.0,0.0,Apartment,366,1,0,2,Global Investors,0.9182109786160687,1.3630949643443033
C0318,Individual,Amy,Peterson,3/22/1974,F,Germany,Berlin,Home,5,No,Website,1974-03-22,52,3,871968.67,290656.2233333333,330533.73,927.6066666666666,2782.82,3,2024-01-06,2024-01-10,100.0,0.0,Apartment,4,0,1,1,Home-Focused / First-Time Buyers,-1.6226314074995913,-0.9862150391852145
C0319,Company,Zynex,Co,11-12-1995,F,USA,Texas,Home,5,Yes,Website,1995-11-12,30,4,2061054.65,515263.6625,614698.11,1726.0575,6904.23,4,2024-01-04,2025-01-12,75.0,25.0,Apartment,374,1,2,3,Corporate Buyers,4.135772784852507,4.885792794141918
C0320,Individual,Tyler,Cox,12-01-1984,M,USA,Texas,Home,3,Yes,Client,1984-12-01,41,3,1317732.09,439244.03,569841.56,1465.92,4397.76,3,2024-01-01,2024-01-02,66.66666666666666,33.33333333333333,Apartment,1,1,3,0,High-Value / Luxury Investors,1.6520616445844694,-0.5311887716428204
C0321,Individual,Jesse,Cook,01-12-1992,M,USA,California,Investment,2,No,Agency,1992-01-12,34,4,1701753.71,425438.4275,541634.06,1321.76,5287.04,4,2024-01-03,2025-01-04,100.0,0.0,Apartment,367,0,0,2,Global Investors,1.575966353016995,1.3157076693330116
C0322,Individual,Deborah,Moore,12/25/1996,F,USA,California,Home,2,Yes,Website,1996-12-25,29,3,1347002.93,449000.9766666666,591179.27,1445.2933333333333,4335.88,3,2024-01-06,2025-01-07,66.66666666666666,33.33333333333333,Apartment,367,1,3,0,High-Value / Luxury Investors,1.6895655878994182,-0.4418180298239258
C0323,Individual,Samantha,Hayes,9/16/1975,F,USA,California,Investment,2,Yes,Website,1975-09-16,50,3,1230825.62,410275.2066666667,545057.23,1308.513333333333,3925.54,3,2024-01-07,2025-01-08,66.66666666666666,33.33333333333333,Apartment,367,1,0,2,Global Investors,0.5052519554653532,1.1405162240129525
C0324,Individual,Raymond,Parker,6/14/1993,M,USA,Washington,Home,4,No,Website,1993-06-14,33,3,1147121.25,382373.75,517353.17,1313.16,3939.48,3,2024-01-09,2025-01-06,66.66666666666666,33.33333333333333,Apartment,363,0,3,0,High-Value / Luxury Investors,0.5299620261648191,-0.6513393090443359
C0325,Individual,Maria,Flores,2/24/1983,F,USA,California,Home,5,Yes,Agency,1983-02-24,43,4,1205175.56,301293.89,488081.56,1030.1225,4120.49,4,2024-01-01,2025-01-05,50.0,50.0,Apartment,370,1,1,1,Home-Focused / First-Time Buyers,-0.5800387117001069,-0.6991968940000998
C0326,Individual,Daniel,Reed,05-10-1958,M,USA,Oregon,Investment,4,Yes,Agency,1958-05-10,68,4,1321975.5,330493.875,577426.88,1028.1275,4112.51,4,2024-01-06,2025-01-08,100.0,0.0,Apartment,368,1,0,2,Global Investors,-0.49606005494864286,0.9622403511516443
C0327,Individual,Elizabeth,Ward,07-09-1961,F,UK,Scotland,Home,1,No,Agency,1961-07-09,65,4,1116366.72,279091.68,530962.64,933.355,3733.42,4,2024-01-06,2025-01-12,100.0,0.0,Apartment,372,0,1,1,Home-Focused / First-Time Buyers,-1.1786746604281773,-1.0506676245922286
C0328,Individual,William,Young,10/22/1946,M,USA,California,Home,1,Yes,Client,1946-10-22,79,4,1356560.31,339140.0775,504707.33,1030.21,4120.84,4,2024-01-03,2025-01-10,100.0,0.0,Apartment,373,1,1,0,Home-Focused / First-Time Buyers,-0.04259890010943346,-0.9632975921561876
C0329,Individual,Diane,Morales,10-05-1998,F,Germany,Hesse,Home,3,No,Agency,1998-10-05,27,3,770062.4,256687.46666666667,337233.0,922.6666666666666,2768.0,3,2024-01-03,2025-01-10,100.0,0.0,Apartment,373,0,1,1,Home-Focused / First-Time Buyers,-2.14802127297696,-0.8596422670964892
C0330,Individual,Christian,Richardson,6/21/1975,M,USA,California,Home,1,No,Website,1975-06-21,51,4,1331463.63,332865.9075,453899.37,1146.9925,4587.97,4,2024-01-04,2025-01-06,100.0,0.0,Apartment,368,0,1,0,Home-Focused / First-Time Buyers,0.13971325114905603,-0.8192178861632411
C0331,Individual,Ann,Martin,5/23/1984,F,USA,California,Investment,3,No,Agency,1984-05-23,42,4,1546334.4,386583.6,486548.28,1259.95,5039.8,4,2024-01-03,2025-01-06,75.0,25.0,Apartment,369,0,0,2,Global Investors,0.8790536655865394,1.1953871684072326
C0332,Individual,Christopher,Price,12/15/1989,M,USA,Texas,Investment,3,No,Website,1989-12-15,36,3,1209987.46,403329.1533333333,510194.12,1435.6633333333332,4306.99,3,2024-01-05,2025-01-10,66.66666666666666,33.33333333333333,Apartment,371,0,0,2,Global Investors,0.7538575213844353,1.1902756849818064
C0333,Individual,Helen,Hall,12/23/1955,F,UK,Wales,Home,3,No,Website,1955-12-23,70,3,1118960.06,372986.6866666667,544042.09,1203.39,3610.17,3,2024-01-02,2025-01-04,66.66666666666666,33.33333333333333,Apartment,368,0,1,1,Home-Focused / First-Time Buyers,0.16065109851145193,-0.9816274969338726
C0334,Individual,Andrew,Roberts,08-01-1950,M,USA,Arizona,Investment,3,No,Agency,1950-08-01,76,4,1445655.93,361413.9825,565288.74,1047.99,4191.96,4,2024-01-03,2024-01-12,50.0,50.0,Apartment,9,0,0,2,Global Investors,0.010956908880678065,0.852120426524347
C0335,Individual,Charles,Morris,12/24/1975,M,USA,Arizona,Home,4,No,Website,1975-12-24,50,4,1478341.12,369585.28,593581.03,1190.4075,4761.63,4,2024-01-04,2025-01-10,50.0,50.0,Apartment,372,0,3,0,High-Value / Luxury Investors,0.835473529664992,-0.7172156341939206
C0336,Individual,Karen,Price,11/17/1971,F,USA,California,Investment,5,No,Agency,1971-11-17,54,3,1163690.59,387896.8633333333,627613.85,1226.8766666666668,3680.63,3,2024-01-03,2024-01-12,100.0,0.0,Apartment,9,0,0,2,Global Investors,0.06862139250881953,1.008578764705074
C0337,Individual,Nathan,Alexander,1/27/1942,M,USA,Arizona,Home,3,Yes,Website,1942-01-27,84,3,759310.2,253103.4,405740.25,893.3766666666667,2680.13,3,2024-01-10,2025-01-04,100.0,0.0,Apartment,360,1,1,1,Home-Focused / First-Time Buyers,-2.194868123094614,-1.2209618952021357
C0338,Individual,Patrick,Flores,5/28/1943,M,USA,California,Home,5,Yes,Website,1943-05-28,83,4,1488671.13,372167.7825,539440.64,1227.17,4908.68,4,2024-01-02,2025-01-12,50.0,50.0,Apartment,376,1,3,0,High-Value / Luxury Investors,1.0256284978247043,-0.8611181775288052
C0339,Individual,Keith,King,10-05-1963,M,USA,Utah,Investment,5,No,Agency,1963-10-05,62,4,1548824.23,387206.0575,503290.73,1170.135,4680.54,4,2024-01-02,2025-01-12,100.0,0.0,Apartment,376,0,0,2,Global Investors,0.7173129047045382,1.044554576441877
C0340,Individual,Daniel,Garcia,11/25/1940,M,USA,California,Investment,2,No,Agency,1940-11-25,85,3,1047500.42,349166.80666666664,437506.24,1263.5766666666666,3790.73,3,2024-01-06,2025-01-11,100.0,0.0,Apartment,371,0,0,2,Global Investors,-0.34104869164370244,0.6976890901080806
C0341,Individual,Carl,Chavez,11-10-1982,M,USA,California,Investment,4,No,Agency,1982-11-10,43,4,1679555.42,419888.855,584357.04,1293.0725,5172.29,4,2024-01-03,2025-01-09,100.0,0.0,Apartment,372,0,0,2,Global Investors,1.4677106969892735,1.2536334991476483
C0342,Individual,Kevin,Hughes,8/15/1974,M,USA,California,Investment,2,No,Client,1974-08-15,52,3,1290567.39,430189.13000000006,545582.64,1286.43,3859.29,3,2024-01-07,2025-01-09,100.0,0.0,Apartment,368,0,0,2,Global Investors,0.7195493897473686,1.0585164236710327
C0343,Individual,Joyce,Thompson,6/17/1952,F,USA,California,Home,2,No,Website,1952-06-17,74,4,1630923.97,407730.9925,626989.8,1374.585,5498.34,4,2024-01-02,2025-01-08,100.0,0.0,Apartment,372,0,3,0,High-Value / Luxury Investors,1.8741392508087427,-0.8276472514989435
C0344,Individual,Joshua,Jackson,5/13/1997,M,Canada,British Columbia,Home,2,Yes,Website,1997-05-13,29,4,1276344.68,319086.17,450231.11,1059.9375,4239.75,4,2025-01-04,2025-01-11,100.0,0.0,Apartment,7,1,1,1,Home-Focused / First-Time Buyers,-0.31549173821239734,-0.5914307019287423
C0345,Individual,Stephanie,Hall,9/15/1969,F,USA,New York,Home,4,Yes,Website,1969-09-15,57,3,1339687.25,446562.4166666667,495847.14,1510.3766666666668,4531.13,3,2024-01-03,2025-01-08,66.66666666666666,33.33333333333333,Apartment,371,1,3,0,High-Value / Luxury Investors,1.904516862813348,-0.6244803021104819
C0346,Individual,Amy,Nelson,06-02-1963,F,USA,California,Home,5,No,Agency,1963-06-02,63,3,1174812.86,391604.2866666666,492067.86,1271.67,3815.01,3,2024-01-03,2025-01-05,100.0,0.0,Apartment,368,0,3,0,High-Value / Luxury Investors,0.6037627191997669,-0.8682912238465144
C0347,Individual,Mark,Reyes,5/24/1992,M,USA,Washington,Home,3,Yes,Website,1992-05-24,34,3,1378006.45,459335.4833333333,476814.14,1471.62,4414.860000000001,3,2024-01-05,2025-01-11,33.33333333333333,66.66666666666666,Office,372,1,3,0,High-Value / Luxury Investors,1.9169531767218058,-0.4507871755234445
C0348,Individual,Jack,Pierce,2/13/1982,M,USA,Colorado,Investment,5,Yes,Agency,1982-02-13,44,4,1482633.92,370658.48,571558.04,1246.7075,4986.83,4,2024-01-12,2025-01-10,100.0,0.0,Apartment,364,1,0,2,Global Investors,0.6391887793417879,1.262472769506574
C0349,Individual,Paul,Jackson,6/26/1975,M,USA,Arizona,Home,2,Yes,Agency,1975-06-26,51,3,1065745.84,355248.61333333334,536330.79,1124.5,3373.5,3,2024-01-02,2025-01-09,66.66666666666666,33.33333333333333,Apartment,373,1,1,0,Home-Focused / First-Time Buyers,-0.3322839227377228,-0.7988858346221102
C0350,Individual,Richard,Jones,12-11-1992,M,USA,Arizona,Home,2,No,Agency,1992-12-11,33,3,1066408.3,355469.43333333335,501574.06,1206.2733333333333,3618.82,3,2024-01-07,2025-01-05,66.66666666666666,33.33333333333333,Apartment,364,0,1,1,Home-Focused / First-Time Buyers,-0.13231582709923959,-0.7298026169273167
C0351,Individual,Michelle,Watson,12/27/1961,F,USA,Oregon,Home,5,No,Agency,1961-12-27,64,4,1551113.76,387778.44,536210.24,1260.0625,5040.25,4,2025-01-01,2025-01-11,75.0,25.0,Apartment,10,0,3,0,High-Value / Luxury Investors,1.3200512470113321,-0.7726733428062958
C0352,Individual,Judith,Williams,6/22/1977,F,USA,Nevada,Investment,3,No,Agency,1977-06-22,49,3,1339830.04,446610.01333333337,563932.05,1447.82,4343.46,3,2024-01-03,2024-01-09,100.0,0.0,Apartment,6,0,0,2,Global Investors,1.3669850154870113,1.147922702790804
C0353,Individual,Anna,Murray,4/24/1964,F,USA,Arizona,Home,2,No,Agency,1964-04-24,62,3,889855.16,296618.38666666666,348984.03,980.87,2942.61,3,2024-01-04,2025-01-12,100.0,0.0,Apartment,374,0,1,1,Home-Focused / First-Time Buyers,-1.4411857407652402,-1.0757441947759894
C0354,Individual,Kimberly,Turner,10/23/1998,F,USA,California,Home,4,No,Website,1998-10-23,27,3,962196.6,320732.2,401828.82,1059.15,3177.45,3,2024-01-02,2024-01-11,66.66666666666666,33.33333333333333,Apartment,9,0,1,1,Home-Focused / First-Time Buyers,-0.9433107007693867,-0.7383646625819452
C0355,Individual,Henry,Alexander,10/16/1951,M,Mexico,Baja California,Investment,1,No,Website,1951-10-16,74,3,1029593.97,343197.99,371216.81,1273.45,3820.35,3,2024-01-04,2025-01-05,100.0,0.0,Apartment,367,0,0,2,Global Investors,-0.42625912761033397,0.7660828848849666
C0356,Individual,Andrea,Kim,06-06-1976,F,USA,Georgia,Home,3,No,Website,1976-06-06,50,4,964351.9,241087.975,356415.65,816.16,3264.64,4,2024-01-03,2025-01-11,100.0,0.0,Apartment,374,0,1,1,Home-Focused / First-Time Buyers,-2.0263469310318865,-0.9945983060560748
C0357,Individual,Danielle,Griffin,04-09-1988,F,USA,California,Home,3,No,Website,1988-04-09,38,3,970629.22,323543.0733333333,440318.57,1059.3466666666666,3178.04,3,2024-01-02,2025-01-09,66.66666666666666,33.33333333333333,Apartment,373,0,1,1,Home-Focused / First-Time Buyers,-0.9063799555623658,-0.8298160091121575
C0358,Individual,Katherine,Griffin,9/26/1978,F,Australia,New South Wales,Home,3,Yes,Agency,1978-09-26,47,3,1150919.74,383639.9133333333,448849.01,1240.6066666666666,3721.82,3,2024-01-06,2024-01-11,66.66666666666666,33.33333333333333,Apartment,5,1,1,0,Home-Focused / First-Time Buyers,0.35047718728885213,-0.6964602639048749
C0359,Individual,Julie,Cooper,03-10-1951,F,USA,California,Investment,1,No,Agency,1951-03-10,75,3,1098189.89,366063.2966666667,504517.39,1308.513333333333,3925.54,3,2024-01-05,2025-01-10,100.0,0.0,Apartment,371,0,0,2,Global Investors,-0.03637545005287068,0.7949534568284732
C0360,Individual,Laura,Baker,09-09-1948,F,USA,Utah,Home,2,Yes,Agency,1948-09-09,78,4,1978026.48,494506.62,563291.28,1676.3825,6705.53,4,2024-01-06,2025-01-12,100.0,0.0,Apartment,372,1,3,0,High-Value / Luxury Investors,3.9191751338155667,-0.5804957042054232
C0361,Individual,Nicholas,Miller,09-08-1958,M,UK,England,Home,1,Yes,Website,1958-09-08,68,4,1468372.25,367093.0625,471871.72,1222.5975,4890.389999999999,4,2024-01-09,2024-01-11,75.0,25.0,Apartment,2,1,3,0,High-Value / Luxury Investors,0.8497968272496942,-0.7967896015865146
C0362,Individual,Betty,Moore,09-06-2000,F,USA,Utah,Home,4,No,Website,2000-09-06,26,3,1129669.4,376556.4666666666,479711.66,1162.6166666666666,3487.85,3,2024-01-04,2025-01-07,100.0,0.0,Apartment,369,0,1,0,Home-Focused / First-Time Buyers,0.050039564232124197,-0.6375935105799332
C0363,Individual,Christine,Edwards,1/25/1959,F,USA,Utah,Investment,2,No,Client,1959-01-25,67,4,1232301.44,308075.36,468524.95,929.6975,3718.79,4,2024-01-08,2025-01-05,75.0,25.0,Apartment,363,0,0,2,Global Investors,-1.1036096626218308,0.8078779024470711
C0364,Individual,George,Gray,03-02-1944,M,USA,Texas,Home,2,No,Website,1944-03-02,82,4,1492505.18,373126.295,627189.08,1261.78,5047.12,4,2024-01-01,2024-01-07,50.0,50.0,Apartment,6,0,3,0,High-Value / Luxury Investors,1.0887350733508605,-0.9634963789198195
C0365,Individual,Brandon,Morales,02-11-1962,M,USA,Colorado,Investment,5,No,Agency,1962-02-11,64,3,951259.9,317086.63333333336,435723.27,1164.9766666666667,3494.9300000000003,3,2024-01-07,2025-01-05,100.0,0.0,Apartment,364,0,0,2,Global Investors,-0.9966986297244836,0.8287600100959612
C0366,Individual,Keith,Long,4/26/1983,M,USA,California,Home,4,No,Website,1983-04-26,43,3,1420135.32,473378.44,668066.43,1452.263333333333,4356.79,3,2024-01-03,2025-01-02,33.33333333333333,66.66666666666666,Office,365,0,3,0,High-Value / Luxury Investors,2.0897155404319103,-0.582738050989513
C0367,Individual,Samuel,Collins,11/25/1964,M,USA,California,Investment,4,No,Agency,1964-11-25,61,4,1662617.88,415654.47,593682.12,1269.065,5076.26,4,2024-01-07,2025-01-09,50.0,50.0,Apartment,368,0,0,2,Global Investors,1.3708704550821096,1.104151679062056
C0368,Individual,Betty,Scott,08-11-1992,F,USA,California,Home,4,Yes,Agency,1992-08-11,34,4,1494552.45,373638.1125,589380.74,1136.215,4544.86,4,2024-01-02,2025-01-07,75.0,25.0,Apartment,371,1,3,0,High-Value / Luxury Investors,0.7175213872049239,-0.5132152803855414
C0369,Individual,Helen,Murray,10-01-1954,F,USA,Utah,Home,2,Yes,Agency,1954-10-01,71,4,1586439.08,396609.77,604849.17,1333.5625,5334.25,4,2024-01-06,2025-01-08,100.0,0.0,Apartment,368,1,3,0,High-Value / Luxury Investors,1.590098553632589,-0.7425024840338784
C0370,Individual,Michelle,Brooks,9/23/1957,F,Russia,Krasnodar Krai,Home,1,No,Website,1957-09-23,68,4,1613633.39,403408.3475,552125.64,1334.8775,5339.51,4,2024-01-03,2025-01-06,100.0,0.0,Apartment,369,0,3,0,High-Value / Luxury Investors,1.6815265620625186,-0.8070636043208993
C0371,Individual,Ryan,Moore,3/15/1970,M,Belgium,Wallonia,Investment,3,No,Agency,1970-03-15,56,3,827208.61,275736.2033333333,369988.32,842.68,2528.04,3,2024-01-05,2024-01-11,66.66666666666666,33.33333333333333,Apartment,6,0,0,2,Global Investors,-2.4220422880702137,0.7467386501756598
C0372,Individual,Teresa,Nelson,4/22/1952,F,Belgium,Flanders,Investment,1,No,Agency,1952-04-22,74,3,1280128.06,426709.3533333333,541782.12,1361.743333333333,4085.23,3,2024-01-04,2025-01-11,100.0,0.0,Apartment,373,0,0,2,Global Investors,0.8881259969051044,0.89094438638324
C0373,Individual,Karen,Morales,1/27/1993,F,USA,Georgia,Home,2,No,Agency,1993-01-27,33,3,1047277.18,349092.3933333333,512134.29,1160.513333333333,3481.54,3,2024-01-10,2025-01-03,66.66666666666666,33.33333333333333,Apartment,359,0,1,1,Home-Focused / First-Time Buyers,-0.33474315701927393,-0.7477913044058865
C0374,Individual,Madison,Hughes,11-07-1993,F,Australia,New South Wales,Investment,4,Yes,Agency,1993-11-07,32,4,916825.86,229206.465,272720.31,735.11,2940.44,4,2024-01-01,2024-01-10,75.0,25.0,Apartment,9,1,0,2,Global Investors,-2.7883303715483643,1.028718826166716
C0375,Individual,Kyle,Thompson,7/15/1968,M,USA,California,Investment,4,No,Website,1968-07-15,58,3,1178580.64,392860.2133333334,463091.82,1224.68,3674.04,3,2024-01-05,2025-01-01,66.66666666666666,33.33333333333333,Apartment,362,0,0,2,Global Investors,0.11654235393665478,0.9730635147110972
C0376,Individual,Shirley,Smith,4/19/1953,F,USA,California,Home,3,No,Website,1953-04-19,73,3,1182808.29,394269.43,474499.21,1361.743333333333,4085.23,3,2024-01-03,2024-01-06,66.66666666666666,33.33333333333333,Apartment,3,0,3,0,High-Value / Luxury Investors,0.855543727363438,-0.9433982495629848
C0377,Individual,Charles,Patterson,5/14/1998,M,USA,Washington,Home,4,No,Website,1998-05-14,28,3,822780.32,274260.10666666663,319434.72,904.0466666666669,2712.1400000000003,3,2024-01-04,2025-01-06,66.66666666666666,33.33333333333333,Apartment,368,0,1,1,Home-Focused / First-Time Buyers,-1.9503967893802254,-0.8384836231413623
C0378,Individual,Heather,Anderson,11/28/1957,F,USA,California,Investment,3,Yes,Website,1957-11-28,68,3,812387.51,270795.83666666667,349197.14,983.4266666666668,2950.28,3,2024-01-08,2025-01-07,100.0,0.0,Apartment,365,1,0,2,Global Investors,-2.1103422473097155,0.7659480600023111
C0379,Company,Optima,Co,4/22/1977,M,USA,California,Investment,2,Yes,Client,1977-04-22,49,4,1254919.36,313729.84,415669.45,1115.505,4462.02,4,2024-01-02,2025-01-07,75.0,25.0,Apartment,371,1,2,3,Corporate Buyers,-0.7656371070259653,6.106784862819181
C0380,Individual,Evelyn,Chavez,9/13/1973,F,USA,California,Home,3,Yes,Website,1973-09-13,53,3,939708.87,313236.29,518564.66,1175.45,3526.3500000000004,3,2024-01-04,2024-01-09,66.66666666666666,33.33333333333333,Apartment,5,1,1,0,Home-Focused / First-Time Buyers,-0.7241860357527189,-0.8457672918314332
C0381,Individual,David,Gray,01-08-1961,M,USA,California,Home,5,Yes,Agency,1961-01-08,65,3,878913.19,292971.0633333333,315056.1,1188.2333333333331,3564.7,3,2024-01-06,2025-01-12,100.0,0.0,Apartment,372,1,1,1,Home-Focused / First-Time Buyers,-0.9017100158334886,-0.9395209827286131
C0382,Individual,Nicholas,Garcia,08-08-1975,M,USA,California,Investment,1,Yes,Agency,1975-08-08,51,3,980139.25,326713.0833333333,397171.33,980.87,2942.61,3,2024-01-06,2024-01-09,66.66666666666666,33.33333333333333,Apartment,3,1,0,2,Global Investors,-1.4511611862339258,0.9454335437205154
C0383,Company,Novex,Co,11-09-1985,F,Mexico,Mexico City,Investment,3,No,Agency,1985-11-09,40,4,968070.64,242017.66,454071.94,809.6575,3238.63,4,2024-01-03,2025-01-10,100.0,0.0,Apartment,373,0,2,3,Corporate Buyers,-2.593310680179598,5.929520643492694
C0384,Individual,Amy,Stewart,3/22/1944,F,USA,California,Home,3,Yes,Website,1944-03-22,82,3,1010761.74,336920.58,366344.49,1049.38,3148.14,3,2024-01-07,2025-01-12,100.0,0.0,Apartment,371,1,1,1,Home-Focused / First-Time Buyers,-0.7024559203537613,-1.0656910131358368
C0385,Individual,Douglas,Owens,01-12-1969,M,UK,Northern Ireland,Investment,4,No,Website,1969-01-12,57,3,1289646.41,429882.1366666667,605784.18,1277.2733333333333,3831.82,3,2024-01-04,2025-01-12,100.0,0.0,Apartment,374,0,0,2,Global Investors,0.7328904862587239,1.0390068284595688
C0386,Individual,Carol,Stewart,3/25/1976,F,USA,Colorado,Home,2,No,Client,1976-03-25,50,3,1633972.21,544657.4033333333,704058.44,1445.08,4335.24,3,2024-01-09,2025-01-10,33.33333333333333,66.66666666666666,Office,367,0,3,0,High-Value / Luxury Investors,2.972689019814601,-0.5690215270982316
C0387,Individual,Jessica,Owens,7/18/1974,F,USA,California,Home,2,Yes,Website,1974-07-18,52,4,1992983.55,498245.8875,575135.54,1555.2975,6221.1900000000005,4,2024-01-04,2025-01-09,100.0,0.0,Apartment,371,1,3,0,High-Value / Luxury Investors,3.6171060964028965,-0.40176176528812624
C0388,Individual,Zachary,Cox,9/24/1995,M,USA,California,Home,4,No,Agency,1995-09-24,30,3,961894.92,320631.64,395393.94,975.9433333333332,2927.83,3,2024-01-07,2025-01-03,66.66666666666666,33.33333333333333,Apartment,362,0,1,1,Home-Focused / First-Time Buyers,-1.1576846505511813,-0.7795475226378683
C0389,Individual,Ronald,Stone,11/18/1954,M,USA,Colorado,Home,3,No,Website,1954-11-18,71,4,1261549.09,315387.2725,439227.72,1119.09,4476.360000000001,4,2024-01-05,2025-01-06,50.0,50.0,Apartment,367,0,1,1,Home-Focused / First-Time Buyers,-0.12295171201848798,-0.9827909839938933
C0390,Individual,Steven,Griffin,4/23/1942,M,Canada,Quebec,Investment,2,No,Website,1942-04-23,84,4,1678762.0699999998,419690.5175,550273.32,1295.265,5181.06,4,2024-01-06,2024-01-09,75.0,25.0,Apartment,3,0,0,2,Global Investors,1.499438377194311,0.917879360170886
C0391,Individual,Heather,Long,11-12-1966,F,USA,California,Home,5,No,Agency,1966-11-12,59,3,1035012.91,345004.3033333333,502064.98,1064.4166666666667,3193.25,3,2024-01-01,2024-01-08,100.0,0.0,Apartment,7,0,1,1,Home-Focused / First-Time Buyers,-0.5490164314102529,-0.9414933768670514
C0392,Individual,Katherine,Adams,6/14/1977,F,USA,Arizona,Home,2,Yes,Website,1977-06-14,49,4,1015830.03,253957.5075,448959.32,922.66,3690.64,4,2024-01-05,2025-01-09,100.0,0.0,Apartment,370,1,1,1,Home-Focused / First-Time Buyers,-1.5898868383647466,-0.8687958032235222
C0393,Individual,Nicole,Allen,06-08-1988,F,USA,Arizona,Home,4,No,Agency,1988-06-08,38,4,1616556.78,404139.195,492421.76,1298.145,5192.58,4,2024-01-05,2025-01-05,75.0,25.0,Apartment,366,0,3,0,High-Value / Luxury Investors,1.6007853038190567,-0.5518353068875486
C0394,Individual,Shirley,Foster,11/24/1954,F,USA,Colorado,Home,3,Yes,Website,1954-11-24,71,4,1258840.0,314710.0,600821.21,1041.8025,4167.21,4,2024-01-04,2025-01-08,75.0,25.0,Apartment,370,1,1,0,Home-Focused / First-Time Buyers,-0.34560616546991174,-0.9134397455334066
C0395,Individual,Deborah,Chavez,1/17/1959,F,USA,Florida,Home,1,No,Website,1959-01-17,67,3,1153134.48,384378.16,493489.81,1303.4733333333334,3910.42,3,2024-01-04,2025-01-01,66.66666666666666,33.33333333333333,Apartment,363,0,3,0,High-Value / Luxury Investors,0.5320020169107507,-0.9437341903704966
C0396,Individual,Charles,Allen,4/17/2000,M,USA,Nevada,Home,5,No,Agency,2000-04-17,26,4,1181447.25,295361.8125,414855.4,896.2524999999999,3585.01,4,2024-01-01,2025-01-08,100.0,0.0,Apartment,373,0,1,0,Home-Focused / First-Time Buyers,-1.03161739779676,-0.6933645122014823
C0397,Individual,Hannah,Williams,9/18/2000,F,USA,California,Home,5,No,Website,2000-09-18,25,3,793543.27,264514.42333333334,299573.55,862.11,2586.33,3,2024-01-03,2025-01-07,100.0,0.0,Apartment,370,0,1,1,Home-Focused / First-Time Buyers,-2.1742762935933513,-0.826261247257635
C0398,Individual,Jennifer,Alexander,12/22/1948,F,USA,Texas,Home,1,Yes,Agency,1948-12-22,77,4,1186693.85,296673.4625,416143.54,935.765,3743.06,4,2024-01-03,2024-01-07,75.0,25.0,Apartment,4,1,1,1,Home-Focused / First-Time Buyers,-0.9094012552689937,-1.0297723032856052
C0399,Individual,Albert,Kim,06-09-1984,M,USA,California,Home,4,No,Agency,1984-06-09,42,4,1229057.49,307264.3725,470140.59,1093.05,4372.2,4,2024-01-01,2025-01-02,75.0,25.0,Apartment,367,0,1,0,Home-Focused / First-Time Buyers,-0.33642640432994203,-0.7669561067710886
C0400,Individual,Brandon,Anderson,11/25/1959,M,USA,California,Home,4,No,Agency,1959-11-25,66,4,1360152.99,340038.2475,479620.3,1239.145,4956.58,4,2024-01-01,2025-01-06,100.0,0.0,Apartment,371,0,3,1,High-Value / Luxury Investors,0.5582655911468354,-0.872159938901186
C0401,Individual,Brian,Anderson,7/21/1969,M,USA,Arizona,Home,5,Yes,Website,1969-07-21,57,4,1020913.07,255228.2675,338232.19,853.07,3412.28,4,2024-01-01,2025-01-04,100.0,0.0,Apartment,369,1,1,1,Home-Focused / First-Time Buyers,-1.690784489633909,-0.9115810740686999
C0402,Individual,Brenda,Garcia,2/22/1941,F,USA,Georgia,Home,5,No,Website,1941-02-22,85,3,1054166.95,351388.98333333334,419555.74,1102.8633333333337,3308.59,3,2024-01-02,2025-01-10,100.0,0.0,Apartment,374,0,1,1,Home-Focused / First-Time Buyers,-0.3259705981930105,-1.124646306001851
C0403,Individual,Jennifer,Adams,3/25/1963,F,Australia,New South Wales,Home,1,No,Website,1963-03-25,63,3,878792.98,292930.99333333335,430423.76,1060.9733333333334,3182.92,3,2024-01-04,2024-01-07,66.66666666666666,33.33333333333333,Apartment,3,0,1,1,Home-Focused / First-Time Buyers,-1.2947975437356807,-1.0813527458076824
C0404,Individual,Sara,Cook,12-05-1976,F,France,Normandy,Investment,1,No,Client,1976-12-05,49,3,731788.96,243929.6533333333,385857.81,753.3133333333334,2259.94,3,2024-01-06,2025-01-11,100.0,0.0,Apartment,371,0,0,2,Global Investors,-3.112766858253366,0.7195944007518648
C0405,Company,Horizon,Co,12/25/1969,M,USA,Colorado,Home,1,No,Agency,1969-12-25,56,4,1310963.25,327740.8125,453518.72,1140.38,4561.52,4,2024-01-02,2025-01-05,100.0,0.0,Apartment,369,0,2,3,Corporate Buyers,-0.1364408651109578,4.158805175373365
C0406,Individual,Christine,Brown,5/26/1960,F,USA,Colorado,Home,3,No,Website,1960-05-26,66,4,1317165.12,329291.28,525171.0,1090.1925,4360.77,4,2024-01-03,2025-01-01,75.0,25.0,Apartment,364,0,1,1,Home-Focused / First-Time Buyers,-0.004245996861832226,-0.9305834148786772
C0407,Individual,Lisa,Freeman,4/23/1982,F,USA,California,Home,2,No,Client,1982-04-23,44,4,1254494.91,313623.7275,406850.28,1045.8025,4183.21,4,2024-01-04,2024-01-12,100.0,0.0,Apartment,8,0,1,0,Home-Focused / First-Time Buyers,-0.398259981915487,-0.8045969451626946
C0408,Individual,Tyler,Rogers,02-03-1977,M,USA,California,Home,3,No,Website,1977-02-03,49,3,1320497.01,440165.67,574122.16,1413.0600000000002,4239.18,3,2024-01-05,2025-01-10,100.0,0.0,Apartment,371,0,3,0,High-Value / Luxury Investors,1.548609486810747,-0.689956337357333
C0409,Individual,Timothy,Reyes,9/18/1972,M,USA,Nevada,Home,1,Yes,Website,1972-09-18,53,4,1816669.2,454167.3,599891.42,1449.3775,5797.51,4,2024-01-02,2024-01-12,50.0,50.0,Apartment,10,1,3,0,High-Value / Luxury Investors,2.684628751840115,-0.5066995932837671
C0410,Individual,Diane,Johnson,7/13/1982,F,Russia,Saint Petersburg,Home,5,Yes,Agency,1982-07-13,44,3,1021706.02,340568.67333333334,524175.54,1189.1899999999998,3567.57,3,2025-01-01,2025-01-03,100.0,0.0,Apartment,2,1,1,0,Home-Focused / First-Time Buyers,-0.3137236099090341,-0.7178635934039556
C0411,Individual,Amanda,Moore,05-09-1983,F,USA,California,Home,2,No,Website,1983-05-09,43,3,896987.21,298995.73666666663,475205.98,883.7466666666668,2651.24,3,2024-01-03,2024-01-06,33.33333333333333,66.66666666666666,Office,3,0,1,1,Home-Focused / First-Time Buyers,-1.6933634934348214,-0.9479411030317345
C0412,Individual,Karen,Richardson,4/24/1984,F,UK,Scotland,Home,5,No,Website,1984-04-24,42,3,1100376.25,366792.0833333333,493587.18,1260.8366666666668,3782.51,3,2024-01-06,2025-01-03,100.0,0.0,Apartment,363,0,1,0,Home-Focused / First-Time Buyers,0.2215003516066441,-0.740863872763897
C0413,Individual,Brandon,Smith,07-11-1940,M,Canada,British Columbia,Home,3,No,Website,1940-07-11,86,4,1769126.22,442281.555,537806.31,1431.4575,5725.83,4,2024-01-10,2025-01-09,100.0,0.0,Apartment,365,0,3,0,High-Value / Luxury Investors,2.5597785545112495,-0.8468875903266806
C0414,Individual,Brandon,Reed,12-07-1962,M,USA,California,Home,4,No,Website,1962-12-07,63,4,1412148.94,353037.235,518926.42,1144.74,4578.96,4,2024-01-06,2025-01-11,75.0,25.0,Apartment,371,0,3,1,High-Value / Luxury Investors,0.4955298842903108,-0.8508050579760891
C0415,Individual,Grace,Turner,07-09-1980,F,USA,Nevada,Home,5,Yes,Agency,1980-07-09,46,4,1305928.35,326482.0875,503380.47,1093.05,4372.2,4,2024-01-02,2024-01-07,100.0,0.0,Apartment,5,1,1,1,Home-Focused / First-Time Buyers,-0.045073930973613646,-0.6721933394478701
C0416,Company,Bravada,Co,7/28/1981,M,Germany,North Rhine-Westphalia,Investment,5,Yes,Client,1981-07-28,45,3,1059532.51,353177.50333333336,492952.77,1260.8366666666668,3782.51,3,2024-01-09,2025-01-11,100.0,0.0,Apartment,368,1,2,3,Corporate Buyers,-0.5094178788706727,6.153376326280909
C0417,Individual,Peter,Collins,12-03-1947,M,USA,Utah,Home,2,No,Website,1947-12-03,78,3,1354773.96,451591.32,583440.71,1471.9,4415.7,3,2024-01-06,2024-01-09,100.0,0.0,Apartment,3,0,3,0,High-Value / Luxury Investors,1.878147134125215,-0.8959559648171268
C0418,Individual,Douglas,Howard,8/20/1996,M,USA,Arizona,Home,5,No,Agency,1996-08-20,30,4,1629486.83,407371.7075,529967.66,1276.8225,5107.29,4,2024-01-05,2025-01-04,100.0,0.0,Apartment,365,0,3,0,High-Value / Luxury Investors,1.5965808060642774,-0.4797586988583731
C0419,Individual,Jack,Hansen,11-03-1962,M,USA,Washington,Home,3,Yes,Agency,1962-11-03,63,4,1174012.19,293503.0475,419691.92,990.4475,3961.79,4,2024-01-01,2024-01-12,75.0,25.0,Apartment,11,1,1,1,Home-Focused / First-Time Buyers,-0.8001087237498579,-0.8938049263077653
C0420,Individual,Debra,Reyes,01-04-1994,F,USA,California,Home,5,No,Agency,1994-01-04,32,3,1260096.16,420032.0533333334,588644.89,1330.2166666666667,3990.65,3,2024-01-09,2025-01-04,66.66666666666666,33.33333333333333,Apartment,361,0,3,0,High-Value / Luxury Investors,1.078437875396632,-0.5816694815206783
C0421,Individual,Zachary,Cox,8/25/1975,M,Germany,Hesse,Investment,5,Yes,Website,1975-08-25,51,4,1495763.37,373940.8425,585167.95,1203.905,4815.62,4,2024-01-05,2025-01-12,100.0,0.0,Apartment,373,1,0,2,Global Investors,0.5855721013518518,1.204212005156824
C0422,Company,Telnox,Co,11/13/1973,F,USA,California,Home,1,Yes,Client,1973-11-13,52,4,1653171.62,413292.905,555693.16,1428.5749999999998,5714.299999999999,4,2024-01-03,2024-01-10,100.0,0.0,Apartment,7,1,2,3,Corporate Buyers,1.8430466875711384,4.4626466137772605
C0423,Individual,Rachel,Sanders,4/17/1950,F,USA,California,Home,1,No,Client,1950-04-17,76,3,1068716.19,356238.73,410950.81,1195.1966666666667,3585.59,3,2024-01-07,2025-01-08,66.66666666666666,33.33333333333333,Apartment,367,0,1,0,Home-Focused / First-Time Buyers,-0.10256056285748533,-1.071901895270414
C0424,Individual,Sarah,Stewart,12-04-1998,F,USA,Florida,Home,1,No,Website,1998-12-04,27,3,1034036.3,344678.76666666666,521067.94,1107.81,3323.43,3,2024-01-09,2025-01-02,100.0,0.0,Apartment,359,0,1,1,Home-Focused / First-Time Buyers,-0.555834710629398,-0.7293654085541218
C0425,Individual,Gerald,Wright,03-11-1965,M,USA,Nevada,Home,2,No,Agency,1965-03-11,61,3,1256932.48,418977.49333333335,560677.96,1452.263333333333,4356.79,3,2024-01-05,2025-01-02,100.0,0.0,Apartment,363,0,3,0,High-Value / Luxury Investors,1.3777432096301936,-0.8110159792634002
C0426,Individual,Julie,Brown,10-07-1953,F,USA,Oregon,Home,4,Yes,Client,1953-10-07,72,3,890250.61,296750.2033333333,519106.96,874.19,2622.57,3,2024-01-08,2025-01-12,100.0,0.0,Apartment,370,1,1,1,Home-Focused / First-Time Buyers,-1.6802768566349742,-1.0671311253677749
C0427,Individual,Sarah,Peterson,09-06-1994,F,USA,California,Home,4,Yes,Website,1994-09-06,32,4,1457016.31,364254.0775,563544.96,1216.595,4866.38,4,2024-01-01,2025-01-06,100.0,0.0,Apartment,371,1,3,0,High-Value / Luxury Investors,0.7884443704906949,-0.4940073448425134
C0428,Individual,Gloria,Rogers,7/20/1962,F,USA,Oregon,Home,3,No,Agency,1962-07-20,64,4,984451.32,246112.83,330914.17,838.2925,3353.17,4,2024-01-10,2025-01-09,100.0,0.0,Apartment,365,0,1,1,Home-Focused / First-Time Buyers,-1.874133043681465,-1.0900010945614933
C0429,Individual,Danielle,Stone,11-05-1995,F,USA,California,Home,3,Yes,Website,1995-11-05,30,4,1503904.16,375976.04,573428.92,1374.585,5498.34,4,2024-01-01,2025-01-11,75.0,25.0,Apartment,376,1,3,0,High-Value / Luxury Investors,1.352054400252979,-0.4381068691276998
C0430,Individual,Roger,Wood,10-05-1974,M,USA,Nevada,Home,2,No,Agency,1974-10-05,51,3,931141.96,310380.6533333333,413945.61,1033.1033333333332,3099.31,3,2024-01-03,2025-01-05,66.66666666666666,33.33333333333333,Apartment,368,0,1,1,Home-Focused / First-Time Buyers,-1.1427882858012253,-0.9625706809684
C0431,Individual,Austin,King,05-05-1969,M,USA,California,Home,5,Yes,Website,1969-05-05,57,4,1544751.33,386187.8325,562089.63,1246.6175,4986.47,4,2024-01-01,2025-01-04,100.0,0.0,Apartment,369,1,3,0,High-Value / Luxury Investors,1.2404516130562175,-0.6370794074776298
C0432,Company,Grandis,Co,2/17/1995,M,USA,California,Home,5,No,Agency,1995-02-17,31,4,1277850.15,319462.5375,500722.63,1025.15,4100.599999999999,4,2024-01-08,2025-01-08,100.0,0.0,Apartment,366,0,2,3,Corporate Buyers,-0.5288916182393567,4.356249862536732
C0433,Individual,Ruth,Hughes,03-03-1969,F,USA,California,Investment,2,Yes,Website,1969-03-03,57,4,1937061.37,484265.3425,656465.4,1591.4725,6365.889999999999,4,2024-01-07,2025-01-09,100.0,0.0,Apartment,368,1,3,2,High-Value / Luxury Investors,3.1601724937258995,1.3696854512702348
C0434,Individual,Amanda,Sanders,12/25/1964,F,Russia,Tatarstan,Home,5,No,Website,1964-12-25,61,3,1364889.24,454963.08,603903.4,1445.5566666666666,4336.67,3,2024-01-08,2025-01-11,100.0,0.0,Apartment,369,0,3,0,High-Value / Luxury Investors,1.8775353423448404,-0.7350471396260315
C0435,Individual,Sara,Richardson,1/25/1966,F,Australia,New South Wales,Home,5,Yes,Website,1966-01-25,60,3,908970.34,302990.11333333334,382435.3,1077.3233333333335,3231.9700000000003,3,2024-01-03,2024-01-11,100.0,0.0,Apartment,8,1,1,1,Home-Focused / First-Time Buyers,-1.069460534834055,-0.9124891905575676
C0436,Individual,Brandon,Jones,05-12-1972,M,USA,Colorado,Home,2,Yes,Client,1972-05-12,54,4,1327594.64,331898.66,479775.72,1064.2625,4257.05,4,2024-01-01,2025-01-03,100.0,0.0,Apartment,368,1,1,0,Home-Focused / First-Time Buyers,-0.07998828821304746,-0.7638711717581854
C0437,Individual,Danielle,James,10-05-1990,F,USA,Texas,Home,1,No,Website,1990-10-05,35,3,657032.8200000001,219010.94000000003,353361.5,801.46,2404.38,3,2024-01-01,2024-01-08,100.0,0.0,Apartment,7,0,1,1,Home-Focused / First-Time Buyers,-2.975309772042673,-1.0162517727005138
C0438,Individual,Gregory,Collins,10-09-1982,M,USA,Georgia,Investment,1,Yes,Client,1982-10-09,43,4,1458641.1,364660.275,517610.73,1261.78,5047.12,4,2024-01-05,2025-01-05,100.0,0.0,Apartment,366,1,0,2,Global Investors,0.5226809708605503,1.2222645015620808
C0439,Individual,Larry,Thompson,03-08-1956,M,USA,Virginia,Home,2,No,Agency,1956-03-08,70,3,1273328.62,424442.87333333335,547817.26,1422.97,4268.91,3,2024-01-02,2024-01-03,66.66666666666666,33.33333333333333,Apartment,1,0,3,0,High-Value / Luxury Investors,1.3857502504062822,-0.8795243024662801
C0440,Individual,Lawrence,Parker,7/13/1960,M,USA,California,Investment,1,No,Agency,1960-07-13,66,3,703498.83,234499.61,311878.98,845.8633333333333,2537.59,3,2024-01-02,2024-01-12,100.0,0.0,Apartment,10,0,0,2,Global Investors,-2.9670997224108633,0.5972225140375466
C0441,Individual,Joan,Foster,10-01-1980,F,Russia,Krasnodar Krai,Investment,1,No,Agency,1980-10-01,45,4,1525849.55,381462.3875,616227.01,1239.265,4957.06,4,2024-01-02,2025-01-10,75.0,25.0,Apartment,374,0,0,2,Global Investors,0.7215007377401772,1.1392371585714567
C0442,Individual,Sarah,Hansen,4/14/1975,F,USA,Colorado,Home,3,Yes,Website,1975-04-14,51,4,1707466.97,426866.7425,520127.02,1489.73,5958.92,4,2024-01-01,2025-01-02,100.0,0.0,Apartment,367,1,3,0,High-Value / Luxury Investors,2.4243130395828523,-0.5008118027075075
C0443,Individual,Noah,Foster,6/22/1950,M,Denmark,Capital Region,Home,1,Yes,Agency,1950-06-22,76,3,1355839.1,451946.3666666667,555912.87,1527.8633333333337,4583.59,3,2024-01-03,2024-01-07,100.0,0.0,Apartment,4,1,3,0,High-Value / Luxury Investors,1.9986044422517233,-0.7915741193472089
C0444,Individual,Jennifer,Martin,3/15/1941,F,USA,California,Home,2,No,Website,1941-03-15,85,4,1054514.54,263628.635,399974.1,943.97,3775.88,4,2024-01-09,2025-01-11,75.0,25.0,Apartment,368,0,1,1,Home-Focused / First-Time Buyers,-1.3281433108624479,-1.2136032366476919
C0445,Individual,Michelle,Evans,11-12-1995,F,USA,California,Home,2,Yes,Website,1995-11-12,30,4,1425691.63,356422.9075,518136.39,1101.9875,4407.95,4,2024-01-01,2025-01-07,75.0,25.0,Apartment,372,1,1,1,Home-Focused / First-Time Buyers,0.33823820842920843,-0.5360453593364526
C0446,Individual,Douglas,Thomas,02-01-1955,M,USA,Colorado,Home,2,No,Website,1955-02-01,71,3,1024655.04,341551.68,426208.52,1258.6899999999998,3776.07,3,2024-01-02,2025-01-01,66.66666666666666,33.33333333333333,Apartment,365,0,1,1,Home-Focused / First-Time Buyers,-0.11782294120878234,-1.0277405124478516
C0447,Individual,Patricia,Johnson,6/27/1956,F,USA,New York,Home,2,No,Website,1956-06-27,70,3,1543592.15,514530.7166666666,605190.49,1680.5266666666666,5041.58,3,2024-01-04,2025-01-09,66.66666666666666,33.33333333333333,Apartment,371,0,3,0,High-Value / Luxury Investors,3.2281985986567725,-0.7096618002827483
C0448,Individual,Mark,White,06-10-1980,M,USA,Nevada,Investment,2,No,Agency,1980-06-10,46,3,942066.48,314022.16,458054.04,1050.08,3150.24,3,2024-01-01,2024-01-12,100.0,0.0,Apartment,11,0,0,2,Global Investors,-1.4149161631424192,0.9062848336067593
C0449,Individual,Jordan,King,6/24/1972,M,USA,Oregon,Investment,2,No,Agency,1972-06-24,54,3,1418922.44,472974.14666666667,594018.07,1504.28,4512.84,3,2024-01-07,2025-01-08,33.33333333333333,66.66666666666666,Office,367,0,0,2,Global Investors,1.847502875615261,1.1445358771963912
C0450,Individual,Matthew,Jackson,2/19/1992,M,Mexico,Nuevo Leon,Home,3,No,Website,1992-02-19,34,4,1555297.37,388824.3425,473301.04,1258.5825,5034.33,4,2024-01-06,2025-01-01,100.0,0.0,Apartment,361,0,3,0,High-Value / Luxury Investors,1.251969900385341,-0.5624547678751364
C0451,Individual,Larry,Anderson,9/20/1985,M,Canada,Alberta,Investment,5,Yes,Client,1985-09-20,40,4,1665967.41,416491.8525,526063.15,1339.695,5358.78,4,2025-01-02,2025-01-10,75.0,25.0,Apartment,8,1,0,2,Global Investors,1.541921985279877,1.3795503435029122
C0452,Individual,Brandon,Adams,10/17/1967,M,USA,Washington,Home,3,No,Website,1967-10-17,58,4,1398358.69,349589.6725,515843.73,1086.2275,4344.91,4,2024-01-08,2025-01-09,100.0,0.0,Apartment,367,0,1,0,Home-Focused / First-Time Buyers,0.26796198811831873,-0.8407071295597064
C0453,Individual,Carl,Wood,4/16/1993,M,UK,Scotland,Investment,1,No,Website,1993-04-16,33,4,1321010.76,330252.69,587960.16,1103.3025,4413.21,4,2024-01-06,2025-01-07,100.0,0.0,Apartment,367,0,0,2,Global Investors,-0.396118278049699,1.1278897964155854
C0454,Company,Altira,Co,04-01-1961,F,USA,Nevada,Investment,4,No,Agency,1961-04-01,65,3,980683.73,326894.57666666666,522599.89,1072.4833333333331,3217.45,3,2024-01-01,2024-01-11,100.0,0.0,Apartment,10,0,2,3,Corporate Buyers,-1.3187452077691137,5.828079972440075
C0455,Individual,Karen,Williams,02-01-1963,F,USA,California,Home,1,No,Agency,1963-02-01,63,4,1125726.62,281431.655,477256.95,838.2925,3353.17,4,2024-01-04,2025-01-07,100.0,0.0,Apartment,369,0,1,1,Home-Focused / First-Time Buyers,-1.3963983938398343,-1.0525326381579327
C0456,Individual,Virginia,Brooks,11/18/1995,F,USA,Oregon,Home,3,Yes,Website,1995-11-18,30,3,1349210.55,449736.85,521158.55,1448.82,4346.46,3,2024-01-03,2025-01-08,100.0,0.0,Apartment,371,1,3,0,High-Value / Luxury Investors,1.7266872512729983,-0.4371772323480069
C0457,Individual,Kenneth,Hansen,7/19/1980,M,UK,Wales,Investment,1,No,Agency,1980-07-19,46,3,1399940.21,466646.7366666666,596228.96,1457.8333333333333,4373.5,3,2024-01-06,2025-01-04,100.0,0.0,Apartment,364,0,0,2,Global Investors,1.6148985167222256,1.1772457337252438
C0458,Individual,Thomas,Turner,07-04-1995,M,USA,Oregon,Investment,1,No,Agency,1995-07-04,31,4,1382881.81,345720.4525,503414.2,1123.3175,4493.27,4,2024-01-05,2025-01-09,75.0,25.0,Apartment,370,0,0,2,Global Investors,-0.12218766247830874,1.1699280018823872
C0459,Individual,Steven,Johnson,3/23/1955,M,USA,California,Home,3,No,Agency,1955-03-23,71,3,821716.14,273905.38,368466.6,945.65,2836.95,3,2024-01-03,2024-01-12,66.66666666666666,33.33333333333333,Apartment,9,0,1,1,Home-Focused / First-Time Buyers,-1.7974286436203548,-1.1705916655504334
C0460,Individual,Amanda,Cox,12/25/1992,F,USA,Virginia,Home,1,No,Website,1992-12-25,33,3,1061349.03,353783.01,484806.07,1078.7866666666666,3236.36,3,2024-01-08,2025-01-07,66.66666666666666,33.33333333333333,Apartment,365,0,1,1,Home-Focused / First-Time Buyers,-0.5044874665383536,-0.7701812701499564
C0461,Individual,Jonathan,Peterson,2/16/1960,M,USA,Arizona,Home,1,No,Agency,1960-02-16,66,3,986630.39,328876.7966666667,473479.09,1157.47,3472.41,3,2024-01-02,2025-01-04,66.66666666666666,33.33333333333333,Apartment,368,0,1,1,Home-Focused / First-Time Buyers,-0.5714724047987754,-1.0379617796763003
C0462,Individual,Eric,White,10/22/1943,M,Australia,Victoria,Home,2,No,Agency,1943-10-22,82,4,1606667.68,401666.92,630993.32,1316.0375,5264.15,4,2024-01-11,2025-01-06,100.0,0.0,Apartment,361,0,3,0,High-Value / Luxury Investors,1.6451316935379132,-0.9105003457287447
C0463,Individual,Nicholas,Garcia,6/13/1970,M,USA,California,Home,5,No,Client,1970-06-13,56,4,1235094.73,308773.6825,456678.02,989.46,3957.84,4,2024-01-05,2024-01-10,75.0,25.0,Apartment,5,0,1,0,Home-Focused / First-Time Buyers,-0.5472942699416707,-0.8840586970224636
C0464,Individual,Gregory,Turner,12-11-1974,M,USA,Florida,Home,5,No,Website,1974-12-11,51,4,1455550.0,363887.5,462200.84,1276.8225,5107.29,4,2024-01-12,2025-01-10,75.0,25.0,Apartment,364,0,3,0,High-Value / Luxury Investors,0.9971151201300952,-0.7037798887412967
C0465,Individual,George,Carter,09-02-1949,M,USA,California,Home,3,No,Website,1949-09-02,77,3,707799.9199999999,235933.30666666664,344983.8,839.1433333333334,2517.4300000000003,3,2024-01-02,2025-01-12,100.0,0.0,Apartment,376,0,1,1,Home-Focused / First-Time Buyers,-2.5595002163509704,-1.287797690861736
C0466,Individual,Patricia,Cox,5/19/1988,F,USA,Virginia,Investment,2,No,Website,1988-05-19,38,4,1228651.21,307162.8025,446810.74,1030.21,4120.84,4,2024-01-01,2025-01-11,75.0,25.0,Apartment,376,0,0,2,Global Investors,-0.8981746839338193,1.0509312348438837
C0467,Individual,Rebecca,Chavez,04-05-1952,F,USA,Ohio,Home,1,Yes,Agency,1952-04-05,74,3,976066.93,325355.64333333337,433348.26,1155.6966666666667,3467.09,3,2024-01-08,2025-01-08,100.0,0.0,Apartment,366,1,1,1,Home-Focused / First-Time Buyers,-0.6202504889641139,-1.0171331904432126
C0468,Individual,Raymond,Smith,11/13/1952,M,Mexico,Jalisco,Investment,3,Yes,Website,1952-11-13,73,3,1267396.7999999998,422465.5999999999,511655.42,1386.32,4158.96,3,2024-01-02,2024-01-09,66.66666666666666,33.33333333333333,Apartment,7,1,0,2,Global Investors,0.9188227279686093,1.0068895100152635
C0469,Individual,Adam,Foster,3/23/1997,M,USA,California,Home,2,No,Website,1997-03-23,29,4,1518476.47,379619.1175,502622.02,1265.3825,5061.53,4,2024-01-02,2024-01-10,100.0,0.0,Apartment,8,0,3,0,High-Value / Luxury Investors,1.1116259432346256,-0.5465249606605059
C0470,Individual,Joan,Anderson,2/17/1963,F,USA,Oregon,Home,1,No,Agency,1963-02-17,63,3,862552.54,287517.51333333337,497090.51,883.7466666666666,2651.24,3,2024-01-04,2024-01-11,100.0,0.0,Apartment,7,0,1,1,Home-Focused / First-Time Buyers,-1.82860231458362,-1.1266067514209488
C0471,Individual,Gary,Collins,6/26/1984,M,USA,Utah,Investment,3,No,Agency,1984-06-26,42,3,1084997.39,361665.7966666666,513906.66,1209.64,3628.92,3,2024-01-01,2024-01-10,33.33333333333333,66.66666666666666,Office,9,0,0,2,Global Investors,-0.3687234677600567,1.042500251033217
C0472,Individual,Edward,Moore,10-04-1951,M,USA,California,Home,4,No,Website,1951-10-04,74,3,1277486.37,425828.79,529761.19,1394.21,4182.63,3,2024-01-10,2025-01-11,100.0,0.0,Apartment,367,0,3,0,High-Value / Luxury Investors,1.368252813023735,-0.8934624317266316
C0473,Individual,Sharon,Price,08-09-1981,F,USA,California,Home,3,No,Agency,1981-08-09,45,4,1304527.66,326131.91500000004,518735.4,1042.725,4170.9,4,2024-01-11,2025-01-10,100.0,0.0,Apartment,365,0,1,0,Home-Focused / First-Time Buyers,-0.20631234697906548,-0.7842449892261292
C0474,Individual,Gregory,Young,12-08-1995,M,USA,Nevada,Home,1,No,Website,1995-12-08,30,4,962015.29,240503.8225,413387.67,824.2025,3296.81,4,2024-01-05,2025-01-12,75.0,25.0,Apartment,373,0,1,1,Home-Focused / First-Time Buyers,-2.0779427439261138,-0.8614282392133449
C0475,Individual,William,Brooks,8/18/1946,M,Belgium,Wallonia,Investment,2,Yes,Agency,1946-08-18,80,3,1234470.16,411490.0533333333,455542.16,1371.6133333333337,4114.84,3,2024-01-05,2024-01-08,33.33333333333333,66.66666666666666,Office,3,1,0,2,Global Investors,0.7318126077483271,0.9254570928810824
C0476,Individual,Steven,Johnson,04-05-1997,M,USA,Florida,Home,3,No,Agency,1997-04-05,29,4,1485303.01,371325.7525,457069.23,1299.3675,5197.47,4,2024-01-03,2025-01-05,75.0,25.0,Apartment,368,0,3,0,High-Value / Luxury Investors,1.0969072793094319,-0.5405242294222926
C0477,Individual,Jesse,Stone,02-01-1984,M,USA,California,Investment,4,Yes,Website,1984-02-01,42,3,1535114.88,511704.96,734390.86,1452.263333333333,4356.79,3,2024-01-06,2025-01-08,66.66666666666666,33.33333333333333,Apartment,368,1,0,2,Global Investors,2.2186104580498562,1.3827259286403513
C0478,Individual,Ashley,Garcia,08-02-1940,F,USA,Ohio,Investment,4,No,Website,1940-08-02,86,3,774892.79,258297.59666666668,404581.32,997.4133333333332,2992.24,3,2024-01-02,2024-01-10,66.66666666666666,33.33333333333333,Apartment,8,0,0,2,Global Investors,-2.1809714266786866,0.5385381432434891
C0479,Individual,Virginia,Wright,04-06-1978,F,USA,California,Home,2,Yes,Agency,1978-04-06,48,4,1172782.93,293195.7325,494567.75,956.6725,3826.69,4,2024-01-04,2025-01-07,75.0,25.0,Apartment,369,1,1,1,Home-Focused / First-Time Buyers,-0.932616615704211,-0.7970531209340151
C0480,Individual,Scott,Bryant,9/16/1974,M,USA,California,Home,4,Yes,Website,1974-09-16,51,4,1033261.03,258315.2575,347137.85,827.2,3308.8,4,2024-01-02,2025-01-07,100.0,0.0,Apartment,371,1,1,1,Home-Focused / First-Time Buyers,-1.739597551423213,-0.8772926304814743
C0481,Individual,Sean,Williams,12-12-1976,M,USA,Arizona,Home,3,No,Agency,1976-12-12,49,4,1365460.24,341365.06,539294.72,1040.89,4163.56,4,2024-01-04,2025-01-09,75.0,25.0,Apartment,371,0,1,0,Home-Focused / First-Time Buyers,0.016207653742883917,-0.7933339467937366
C0482,Individual,Deborah,Brown,10-08-1980,F,USA,New York,Investment,3,Yes,Agency,1980-10-08,45,3,1006132.77,335377.59,421206.38,1155.4633333333334,3466.39,3,2024-01-09,2025-01-10,66.66666666666666,33.33333333333333,Apartment,367,1,0,2,Global Investors,-0.8575667208227177,1.061528125066144
C0483,Individual,Kevin,Jackson,11-08-1985,M,USA,Arizona,Investment,1,No,Website,1985-11-08,40,3,881113.79,293704.5966666667,415468.55,934.8733333333332,2804.62,3,2024-01-03,2025-01-01,100.0,0.0,Apartment,364,0,0,2,Global Investors,-2.0058280003964017,0.8910325555590644
C0484,Individual,Janet,Wright,4/19/1989,F,USA,Texas,Investment,3,No,Website,1989-04-19,37,4,1313240.67,328310.1675,412809.69,1114.105,4456.42,4,2024-01-04,2025-01-07,75.0,25.0,Apartment,369,0,0,2,Global Investors,-0.3563218932114963,1.1179622672485043
C0485,Individual,Julia,Morales,10-07-1991,F,USA,Arizona,Home,2,No,Website,1991-10-07,34,3,1000841.18,333613.7266666666,603778.82,1144.8033333333333,3434.41,3,2024-01-02,2024-01-10,100.0,0.0,Apartment,8,0,1,1,Home-Focused / First-Time Buyers,-0.5751236163538589,-0.7784678599425191
C0486,Individual,Billy,Carter,9/16/1999,M,USA,California,Investment,2,Yes,Website,1999-09-16,26,3,1090587.66,363529.22,599081.0,1175.45,3526.3500000000004,3,2024-01-04,2025-01-05,100.0,0.0,Apartment,367,1,0,2,Global Investors,-0.4858612830021652,1.2367170120500746
C0487,Individual,Jessica,Williams,10/23/1991,F,USA,Washington,Home,5,No,Website,1991-10-23,34,4,1576272.71,394068.1775,542265.03,1295.0975,5180.39,4,2024-01-08,2025-01-07,75.0,25.0,Apartment,365,0,3,0,High-Value / Luxury Investors,1.4572850935732842,-0.5257245697977665
C0488,Individual,Megan,Jackson,05-11-1979,F,USA,California,Investment,4,No,Agency,1979-05-11,47,4,1218265.36,304566.34,559367.69,990.9875,3963.95,4,2024-01-03,2024-01-12,75.0,25.0,Apartment,9,0,0,2,Global Investors,-0.9911009180228135,0.9908415272094986
C0489,Individual,Austin,Jordan,06-08-1950,M,Germany,Berlin,Investment,2,No,Website,1950-06-08,76,3,1025274.77,341758.25666666665,439792.36,1102.8633333333337,3308.59,3,2024-01-07,2024-01-08,100.0,0.0,Apartment,1,0,0,2,Global Investors,-0.8712671217037573,0.7225679646538193
C0490,Individual,Emily,Wright,1/23/1954,F,USA,Nevada,Investment,5,Yes,Website,1954-01-23,72,3,1292367.93,430789.31,517225.72,1240.6066666666666,3721.82,3,2024-01-01,2025-01-11,100.0,0.0,Apartment,376,1,0,2,Global Investors,0.6777924651497255,1.014772678653873
C0491,Individual,Noah,White,08-05-1941,M,USA,Washington,Home,2,No,Website,1941-08-05,85,3,1106379.8,368793.26666666666,527792.52,1168.3833333333334,3505.15,3,2024-01-04,2024-01-12,100.0,0.0,Apartment,8,0,1,1,Home-Focused / First-Time Buyers,0.020729808938932205,-1.1202768992286292
C0492,Individual,Raymond,Price,05-07-2000,M,USA,Utah,Home,3,Yes,Website,2000-05-07,26,4,1300917.1,325229.275,551610.52,1008.6625,4034.65,4,2025-01-04,2025-01-08,100.0,0.0,Apartment,4,1,1,1,Home-Focused / First-Time Buyers,-0.3481499516335069,-0.5600165201801074
C0493,Individual,Tyler,Hughes,07-06-1954,M,USA,Colorado,Home,3,No,Website,1954-07-06,72,4,1312198.98,328049.745,432134.46,1141.225,4564.9,4,2024-01-01,2025-01-04,75.0,25.0,Apartment,369,0,1,1,Home-Focused / First-Time Buyers,0.12035987098832339,-0.9673738749071932
C0494,Individual,Grace,Carter,08-03-1990,F,USA,California,Home,3,Yes,Website,1990-08-03,36,4,1052676.65,263169.1625,379142.42,911.0425,3644.17,4,2024-01-04,2025-01-12,100.0,0.0,Apartment,374,1,1,1,Home-Focused / First-Time Buyers,-1.4894999195573042,-0.7475985864239617
C0495,Individual,Jerry,Hall,2/18/1954,M,USA,California,Investment,5,No,Client,1954-02-18,72,4,1246742.44,311685.61,420300.71,984.9525,3939.81,4,2024-01-01,2025-01-12,100.0,0.0,Apartment,377,0,0,2,Global Investors,-0.8485495989668558,0.8185505263669096
C0496,Individual,Billy,Reyes,01-04-1990,M,USA,California,Home,4,No,Agency,1990-01-04,36,4,1120376.44,280094.11,352076.14,947.7475,3790.99,4,2024-01-06,2025-01-05,100.0,0.0,Apartment,365,0,1,0,Home-Focused / First-Time Buyers,-1.1202189748117581,-0.7916451492546939
C0497,Individual,Emma,Stewart,02-02-1985,F,USA,Arizona,Investment,4,Yes,Website,1985-02-02,41,3,1330684.99,443561.6633333333,526810.49,1438.2933333333333,4314.88,3,2024-01-03,2025-01-04,66.66666666666666,33.33333333333333,Apartment,367,1,0,2,Global Investors,1.2964861921822528,1.301100869299677
C0498,Individual,Nancy,Collins,11/21/1948,F,Canada,Alberta,Home,2,Yes,Website,1948-11-21,77,3,1007455.29,335818.43,419982.23,1258.4,3775.2,3,2024-01-03,2024-01-12,66.66666666666666,33.33333333333333,Apartment,9,1,1,1,Home-Focused / First-Time Buyers,-0.19446964075910375,-0.9940398977013049
C0499,Individual,Lisa,Patterson,02-10-1946,F,USA,Colorado,Home,3,Yes,Agency,1946-02-10,80,3,897769.81,299256.60333333333,383627.2,863.7633333333333,2591.29,3,2024-01-02,2025-01-02,66.66666666666666,33.33333333333333,Apartment,366,1,1,1,Home-Focused / First-Time Buyers,-1.679658595857213,-1.1382428160519613
C0500,Individual,Dennis,Howard,3/15/1977,M,USA,California,Home,4,Yes,Website,1977-03-15,49,3,1294944.52,431648.1733333333,476123.08,1438.2933333333333,4314.88,3,2024-01-08,2024-01-12,66.66666666666666,33.33333333333333,Apartment,4,1,3,0,High-Value / Luxury Investors,1.510278243427474,-0.5975760508120825
C0501,Individual,Kenneth,Jackson,11-12-1995,M,USA,Nevada,Investment,5,Yes,Agency,1995-11-12,30,4,1741166.27,435291.5675,545614.44,1454.35,5817.4,4,2024-01-01,2025-01-05,75.0,25.0,Apartment,370,1,0,2,Global Investors,2.099590930438238,1.5083141155165631
C0502,Individual,Madison,Gray,11/28/1966,F,USA,Arizona,Home,4,No,Website,1966-11-28,59,4,1537989.75,384497.4375,483760.31,1324.385,5297.54,4,2024-01-01,2025-01-08,50.0,50.0,Apartment,373,0,3,0,High-Value / Luxury Investors,1.4162024744855393,-0.7357197429897556
C0503,Individual,Keith,Peterson,9/26/1943,M,USA,Utah,Investment,2,Yes,Client,1943-09-26,82,4,1432167.34,358041.835,609798.92,1135.53,4542.12,4,2024-01-03,2025-01-09,75.0,25.0,Apartment,372,1,0,2,Global Investors,0.1726317019911154,0.8966168284787027
C0504,Individual,Jeffrey,Green,1/14/1992,M,USA,Utah,Home,2,No,Website,1992-01-14,34,4,1367188.58,341797.145,463948.75,1108.6075,4434.43,4,2024-01-04,2025-01-12,100.0,0.0,Apartment,374,0,1,0,Home-Focused / First-Time Buyers,0.1599121146402913,-0.6735230807680447
C0505,Individual,Katherine,Wilson,7/18/1995,F,USA,Arizona,Home,3,No,Agency,1995-07-18,31,3,1043535.21,347845.07,462127.71,1125.17,3375.51,3,2024-01-02,2024-01-09,100.0,0.0,Apartment,7,0,1,1,Home-Focused / First-Time Buyers,-0.4295979018101704,-0.7310565059758385
C0506,Individual,Albert,Stone,07-04-1967,M,USA,California,Home,5,No,Agency,1967-07-04,59,3,1122203.03,374067.6766666667,461159.55,1267.4066666666668,3802.22,3,2024-01-09,2025-01-11,66.66666666666666,33.33333333333333,Apartment,368,0,1,0,Home-Focused / First-Time Buyers,0.35899983397297813,-0.8607148771598128
C0507,Individual,Mark,Morales,2/26/1951,M,USA,New York,Home,3,No,Website,1951-02-26,75,3,1062656.61,354218.86999999994,474018.4,1221.3833333333334,3664.15,3,2024-01-04,2025-01-06,100.0,0.0,Apartment,368,0,1,1,Home-Focused / First-Time Buyers,-0.028143330913692366,-1.0398683002148357
C0508,Individual,Grace,Weaver,01-06-1970,F,USA,Nevada,Home,5,No,Agency,1970-01-06,56,3,833710.06,277903.35333333333,463860.46,900.6166666666667,2701.85,3,2024-01-06,2025-01-01,66.66666666666666,33.33333333333333,Apartment,361,0,1,1,Home-Focused / First-Time Buyers,-1.8525790033160132,-1.0389115558962356
C0509,Individual,Aaron,Cook,04-02-1956,M,Belgium,Wallonia,Home,3,No,Website,1956-04-02,70,4,1687930.25,421982.5625,636508.92,1333.2775,5333.110000000001,4,2024-01-10,2025-01-01,75.0,25.0,Apartment,357,0,3,0,High-Value / Luxury Investors,1.9837815268069505,-0.7746813773760441
C0510,Individual,Samantha,Evans,8/28/1947,F,France,Brittany,Investment,1,Yes,Website,1947-08-28,79,3,1094232.67,364744.2233333333,504493.45,1243.8233333333333,3731.47,3,2024-01-05,2025-01-07,100.0,0.0,Apartment,368,1,0,2,Global Investors,-0.22725618229983288,0.8356402596235508
C0511,Individual,Christine,Parker,7/20/1954,F,UK,England,Home,2,No,Website,1954-07-20,72,3,1090537.6,363512.5333333334,505829.95,1179.5233333333333,3538.57,3,2024-01-10,2025-01-05,33.33333333333333,66.66666666666666,Office,361,0,1,1,Home-Focused / First-Time Buyers,-0.03846533940101385,-1.0247655669697842
C0512,Individual,Hannah,Flores,6/27/1945,F,USA,Arizona,Home,1,No,Client,1945-06-27,81,3,1448158.14,482719.38000000006,558618.92,1654.4733333333334,4963.42,3,2024-01-04,2025-01-11,100.0,0.0,Apartment,373,0,3,0,High-Value / Luxury Investors,2.7472953882915054,-0.8506347447186661
C0513,Individual,Christian,Morales,03-07-1999,M,USA,Florida,Home,2,Yes,Agency,1999-03-07,27,3,974596.63,324865.54333333333,491938.8,1049.513333333333,3148.54,3,2024-01-05,2024-01-12,100.0,0.0,Apartment,7,1,1,1,Home-Focused / First-Time Buyers,-0.959201155167935,-0.6693849127077787
C0514,Individual,Rebecca,Evans,8/17/1977,F,USA,Oregon,Home,1,Yes,Website,1977-08-17,49,4,1528027.54,382006.885,598032.14,1316.0375,5264.15,4,2024-01-07,2025-01-07,50.0,50.0,Apartment,366,1,3,0,High-Value / Luxury Investors,1.2818169193279876,-0.6091567040302032
C0515,Individual,Melissa,Patterson,09-12-1963,F,USA,California,Home,1,Yes,Website,1963-09-12,63,4,1561824.93,390456.2325,486501.61,1342.7925,5371.17,4,2024-01-06,2025-01-08,100.0,0.0,Apartment,368,1,3,0,High-Value / Luxury Investors,1.4958533464071833,-0.6986096861073761
C0516,Individual,Lawrence,Nelson,4/21/1946,M,USA,Utah,Home,3,No,Website,1946-04-21,80,4,1437837.49,359459.3725,501892.72,1196.89,4787.56,4,2024-01-04,2024-01-11,75.0,25.0,Apartment,7,0,3,0,High-Value / Luxury Investors,0.7343022210695608,-0.9713324312560583
C0517,Individual,Harold,Thompson,3/20/1959,M,USA,California,Home,5,No,Client,1959-03-20,67,4,1115807.0,278951.75,413330.24,939.4875,3757.95,4,2024-01-03,2025-01-08,100.0,0.0,Apartment,371,0,1,1,Home-Focused / First-Time Buyers,-1.0943155515021994,-1.0224097794862832
C0518,Company,Lumina,Co,5/22/1962,F,USA,New York,Home,3,No,Website,1962-05-22,64,4,1633111.65,408277.9125,657039.24,1196.9725,4787.889999999999,4,2024-01-07,2025-01-07,100.0,0.0,Apartment,366,0,2,3,Corporate Buyers,1.227020673803695,4.247275843330195
C0519,Individual,Madison,Freeman,10-04-1975,F,USA,Arizona,Investment,3,No,Agency,1975-10-04,50,3,981719.26,327239.75333333336,436603.35,1108.996666666667,3326.99,3,2024-01-12,2025-01-07,100.0,0.0,Apartment,361,0,0,2,Global Investors,-1.0664039019088531,0.915702867953838
C0520,Individual,Helen,White,02-11-1970,F,USA,Oregon,Home,3,Yes,Agency,1970-02-11,56,3,1033523.16,344507.72000000003,454823.84,1108.996666666667,3326.99,3,2024-01-01,2025-01-10,100.0,0.0,Apartment,375,1,1,0,Home-Focused / First-Time Buyers,-0.48773329028213175,-0.8436012099671614
C0521,Individual,Stephanie,Allen,04-02-1967,F,Canada,British Columbia,Home,3,No,Website,1967-04-02,59,4,1074306.5,268576.625,428385.38,872.6800000000001,3490.7200000000003,4,2024-01-07,2025-01-08,100.0,0.0,Apartment,367,0,1,1,Home-Focused / First-Time Buyers,-1.4655847245093117,-1.0117128839603282
C0522,Individual,Nicole,Campbell,7/13/1942,F,USA,Virginia,Home,5,No,Agency,1942-07-13,84,3,993023.13,331007.71,365717.82,1240.6066666666666,3721.82,3,2024-01-08,2025-01-12,66.66666666666666,33.33333333333333,Apartment,370,0,1,1,Home-Focused / First-Time Buyers,-0.23161613910250733,-1.1129294332802668
C0523,Individual,Cynthia,Hansen,8/22/1960,F,USA,Colorado,Home,2,No,Agency,1960-08-22,66,3,928962.95,309654.31666666665,458362.92,1058.6633333333332,3175.99,3,2024-01-11,2025-01-12,33.33333333333333,66.66666666666666,Office,367,0,1,1,Home-Focused / First-Time Buyers,-1.0624795924633845,-1.0730867421035106
C0524,Individual,Harold,Thompson,5/24/1953,M,USA,Washington,Home,3,No,Website,1953-05-24,73,3,801104.6900000001,267034.89666666667,372739.71,897.3100000000001,2691.9300000000003,3,2024-01-02,2024-01-12,100.0,0.0,Apartment,10,0,1,1,Home-Focused / First-Time Buyers,-2.0099562722959203,-1.2051153834546293
C0525,Individual,Frank,Gray,06-12-1950,M,USA,Arizona,Home,4,Yes,Agency,1950-06-12,76,4,1629457.52,407364.38,528447.33,1299.3275,5197.31,4,2024-01-04,2025-01-12,75.0,25.0,Apartment,374,1,3,0,High-Value / Luxury Investors,1.698006327092879,-0.7515172736498282
C0526,Individual,Harold,Green,2/28/1968,M,Germany,Bavaria,Home,5,No,Website,1968-02-28,58,3,1301139.77,433713.25666666665,578194.07,1592.1233333333332,4776.37,3,2024-01-04,2025-01-09,66.66666666666666,33.33333333333333,Apartment,371,0,3,0,High-Value / Luxury Investors,1.9806509899017872,-0.7071668470343766
C0527,Individual,Andrew,Baker,7/19/1979,M,USA,California,Home,2,No,Website,1979-07-19,47,3,1138099.7,379366.56666666665,544170.95,1299.5366666666666,3898.61,3,2024-01-04,2024-01-10,100.0,0.0,Apartment,6,0,3,0,High-Value / Luxury Investors,0.4430128365617645,-0.7867986756085941
C0528,Individual,Benjamin,Davis,08-09-2000,M,USA,Washington,Investment,2,No,Client,2000-08-09,26,3,1118472.87,372824.29,518036.13,1206.2733333333333,3618.82,3,2024-01-03,2024-01-07,66.66666666666666,33.33333333333333,Apartment,4,0,0,2,Global Investors,-0.27398928321463323,1.168087780370651
C0529,Individual,Paul,Jordan,11/14/1973,M,USA,Nevada,Home,4,Yes,Website,1973-11-14,52,4,1268138.95,317034.7375,420874.11,1098.1675,4392.67,4,2024-01-01,2025-01-06,100.0,0.0,Apartment,371,1,1,1,Home-Focused / First-Time Buyers,-0.1765604786536046,-0.7414100046210929
C0530,Individual,Patricia,Reed,09-07-1952,F,USA,Utah,Home,2,Yes,Agency,1952-09-07,74,4,1559124.69,389781.1725,579567.49,1246.7075,4986.83,4,2024-01-02,2025-01-07,100.0,0.0,Apartment,371,1,3,0,High-Value / Luxury Investors,1.268319450438507,-0.7942155372534632
C0531,Individual,Emily,White,9/19/1976,F,USA,California,Home,1,No,Website,1976-09-19,49,4,1911300.78,477825.195,580528.21,1510.65,6042.6,4,2024-01-06,2025-01-09,100.0,0.0,Apartment,369,0,3,0,High-Value / Luxury Investors,3.1930238555812784,-0.5156123200130969
C0532,Individual,Lauren,Moore,08-12-1979,F,Belgium,Flanders,Home,2,No,Website,1979-08-12,47,4,1075202.77,268800.6925,411253.4,990.9875,3963.95,4,2024-01-01,2024-01-12,75.0,25.0,Apartment,11,0,1,1,Home-Focused / First-Time Buyers,-1.1879976910875552,-0.9042680440194434
C0533,Individual,Jeffrey,Williams,09-06-1963,M,USA,Nevada,Investment,1,No,Agency,1963-09-06,63,4,990028.19,247507.0475,438895.96,787.46,3149.84,4,2024-01-01,2025-01-08,75.0,25.0,Apartment,373,0,0,2,Global Investors,-2.3781761097306586,0.7096223648568355
C0534,Individual,Bryan,Miller,2/21/1958,M,USA,California,Investment,1,No,Agency,1958-02-21,68,3,1133195.2,377731.7333333333,406001.38,1371.6133333333337,4114.84,3,2024-01-01,2024-01-09,66.66666666666666,33.33333333333333,Apartment,8,0,0,2,Global Investors,0.26938151877839744,0.877127990818428
C0535,Individual,Judith,Allen,12/22/1987,F,UK,Wales,Home,3,No,Agency,1987-12-22,38,3,1299053.94,433017.98,494969.3,1386.32,4158.96,3,2024-01-01,2025-01-04,100.0,0.0,Apartment,369,0,3,0,High-Value / Luxury Investors,1.3691603126558538,-0.620367540260744
C0536,Individual,Brittany,Weaver,3/14/1956,F,USA,Arizona,Investment,5,Yes,Website,1956-03-14,70,3,983106.84,327702.28,512156.34,1104.51,3313.53,3,2024-01-05,2025-01-05,66.66666666666666,33.33333333333333,Apartment,366,1,0,2,Global Investors,-1.0186472099460815,0.8701207311656273
C0537,Individual,Carl,Baker,4/25/1962,M,USA,Florida,Home,2,No,Client,1962-04-25,64,4,1490327.5,372581.875,595842.66,1239.145,4956.58,4,2024-01-06,2025-01-11,50.0,50.0,Apartment,371,0,3,0,High-Value / Luxury Investors,0.9941730890146099,-0.8310258752899541
C0538,Individual,Richard,Pierce,4/23/1969,M,USA,California,Home,1,Yes,Agency,1969-04-23,57,4,1206897.7000000002,301724.42500000005,464389.02,1103.3225,4413.29,4,2024-01-07,2025-01-09,75.0,25.0,Apartment,368,1,1,1,Home-Focused / First-Time Buyers,-0.4282677131426584,-0.8326559057371153
C0539,Individual,Lawrence,Bryant,2/25/1991,M,USA,California,Investment,1,Yes,Agency,1991-02-25,35,4,1645321.2,411330.3,493737.03,1338.9,5355.599999999999,4,2024-01-07,2025-01-12,75.0,25.0,Apartment,371,1,0,2,Global Investors,1.3899597236752357,1.3678155129021672
C0540,Individual,Anna,Long,2/27/1997,F,USA,New York,Home,3,No,Agency,1997-02-27,29,3,494173.31,164724.43666666668,193265.77,577.2433333333333,1731.73,3,2024-01-05,2025-01-11,66.66666666666666,33.33333333333333,Apartment,372,0,1,1,Home-Focused / First-Time Buyers,-4.241580861798376,-1.066268473696642
C0541,Individual,Anthony,Garcia,3/22/2000,M,UK,Northern Ireland,Home,3,No,Agency,2000-03-22,26,4,1721673.54,430418.385,566466.92,1296.5625,5186.25,4,2024-01-12,2025-01-12,100.0,0.0,Apartment,366,0,3,0,High-Value / Luxury Investors,1.9431550693516113,-0.4327188935579121
C0542,Company,Lumina,Co,9/26/1985,M,Mexico,Mexico City,Home,3,No,Website,1985-09-26,40,4,1195819.4,298954.85,385011.74,1024.3375,4097.35,4,2024-01-04,2025-01-12,50.0,50.0,Apartment,374,0,2,3,Corporate Buyers,-0.8487608601819634,4.236119071555124
C0543,Individual,Joan,Parker,7/23/1947,F,USA,Texas,Home,2,Yes,Website,1947-07-23,79,3,753145.67,251048.55666666667,350655.95,862.8699999999999,2588.61,3,2024-01-10,2025-01-06,66.66666666666666,33.33333333333333,Apartment,362,1,1,1,Home-Focused / First-Time Buyers,-2.3257730514584125,-1.2024158570469257
C0544,Individual,Kevin,White,10/16/1974,M,USA,Utah,Home,2,No,Website,1974-10-16,51,4,1636756.28,409189.07,504689.77,1326.2525,5305.01,4,2024-01-07,2025-01-07,100.0,0.0,Apartment,366,0,3,0,High-Value / Luxury Investors,1.7338161881358312,-0.6594729687502897
C0545,Individual,Paul,Griffin,08-04-1942,M,USA,Colorado,Home,1,Yes,Agency,1942-08-04,84,3,1260126.39,420042.13,532459.61,1452.263333333333,4356.79,3,2024-01-10,2025-01-09,100.0,0.0,Apartment,365,1,3,0,High-Value / Luxury Investors,1.3991467043063688,-0.9097525250875383
C0546,Individual,Samuel,Flores,12/23/1967,M,Canada,Manitoba,Home,4,No,Client,1967-12-23,58,3,795528.06,265176.02,306339.37,932.37,2797.11,3,2024-01-02,2025-01-06,100.0,0.0,Apartment,370,0,1,1,Home-Focused / First-Time Buyers,-1.948415022914025,-1.0741170209055133
C0547,Individual,Diane,Allen,9/20/1947,F,USA,California,Investment,2,No,Agency,1947-09-20,79,4,1178457.95,294614.4875,388928.18,1028.3225,4113.29,4,2024-01-05,2025-01-10,100.0,0.0,Apartment,371,0,0,2,Global Investors,-1.02281867232654,0.717689200695983
C0548,Individual,Christopher,Foster,04-11-1980,M,USA,California,Home,2,No,Agency,1980-04-11,46,3,1047476.93,349158.9766666666,515231.68,1186.4366666666667,3559.31,3,2024-01-01,2024-01-07,66.66666666666666,33.33333333333333,Apartment,6,0,1,1,Home-Focused / First-Time Buyers,-0.24624704987789325,-0.8418734697618253
C0549,Individual,Daniel,Sanders,10/15/1972,M,USA,Florida,Home,4,No,Website,1972-10-15,53,3,941219.76,313739.92,386941.83,1082.75,3248.25,3,2024-01-09,2025-01-11,100.0,0.0,Apartment,368,0,1,1,Home-Focused / First-Time Buyers,-0.9326455417358003,-0.9416705491457378
C0550,Company,Vertex,Co,04-09-1967,F,USA,Nevada,Home,1,No,Agency,1967-04-09,59,4,1414568.09,353642.0225,445954.78,1123.6174999999998,4494.469999999999,4,2024-01-05,2024-01-08,100.0,0.0,Apartment,3,0,2,3,Corporate Buyers,0.200432841219592,4.16957234762328
C0551,Individual,Billy,Freeman,5/17/1960,M,USA,California,Investment,4,No,Website,1960-05-17,66,3,1007397.56,335799.1866666667,543106.45,1110.6233333333332,3331.87,3,2024-01-04,2025-01-03,100.0,0.0,Apartment,365,0,0,2,Global Investors,-0.9098786537469352,0.8147024873830153
C0552,Individual,Kyle,Cook,10/20/1965,M,USA,Virginia,Investment,3,No,Agency,1965-10-20,60,3,1141476.56,380492.1866666667,546573.79,1196.1733333333334,3588.52,3,2024-01-01,2025-01-09,66.66666666666666,33.33333333333333,Apartment,374,0,0,2,Global Investors,-0.13225466250532483,0.9252562538383419
C0553,Individual,James,Bell,11/26/1978,M,USA,Arizona,Home,3,No,Website,1978-11-26,47,3,821534.9400000001,273844.98000000004,375810.64,897.3100000000001,2691.9300000000003,3,2024-01-11,2025-01-08,66.66666666666666,33.33333333333333,Apartment,363,0,1,1,Home-Focused / First-Time Buyers,-1.961254491513453,-0.996926692172481
C0554,Individual,Carl,Moore,12/24/1948,M,Australia,Victoria,Home,1,Yes,Agency,1948-12-24,77,4,1643592.85,410898.2125,533306.66,1295.265,5181.06,4,2024-01-03,2025-01-03,75.0,25.0,Apartment,366,1,3,0,High-Value / Luxury Investors,1.6897489248645212,-0.7868288525007308
C0555,Individual,Aaron,Nelson,4/23/1971,M,USA,California,Investment,4,Yes,Agency,1971-04-23,55,3,1064533.27,354844.42333333334,507714.49,1162.6166666666666,3487.85,3,2024-01-11,2025-01-08,66.66666666666666,33.33333333333333,Apartment,363,1,0,2,Global Investors,-0.5542277990276707,1.021588541749577
C0556,Individual,Zachary,Sanders,10/17/1958,M,USA,Colorado,Home,5,No,Website,1958-10-17,67,3,1335478.18,445159.3933333333,508776.17,1526.9566666666667,4580.87,3,2024-01-04,2025-01-11,66.66666666666666,33.33333333333333,Apartment,373,0,3,0,High-Value / Luxury Investors,1.9724153433931084,-0.7758759233520008
C0557,Individual,Judy,Griffin,9/25/1941,F,USA,Utah,Investment,2,No,Website,1941-09-25,84,3,733161.98,244387.32666666663,384719.5,791.0400000000001,2373.1200000000003,3,2024-01-02,2025-01-12,100.0,0.0,Apartment,376,0,0,2,Global Investors,-2.937948682416849,0.47032136366404614
C0558,Individual,Cheryl,Wood,10/23/1974,F,Denmark,North Denmark,Home,3,No,Website,1974-10-23,51,3,1033995.96,344665.32,492997.29,1092.54,3277.62,3,2024-01-12,2025-01-11,100.0,0.0,Apartment,365,0,1,1,Home-Focused / First-Time Buyers,-0.5257017583188777,-0.8956651436509182
C0559,Company,Corvus,Co,8/18/1969,M,USA,California,Home,5,No,Client,1969-08-18,57,4,1004028.87,251007.2175,438095.92,786.87,3147.48,4,2024-01-03,2025-01-09,75.0,25.0,Apartment,372,0,2,3,Corporate Buyers,-2.106640501123171,4.006139549009705
C0560,Individual,Janice,Nelson,4/20/1988,F,Australia,South Australia,Home,3,No,Website,1988-04-20,38,3,1433718.12,477906.04,575175.8,1500.72,4502.16,3,2024-01-01,2025-01-11,66.66666666666666,33.33333333333333,Apartment,376,0,3,0,High-Value / Luxury Investors,2.2507529153634467,-0.5387490133483398
C0561,Company,Bravada,Co,11/20/1962,F,USA,Arizona,Investment,3,No,Website,1962-11-20,63,4,1589252.43,397313.1075,503687.91,1298.145,5192.58,4,2024-01-06,2025-01-01,100.0,0.0,Apartment,361,0,2,3,Corporate Buyers,0.974747114948821,6.083217707320494
C0562,Individual,Judy,Peterson,11/23/1940,F,USA,Utah,Investment,5,Yes,Website,1940-11-23,85,4,1423675.7200000002,355918.93000000005,604532.8,1154.105,4616.42,4,2024-01-01,2025-01-07,100.0,0.0,Apartment,372,1,0,2,Global Investors,0.24543926001123653,0.9064090296760999
C0563,Individual,William,Howard,1/22/1991,M,USA,California,Home,2,Yes,Agency,1991-01-22,35,4,1012807.93,253201.9825,301398.29,842.75,3371.0,4,2024-01-11,2025-01-07,75.0,25.0,Apartment,362,1,1,1,Home-Focused / First-Time Buyers,-1.8312292976426336,-0.7797428372391247
C0564,Individual,Scott,Adams,09-02-1952,M,USA,Texas,Home,1,No,Agency,1952-09-02,74,3,1135017.6,378339.2,600992.42,1250.3066666666666,3750.92,3,2024-01-11,2025-01-10,100.0,0.0,Apartment,365,0,1,0,Home-Focused / First-Time Buyers,0.32526181553167505,-1.0166291631110538
C0565,Individual,Austin,Wood,9/26/1985,M,France,Brittany,Home,1,No,Website,1985-09-26,40,3,1043494.32,347831.44,545741.02,1167.2766666666666,3501.83,3,2024-01-07,2025-01-07,100.0,0.0,Apartment,366,0,1,1,Home-Focused / First-Time Buyers,-0.33956166638370955,-0.8122724591437537
C0566,Individual,Janice,Miller,12-09-2000,F,USA,Oregon,Investment,4,Yes,Agency,2000-12-09,25,4,1167701.9,291925.475,575087.19,965.295,3861.18,4,2024-01-04,2025-01-09,100.0,0.0,Apartment,371,1,0,2,Global Investors,-1.2860857189940484,1.222949269581713
C0567,Individual,Megan,Chavez,10-07-1953,F,Russia,Saint Petersburg,Investment,2,Yes,Agency,1953-10-07,72,4,1869286.1,467321.525,650710.38,1546.3875,6185.55,4,2024-01-04,2025-01-10,75.0,25.0,Apartment,372,1,3,2,High-Value / Luxury Investors,2.8190548952708645,1.2202990822603954
C0568,Individual,Timothy,Wright,09-04-1953,M,USA,California,Home,3,No,Website,1953-09-04,73,3,944335.88,314778.62666666665,449151.55,1015.94,3047.82,3,2024-01-01,2024-01-09,33.33333333333333,66.66666666666666,Office,8,0,1,1,Home-Focused / First-Time Buyers,-1.0802511620836388,-1.1189648694106507
C0569,Individual,Mary,Cook,12-05-1971,F,USA,California,Home,5,Yes,Client,1971-12-05,54,3,1384749.3,461583.1,522654.07,1460.493333333333,4381.48,3,2024-01-02,2025-01-11,100.0,0.0,Apartment,375,1,3,0,High-Value / Luxury Investors,1.9811579715667091,-0.5826239443975452
C0570,Individual,Hannah,Peterson,06-03-1965,F,France,Occitanie,Home,5,Yes,Website,1965-06-03,61,4,1527210.47,381802.6175,526682.25,1310.8225,5243.29,4,2024-01-01,2024-01-06,100.0,0.0,Apartment,5,1,3,0,High-Value / Luxury Investors,1.3508095569523741,-0.6602069368626045
C0571,Individual,Adam,Chavez,07-03-1966,M,USA,California,Home,3,No,Website,1966-07-03,60,4,1549969.49,387492.3725,419927.79,1458.93,5835.72,4,2024-01-02,2024-01-06,75.0,25.0,Apartment,4,0,3,0,High-Value / Luxury Investors,1.7963258114565837,-0.7205362454863954
C0572,Individual,Ann,Johnson,11-12-1993,F,USA,California,Investment,5,No,Website,1993-11-12,32,4,1519677.44,379919.36,450012.44,1228.8325,4915.33,4,2024-01-03,2025-01-04,100.0,0.0,Apartment,367,0,0,2,Global Investors,0.7192801206268008,1.277013035259124
C0573,Company,Altira,Co,4/24/1977,M,USA,Georgia,Home,4,Yes,Agency,1977-04-24,49,3,785842.76,261947.58666666667,427006.84,849.7466666666668,2549.24,3,2024-01-03,2024-01-11,100.0,0.0,Apartment,8,1,2,3,Corporate Buyers,-2.422854141997232,4.08528963908174
C0574,Individual,Gerald,Cox,9/15/1968,M,USA,California,Home,2,No,Agency,1968-09-15,58,4,1261906.32,315476.58,523216.37,1052.2475,4208.99,4,2024-01-05,2025-01-06,75.0,25.0,Apartment,367,0,1,1,Home-Focused / First-Time Buyers,-0.3331446950180642,-0.9079821876869015
C0575,Individual,Brian,Hansen,1/21/1966,M,USA,California,Investment,2,No,Website,1966-01-21,60,3,1018391.27,339463.75666666665,506852.64,1107.81,3323.43,3,2024-01-01,2024-01-12,66.66666666666666,33.33333333333333,Apartment,11,0,0,2,Global Investors,-0.9124951521985583,0.843545058756976
C0576,Individual,Terry,Reyes,2/24/1959,M,Germany,Hamburg,Home,1,No,Client,1959-02-24,67,3,1047406.79,349135.5966666667,516482.69,1082.8966666666668,3248.69,3,2024-01-06,2024-01-12,100.0,0.0,Apartment,6,0,1,1,Home-Focused / First-Time Buyers,-0.5021816013540983,-1.0361464925880046
C0577,Individual,Christopher,Miller,5/18/1989,M,USA,Arizona,Home,3,No,Website,1989-05-18,37,3,693899.0099999999,231299.66999999995,279379.41,879.3433333333332,2638.03,3,2024-01-02,2025-01-05,100.0,0.0,Apartment,369,0,1,1,Home-Focused / First-Time Buyers,-2.5754616975913147,-0.9779282509880014
C0578,Individual,Lauren,Rogers,7/22/1999,F,USA,Arizona,Home,5,Yes,Client,1999-07-22,27,3,707276.53,235758.84333333332,266964.5,899.7566666666667,2699.27,3,2024-01-07,2025-01-02,100.0,0.0,Apartment,361,1,1,1,Home-Focused / First-Time Buyers,-2.4564721245170844,-0.7827859681563821
C0579,Individual,Christopher,Ward,09-04-1941,M,USA,Texas,Investment,3,No,Website,1941-09-04,85,3,1198428.64,399476.2133333334,592851.63,1299.5366666666666,3898.61,3,2024-01-06,2025-01-11,100.0,0.0,Apartment,371,0,0,2,Global Investors,0.4225269287291118,0.7797962212966297
C0580,Individual,Heather,Watson,11-01-1948,F,USA,California,Home,2,Yes,Client,1948-11-01,77,4,2158954.7800000003,539738.6950000001,620192.42,1726.0575,6904.23,4,2024-01-01,2025-01-10,100.0,0.0,Apartment,375,1,3,0,High-Value / Luxury Investors,4.704458222182984,-0.4966985428967428
C0581,Individual,Kimberly,Stewart,12/21/1957,F,USA,California,Investment,5,Yes,Website,1957-12-21,68,4,1029755.56,257438.89,371216.71,801.065,3204.26,4,2024-01-03,2024-01-09,75.0,25.0,Apartment,6,1,0,2,Global Investors,-2.1340886714457286,0.8181015899044782
C0582,Individual,Teresa,Pierce,02-10-1940,F,USA,Washington,Investment,3,Yes,Website,1940-02-10,86,3,708559.1499999999,236186.3833333333,387349.97,791.0400000000001,2373.1200000000003,3,2024-01-06,2025-01-12,66.66666666666666,33.33333333333333,Apartment,372,1,0,2,Global Investors,-3.035126191387573,0.5422837670063521
C0583,Individual,Kevin,Scott,10/27/1986,M,USA,California,Home,2,No,Agency,1986-10-27,39,4,1237228.18,309307.045,390024.91,996.7025,3986.81,4,2024-01-02,2025-01-12,100.0,0.0,Apartment,376,0,1,0,Home-Focused / First-Time Buyers,-0.5970040264828528,-0.7830947794194212
C0584,Individual,Janice,Taylor,11-03-1982,F,USA,California,Home,5,No,Website,1982-11-03,43,3,1135691.62,378563.87333333335,501136.87,1350.9733333333334,4052.92,3,2024-01-11,2025-01-06,100.0,0.0,Apartment,361,0,3,0,High-Value / Luxury Investors,0.6115178247410006,-0.7141055124828853
C0585,Individual,Anthony,Edwards,02-07-1961,M,USA,Colorado,Home,3,No,Agency,1961-02-07,65,4,1003690.18,250922.545,298657.8,886.4275,3545.71,4,2024-01-01,2025-01-10,75.0,25.0,Apartment,375,0,1,1,Home-Focused / First-Time Buyers,-1.6768530336173955,-1.0802973723364926
C0586,Individual,Noah,Morales,6/14/1977,M,USA,California,Home,2,Yes,Client,1977-06-14,49,3,1226524.31,408841.4366666667,553899.49,1286.4266666666667,3859.28,3,2024-01-06,2025-01-07,100.0,0.0,Apartment,367,1,3,0,High-Value / Luxury Investors,0.7835059213832207,-0.6805975009060614
C0587,Individual,Pamela,Richardson,11/24/1992,F,USA,New York,Home,4,No,Website,1992-11-24,33,4,1093439.84,273359.96,386382.22,911.785,3647.14,4,2025-01-01,2025-01-10,100.0,0.0,Apartment,9,0,1,0,Home-Focused / First-Time Buyers,-1.3166563986188269,-0.7861408598081775
C0588,Individual,Janice,White,11/20/1989,F,USA,Florida,Home,2,No,Website,1989-11-20,36,4,1495976.14,373994.035,529783.19,1271.345,5085.38,4,2024-01-01,2025-01-07,100.0,0.0,Apartment,372,0,3,0,High-Value / Luxury Investors,1.0562077813780009,-0.6070905319197611
C0589,Individual,Christopher,Williams,9/21/1946,M,USA,Texas,Investment,5,No,Client,1946-09-21,80,4,1982246.22,495561.555,539246.07,1699.3675,6797.47,4,2024-01-02,2025-01-09,75.0,25.0,Apartment,373,0,3,2,High-Value / Luxury Investors,3.7026477936841418,1.1776320801818345
C0590,Individual,Arthur,Campbell,9/16/1966,M,UK,Scotland,Investment,2,No,Website,1966-09-16,60,4,1105388.89,276347.22250000003,364484.54,935.765,3743.06,4,2024-01-02,2025-01-07,100.0,0.0,Apartment,371,0,0,2,Global Investors,-1.5591784516287053,0.8170763361777098
C0591,Individual,Dorothy,Long,09-03-1968,F,USA,Nevada,Home,1,No,Website,1968-09-03,58,3,1336217.65,445405.8833333333,473238.41,1460.493333333333,4381.48,3,2024-01-03,2025-01-02,100.0,0.0,Apartment,365,0,3,0,High-Value / Luxury Investors,1.7207395186882413,-0.7633664443885093
C0592,Individual,Roger,Moore,03-06-1972,M,USA,Arizona,Investment,2,No,Client,1972-03-06,54,3,787516.58,262505.5266666667,353140.87,851.4266666666667,2554.28,3,2024-01-06,2025-01-04,100.0,0.0,Apartment,364,0,0,2,Global Investors,-2.590686956826118,0.7366135695927314
C0593,Individual,Elizabeth,Carter,08-08-1952,F,USA,California,Home,2,Yes,Agency,1952-08-08,74,4,2012063.38,503015.845,578707.72,1575.1075,6300.43,4,2024-01-04,2024-01-08,100.0,0.0,Apartment,4,1,3,0,High-Value / Luxury Investors,3.7717429801405147,-0.5594412267672825
C0594,Individual,Diane,Patterson,08-02-1942,F,USA,Utah,Home,1,No,Agency,1942-08-02,84,3,1137572.87,379190.9566666667,501939.76,1221.6766666666665,3665.03,3,2024-01-01,2025-01-08,100.0,0.0,Apartment,373,0,1,0,Home-Focused / First-Time Buyers,0.27667400141817716,-1.098510544878605
C0595,Individual,Anna,Murray,10-06-1966,F,USA,Utah,Home,3,No,Agency,1966-10-06,59,3,914304.97,304768.3233333333,491381.22,934.4333333333334,2803.3,3,2024-01-06,2025-01-04,66.66666666666666,33.33333333333333,Apartment,364,0,1,1,Home-Focused / First-Time Buyers,-1.4446668796090854,-1.0418398440501004
C0596,Individual,Gerald,Phillips,4/17/1976,M,USA,Nevada,Home,4,No,Agency,1976-04-17,50,4,1094771.49,273692.8725,349555.66,1023.9675,4095.87,4,2025-01-03,2025-01-12,75.0,25.0,Apartment,9,0,1,0,Home-Focused / First-Time Buyers,-0.9924609769270661,-0.8918388354028184
C0597,Individual,Peter,King,2/17/1986,M,UK,Northern Ireland,Home,2,Yes,Website,1986-02-17,40,3,976844.17,325614.7233333333,336562.17,1033.62,3100.86,3,2024-01-06,2025-01-08,100.0,0.0,Apartment,368,1,1,1,Home-Focused / First-Time Buyers,-0.9712294935095046,-0.7716633999316336
C0598,Individual,Jacob,Gray,6/24/1949,M,USA,Colorado,Investment,4,No,Website,1949-06-24,77,4,1398930.7000000002,349732.67500000005,578866.18,1135.53,4542.12,4,2025-01-02,2025-01-12,100.0,0.0,Apartment,10,0,0,2,Global Investors,0.0886467106674556,0.8571540026348029
C0599,Individual,Jennifer,Turner,3/19/1998,F,Canada,Alberta,Home,2,No,Agency,1998-03-19,28,3,1162815.78,387605.26,519841.25,1354.0866666666668,4062.26,3,2024-01-04,2025-01-06,100.0,0.0,Apartment,368,0,3,0,High-Value / Luxury Investors,0.6636101982044231,-0.6187112660807761
C0600,Individual,Thomas,King,3/17/1984,M,USA,Oregon,Investment,1,No,Client,1984-03-17,42,3,917709.61,305903.2033333333,331613.25,1042.71,3128.13,3,2024-01-06,2024-01-12,100.0,0.0,Apartment,6,0,0,2,Global Investors,-1.5624502547738255,0.9144907592503306
C0601,Individual,Lisa,Nelson,10/16/1972,F,USA,California,Home,4,No,Website,1972-10-16,53,4,1700411.72,425102.93,608461.19,1307.3,5229.2,4,2024-01-03,2025-01-07,100.0,0.0,Apartment,370,0,3,0,High-Value / Luxury Investors,1.952047689276408,-0.6346946485248236
C0602,Individual,Albert,Hayes,3/24/1984,M,Germany,Bavaria,Home,4,No,Agency,1984-03-24,42,4,905508.82,226377.205,319887.69,748.33,2993.32,4,2024-01-04,2025-01-11,75.0,25.0,Apartment,373,0,1,1,Home-Focused / First-Time Buyers,-2.412778755518267,-0.9585258373505132
C0603,Individual,Diane,Thompson,01-07-1994,F,USA,New York,Home,4,Yes,Agency,1994-01-07,32,4,1218095.3,304523.825,402393.19,1027.81,4111.24,4,2024-01-04,2024-01-09,100.0,0.0,Apartment,5,1,1,1,Home-Focused / First-Time Buyers,-0.5727811752669607,-0.6212194231235951
C0604,Individual,Danielle,Montgomery,9/17/1998,F,Belgium,Wallonia,Home,1,No,Agency,1998-09-17,27,3,791133.03,263711.01,427718.82,919.0466666666666,2757.14,3,2024-01-01,2025-01-07,66.66666666666666,33.33333333333333,Apartment,372,0,1,1,Home-Focused / First-Time Buyers,-2.1000203427385853,-0.8727756541634774
C0605,Individual,Nathan,Flores,6/28/1974,M,USA,Utah,Home,4,Yes,Agency,1974-06-28,52,4,1407314.33,351828.5825,470883.03,1267.07,5068.28,4,2024-01-01,2024-01-12,75.0,25.0,Apartment,11,1,3,0,High-Value / Luxury Investors,0.7705248072901433,-0.654537902019109
C0606,Individual,Carolyn,Stone,12/25/1949,F,France,Ile-de-France,Investment,1,No,Website,1949-12-25,76,3,1070969.53,356989.8433333333,442981.99,1146.263333333333,3438.79,3,2024-01-03,2025-01-12,100.0,0.0,Apartment,375,0,0,2,Global Investors,-0.5769634086265149,0.7406350842805152
C0607,Individual,Daniel,Edwards,9/14/1962,M,USA,California,Home,1,No,Agency,1962-09-14,64,3,1125230.12,375076.7066666666,381636.61,1371.6133333333337,4114.84,3,2024-01-02,2024-01-12,100.0,0.0,Apartment,10,0,3,0,High-Value / Luxury Investors,0.5849888561066049,-0.9177194184168893
C0608,Individual,Jerry,Adams,6/14/1956,M,USA,California,Home,4,No,Agency,1956-06-14,70,4,1201411.56,300352.89,564420.33,1018.5225,4074.09,4,2024-01-04,2024-01-06,75.0,25.0,Apartment,2,0,1,1,Home-Focused / First-Time Buyers,-0.5890401063928413,-1.0080089387440734
C0609,Individual,Julia,Richardson,5/22/1961,F,USA,Washington,Home,4,No,Agency,1961-05-22,65,4,1307567.64,326891.91,539078.45,1255.1325000000002,5020.530000000001,4,2024-01-08,2025-01-08,100.0,0.0,Apartment,366,0,1,1,Home-Focused / First-Time Buyers,0.4076444517483214,-0.8800161033085714
C0610,Individual,Ann,Owens,05-10-1970,F,USA,California,Investment,4,No,Website,1970-05-10,56,3,1178597.68,392865.8933333333,477431.41,1339.73,4019.19,3,2024-01-02,2025-01-09,100.0,0.0,Apartment,373,0,0,2,Global Investors,0.4145031453346544,1.0133501919635375
C0611,Individual,Jacob,Price,12-06-1950,M,USA,California,Home,4,No,Agency,1950-12-06,75,4,1142671.94,285667.985,433951.65,997.415,3989.66,4,2024-01-03,2025-01-07,100.0,0.0,Apartment,370,0,1,1,Home-Focused / First-Time Buyers,-0.8498846306209321,-1.0721795912562242
C0612,Individual,Kevin,Wood,1/26/1960,M,USA,Florida,Home,4,No,Agency,1960-01-26,66,4,1671846.3,417961.575,633040.56,1389.15,5556.6,4,2024-01-01,2024-01-11,100.0,0.0,Apartment,10,0,3,0,High-Value / Luxury Investors,2.082258962517371,-0.7270622613488553
C0613,Individual,Cynthia,Cox,10-02-1995,F,Australia,Victoria,Home,4,No,Agency,1995-10-02,30,3,1186019.52,395339.84,447068.49,1366.5633333333335,4099.6900000000005,3,2024-01-01,2025-01-10,100.0,0.0,Apartment,375,0,3,0,High-Value / Luxury Investors,0.8332903170749892,-0.6003254339257186
C0614,Individual,George,Bryant,01-07-1972,M,UK,Wales,Home,3,Yes,Website,1972-01-07,54,4,1025958.38,256489.595,323890.25,858.9825,3435.93,4,2024-01-03,2025-01-06,75.0,25.0,Apartment,369,1,1,1,Home-Focused / First-Time Buyers,-1.6952268881277999,-0.9066917973554851
C0615,Individual,Jordan,King,01-12-1957,M,USA,Utah,Home,2,Yes,Website,1957-01-12,69,4,919002.01,229750.5025,284149.74,748.33,2993.32,4,2024-01-01,2025-01-10,100.0,0.0,Apartment,375,1,1,1,Home-Focused / First-Time Buyers,-2.3669246539495035,-1.0950592308332525
C0616,Individual,Julie,Brooks,4/17/1963,F,USA,Virginia,Investment,1,Yes,Agency,1963-04-17,63,3,1013364.3,337788.10000000003,519571.55,1074.6233333333332,3223.87,3,2024-01-11,2025-01-02,66.66666666666666,33.33333333333333,Apartment,357,1,0,2,Global Investors,-1.0439486300074756,0.8876613166795321
C0617,Individual,Carolyn,Evans,10-07-1986,F,USA,Ohio,Home,5,Yes,Website,1986-10-07,39,3,766861.21,255620.4033333333,408314.89,849.6366666666667,2548.91,3,2024-01-02,2024-01-10,100.0,0.0,Apartment,8,1,1,1,Home-Focused / First-Time Buyers,-2.3115976367620816,-0.8606073016940146
C0618,Individual,Austin,Taylor,05-11-1968,M,USA,Texas,Home,3,No,Agency,1968-05-11,58,3,982803.0,327601.0,498882.11,1113.29,3339.87,3,2024-01-04,2024-01-09,66.66666666666666,33.33333333333333,Apartment,5,0,1,1,Home-Focused / First-Time Buyers,-0.6821353056172491,-0.9665032001083036
C0619,Individual,Heather,Morales,4/25/1970,F,USA,Washington,Home,4,No,Website,1970-04-25,56,3,1411977.41,470659.13666666666,545321.51,1471.9,4415.7,3,2024-01-04,2024-01-07,33.33333333333333,66.66666666666666,Office,3,0,3,0,High-Value / Luxury Investors,2.125624838878886,-0.6817094769671561
C0620,Individual,Sarah,Howard,4/22/1960,F,France,Brittany,Home,3,No,Website,1960-04-22,66,3,1532429.29,510809.76333333337,619177.19,1504.28,4512.84,3,2024-01-09,2025-01-08,66.66666666666666,33.33333333333333,Apartment,365,0,3,0,High-Value / Luxury Investors,2.729640520635854,-0.7112374078336557
C0621,Individual,Jonathan,Turner,2/13/1982,M,Germany,Bavaria,Investment,3,Yes,Agency,1982-02-13,44,3,791609.11,263869.7033333333,372530.49,869.7866666666667,2609.36,3,2024-01-10,2025-01-04,100.0,0.0,Apartment,360,1,0,2,Global Investors,-2.5340463966368487,0.91677184287639
C0622,Individual,Katherine,Ward,10-09-1987,F,USA,Washington,Investment,2,No,Client,1987-10-09,38,3,869334.73,289778.24333333335,353174.47,980.87,2942.61,3,2024-01-02,2025-01-12,100.0,0.0,Apartment,376,0,0,2,Global Investors,-1.9226776168447604,0.9219996933808534
C0623,Individual,Jonathan,Adams,4/27/1986,M,USA,Florida,Investment,3,Yes,Client,1986-04-27,40,4,1410333.45,352583.3625,490155.8,1146.02,4584.08,4,2024-01-03,2025-01-11,75.0,25.0,Apartment,374,1,0,2,Global Investors,0.07357786515636726,1.2240000836268432
C0624,Individual,Carl,Jordan,09-02-2000,M,USA,Nevada,Investment,3,No,Agency,2000-09-02,26,3,1215611.54,405203.8466666667,497030.07,1413.8666666666668,4241.6,3,2024-01-09,2025-01-11,100.0,0.0,Apartment,368,0,0,2,Global Investors,0.7059156142285541,1.2646828416917348
C0625,Individual,Deborah,Hayes,07-08-1983,F,Belgium,Flanders,Investment,2,Yes,Agency,1983-07-08,43,4,1000166.88,250041.72,308545.24,851.0225,3404.09,4,2024-01-06,2025-01-11,75.0,25.0,Apartment,371,1,0,2,Global Investors,-2.1994376062947714,0.9782665597728364
C0626,Individual,Sara,Jones,6/13/1968,F,Germany,Hamburg,Investment,2,No,Website,1968-06-13,58,3,1061694.13,353898.0433333334,448491.59,1244.5566666666666,3733.67,3,2024-01-04,2025-01-09,100.0,0.0,Apartment,371,0,0,2,Global Investors,-0.37059254709583034,0.9068003540222065
C0627,Individual,Katherine,Johnson,11-07-2000,F,USA,Arizona,Home,3,No,Agency,2000-11-07,25,4,1870806.42,467701.605,562008.09,1726.0575,6904.23,4,2024-01-03,2024-01-11,50.0,50.0,Apartment,8,0,3,0,High-Value / Luxury Investors,3.60650026023772,-0.27811081604416904
C0628,Individual,Arthur,Campbell,5/16/1985,M,Canada,British Columbia,Home,3,Yes,Agency,1985-05-16,41,4,1623109.63,405777.4075,601135.7,1250.39,5001.56,4,2024-01-01,2025-01-07,75.0,25.0,Apartment,372,1,3,0,High-Value / Luxury Investors,1.4767550754851544,-0.5063869784734493
C0629,Individual,Maria,Richardson,07-09-1946,F,USA,California,Investment,2,No,Agency,1946-07-09,80,3,961721.77,320573.92333333334,404054.56,1129.1766666666665,3387.53,3,2024-01-02,2025-01-10,100.0,0.0,Apartment,374,0,0,2,Global Investors,-1.0711745408824196,0.67074605567599
C0630,Individual,Stephen,Roberts,7/28/1965,M,USA,California,Home,2,No,Website,1965-07-28,61,4,1308077.61,327019.4025,521382.1,1075.505,4302.02,4,2024-01-07,2025-01-12,75.0,25.0,Apartment,371,0,1,1,Home-Focused / First-Time Buyers,-0.10010693497869413,-0.9092909907307746
C0631,Individual,Dorothy,Flores,12-11-1966,F,USA,California,Home,5,No,Website,1966-12-11,59,4,1534891.22,383722.805,458349.81,1227.645,4910.58,4,2024-01-06,2025-01-05,75.0,25.0,Apartment,365,0,3,0,High-Value / Luxury Investors,1.1687347288138905,-0.7471793317586941
C0632,Individual,Thomas,Nelson,5/16/1948,M,UK,Northern Ireland,Home,4,No,Website,1948-05-16,78,4,1146845.98,286711.495,386036.16,947.7475,3790.99,4,2024-01-10,2025-01-05,100.0,0.0,Apartment,361,0,1,1,Home-Focused / First-Time Buyers,-0.9600712080865593,-1.1044602870647695
C0633,Individual,Ann,Owens,05-12-1941,F,USA,Nevada,Home,3,No,Agency,1941-05-12,85,4,1207516.26,301879.065,526337.84,928.745,3714.98,4,2024-01-02,2025-01-10,100.0,0.0,Apartment,374,0,1,1,Home-Focused / First-Time Buyers,-0.7956588887072481,-1.1510112969015776
C0634,Individual,Justin,Ward,11/17/1980,M,USA,Washington,Investment,4,Yes,Website,1980-11-17,45,3,1181693.63,393897.87666666665,498320.91,1393.1066666666666,4179.32,3,2024-01-03,2025-01-01,66.66666666666666,33.33333333333333,Apartment,364,1,0,2,Global Investors,0.5400772323275987,1.197730043344913
C0635,Individual,Kimberly,King,6/14/1960,F,UK,Scotland,Investment,5,No,Website,1960-06-14,66,3,1375700.03,458566.6766666667,503560.15,1460.493333333333,4381.48,3,2024-01-09,2025-01-03,33.33333333333333,66.66666666666666,Office,360,0,0,2,Global Investors,1.6148291821095737,1.0565619471033723
C0636,Individual,Kathleen,Rogers,11-10-1980,F,France,Brittany,Home,5,No,Website,1980-11-10,45,4,981810.08,245452.52,368940.08,827.3575000000001,3309.4300000000003,4,2024-01-04,2025-01-12,100.0,0.0,Apartment,374,0,1,1,Home-Focused / First-Time Buyers,-1.907648971099986,-0.9262460456118006
C0637,Individual,Catherine,Stone,8/14/1967,F,USA,California,Home,2,No,Website,1967-08-14,59,4,1602478.07,400619.5175,487674.6,1296.5625,5186.25,4,2024-01-02,2025-01-05,100.0,0.0,Apartment,369,0,3,0,High-Value / Luxury Investors,1.5439060969563851,-0.7396937336222892
C0638,Individual,Jason,King,02-04-1975,M,USA,Ohio,Home,5,Yes,Website,1975-02-04,51,4,1347045.42,336761.355,527612.39,1204.4975,4817.99,4,2024-01-03,2025-01-02,75.0,25.0,Apartment,365,1,1,0,Home-Focused / First-Time Buyers,0.40334319243108513,-0.6715708343975072
C0639,Individual,Mark,Campbell,03-03-1961,M,UK,Scotland,Home,3,Yes,Website,1961-03-03,65,3,861670.72,287223.5733333333,446713.63,1008.13,3024.3900000000003,3,2025-01-08,2025-01-11,100.0,0.0,Apartment,3,1,1,1,Home-Focused / First-Time Buyers,-1.4810228224986535,-1.007062449570308
C0640,Individual,Emily,Thompson,03-01-1967,F,USA,Utah,Home,3,No,Agency,1967-03-01,59,3,772950.1699999999,257650.05666666664,339275.85,915.6366666666668,2746.91,3,2024-01-04,2025-01-07,100.0,0.0,Apartment,369,0,1,1,Home-Focused / First-Time Buyers,-2.1051228470386114,-1.1055673165065731
C0641,Company,Zynex,Co,2/26/1994,M,USA,Arizona,Home,2,No,Agency,1994-02-26,32,3,1217213.26,405737.75333333336,463667.58,1240.6066666666666,3721.82,3,2024-01-10,2025-01-03,100.0,0.0,Apartment,359,0,2,3,Corporate Buyers,0.41606730718712137,4.374194589327619
C0642,Individual,Julia,Reyes,11/21/1967,F,USA,California,Home,4,No,Website,1967-11-21,58,3,1027140.61,342380.2033333333,512135.16,1161.5433333333333,3484.63,3,2024-01-01,2024-01-06,100.0,0.0,Apartment,5,0,1,1,Home-Focused / First-Time Buyers,-0.3473554606075459,-0.9267159537905674
C0643,Individual,Samantha,Richardson,05-05-1974,F,USA,California,Home,5,No,Website,1974-05-05,52,3,928645.01,309548.33666666667,376815.49,1016.5033333333334,3049.51,3,2024-01-10,2025-01-11,100.0,0.0,Apartment,367,0,1,1,Home-Focused / First-Time Buyers,-1.1450067671676614,-0.9430349253851473
C0644,Individual,Teresa,Johnson,8/25/1956,F,USA,California,Home,4,Yes,Agency,1956-08-25,70,3,1549624.23,516541.41,599850.78,1630.1366666666663,4890.41,3,2024-01-01,2024-01-12,66.66666666666666,33.33333333333333,Apartment,11,1,3,0,High-Value / Luxury Investors,3.14547164009353,-0.609717023403161
C0645,Individual,Arthur,Cox,7/18/1988,M,USA,Nevada,Home,2,No,Client,1988-07-18,38,3,731453.53,243817.84333333332,268604.55,862.11,2586.33,3,2025-01-01,2025-01-08,100.0,0.0,Apartment,7,0,1,1,Home-Focused / First-Time Buyers,-2.473434523692724,-0.9841097208120742
C0646,Individual,Cynthia,Campbell,7/21/1995,F,USA,Arizona,Investment,5,No,Agency,1995-07-21,31,3,1325311.83,441770.61,479212.8,1464.0166666666669,4392.05,3,2024-01-06,2025-01-12,100.0,0.0,Apartment,372,0,0,2,Global Investors,1.3527676682122305,1.3047079263701256
C0647,Individual,Victoria,Green,02-06-1946,F,USA,California,Home,4,No,Agency,1946-02-06,80,4,2115520.42,528880.105,647138.13,1676.3825,6705.53,4,2025-01-09,2025-01-12,75.0,25.0,Apartment,3,0,3,0,High-Value / Luxury Investors,4.465714148909223,-0.6120135346016728
C0648,Individual,Stephanie,Reed,03-02-1999,F,USA,California,Home,1,Yes,Website,1999-03-02,27,4,1142985.38,285746.345,404330.66,984.6475,3938.59,4,2024-01-04,2025-01-04,100.0,0.0,Apartment,366,1,1,1,Home-Focused / First-Time Buyers,-1.0164735618513923,-0.6511878919062001
C0649,Individual,Patricia,Mitchell,03-01-1995,F,USA,California,Home,4,No,Agency,1995-03-01,31,4,1401448.51,350362.1275,511233.23,1136.6925,4546.77,4,2024-01-04,2025-01-04,0.0,100.0,Office,366,0,1,0,Home-Focused / First-Time Buyers,0.3868326599185304,-0.6107936007700953
C0650,Company,Polaris,Co,2/19/1976,M,France,Occitanie,Home,3,Yes,Client,1976-02-19,50,3,799742.26,266580.75333333336,290736.09,932.37,2797.11,3,2024-01-02,2025-01-12,100.0,0.0,Apartment,376,1,2,3,Corporate Buyers,-2.1619274783819127,4.090761465869127
C0651,Company,Horizon,Co,1/14/1993,M,USA,Washington,Home,1,No,Agency,1993-01-14,33,4,1077094.73,269273.6825,398037.98,948.7575,3795.03,4,2024-01-03,2025-01-10,100.0,0.0,Apartment,373,0,2,3,Corporate Buyers,-1.5218191029198074,4.209343206383166
C0652,Individual,Heather,Johnson,12-08-1993,F,USA,Washington,Home,2,No,Website,1993-12-08,32,3,904157.22,301385.74,439896.91,985.5433333333334,2956.63,3,2024-01-08,2025-01-09,100.0,0.0,Apartment,367,0,1,1,Home-Focused / First-Time Buyers,-1.4128611083051499,-0.8384265790032236
C0653,Individual,Gerald,Adams,7/22/1970,M,USA,Ohio,Home,2,No,Client,1970-07-22,56,4,1215543.15,303885.7875,421423.2,1053.27,4213.08,4,2024-01-08,2025-01-09,75.0,25.0,Apartment,367,0,1,1,Home-Focused / First-Time Buyers,-0.5018447795790905,-0.9091575261467146
C0654,Individual,Eric,Griffin,05-07-1960,M,USA,New York,Home,2,Yes,Website,1960-05-07,66,3,865293.89,288431.2966666667,388799.01,1015.94,3047.82,3,2024-01-06,2025-01-09,66.66666666666666,33.33333333333333,Apartment,369,1,1,1,Home-Focused / First-Time Buyers,-1.4602259027584814,-1.0221374658589788
C0655,Individual,Patricia,King,5/19/1950,F,USA,Nevada,Home,1,Yes,Agency,1950-05-19,76,3,1071763.22,357254.4066666667,438371.45,1138.4233333333334,3415.27,3,2024-01-06,2025-01-05,100.0,0.0,Apartment,365,1,1,1,Home-Focused / First-Time Buyers,-0.2485435456409834,-0.9958412556214278
C0656,Individual,Amber,Allen,02-08-1977,F,USA,Colorado,Home,5,No,Client,1977-02-08,49,4,1288383.38,322095.845,505553.38,1190.4075,4761.63,4,2024-01-02,2025-01-09,75.0,25.0,Apartment,373,0,1,0,Home-Focused / First-Time Buyers,0.1611188449018888,-0.7675394308977469
C0657,Individual,Alexander,Allen,9/26/1956,M,USA,California,Home,2,No,Agency,1956-09-26,69,3,1258111.3199999998,419370.44,593053.61,1338.1466666666668,4014.44,3,2024-01-02,2025-01-11,100.0,0.0,Apartment,375,0,3,0,High-Value / Luxury Investors,1.0965450824763776,-0.8966495930208472
C0658,Individual,Kelly,Green,12/13/1999,F,USA,Virginia,Home,3,Yes,Agency,1999-12-13,26,3,1122021.28,374007.0933333333,491470.69,1271.67,3815.01,3,2024-01-03,2025-01-11,66.66666666666666,33.33333333333333,Apartment,374,1,1,0,Home-Focused / First-Time Buyers,0.2747341124406433,-0.5407369734521059
C0659,Individual,Sara,Foster,10-06-1988,F,USA,California,Home,4,Yes,Agency,1988-10-06,37,4,1000550.86,250137.715,315923.54,832.615,3330.46,4,2025-01-02,2025-01-11,75.0,25.0,Apartment,9,1,1,1,Home-Focused / First-Time Buyers,-1.8655394762021076,-0.7804765394691131
C0660,Individual,Charles,Kim,08-10-1991,M,USA,Arizona,Home,4,Yes,Client,1991-08-10,35,3,1148308.35,382769.45,425964.32,1337.0533333333333,4011.16,3,2024-01-03,2025-01-06,100.0,0.0,Apartment,369,1,3,0,High-Value / Luxury Investors,0.5899859997246933,-0.5739366132455604
C0661,Individual,Deborah,Williams,6/25/1961,F,Canada,Manitoba,Home,3,No,Website,1961-06-25,65,4,1627713.0499999998,406928.2625,621646.32,1299.3275,5197.31,4,2024-01-01,2025-01-12,100.0,0.0,Apartment,377,0,3,0,High-Value / Luxury Investors,1.6687307520633925,-0.7654119900805927
C0662,Individual,Stephanie,Kim,8/25/1957,F,USA,California,Investment,3,No,Website,1957-08-25,69,4,1520239.97,380059.9925,524135.1,1175.235,4700.94,4,2024-01-03,2025-01-03,100.0,0.0,Apartment,366,0,0,2,Global Investors,0.6039003255499437,0.9603630862826694
C0663,Individual,Anthony,Flores,02-02-1958,M,USA,California,Home,2,Yes,Agency,1958-02-02,68,4,1544313.34,386078.335,601666.05,1234.8075,4939.23,4,2024-01-05,2025-01-10,100.0,0.0,Apartment,371,1,3,0,High-Value / Luxury Investors,1.1742691533075793,-0.7560905243428079
C0664,Individual,Lawrence,Wood,8/17/1958,M,Canada,Alberta,Investment,5,Yes,Website,1958-08-17,68,4,1063024.57,265756.1425,369441.6,897.47,3589.88,4,2024-01-04,2025-01-04,75.0,25.0,Apartment,366,1,0,2,Global Investors,-1.7611360332757997,0.8510079814548831
C0665,Individual,Robert,Adams,8/27/1959,M,USA,Colorado,Investment,1,No,Agency,1959-08-27,67,3,704886.02,234962.00666666668,259327.23,765.68,2297.04,3,2024-01-05,2025-01-02,100.0,0.0,Apartment,363,0,0,2,Global Investors,-3.1693119115333417,0.5727587510056571
C0666,Individual,Maria,Davis,10-09-1948,F,USA,California,Investment,1,No,Website,1948-10-09,77,4,1532074.27,383018.5675,533934.58,1271.345,5085.38,4,2024-01-03,2025-01-12,50.0,50.0,Apartment,375,0,0,2,Global Investors,0.8768105477897009,0.9028160901638649
C0667,Individual,Anthony,Mitchell,07-07-1966,M,USA,Arizona,Investment,2,No,Agency,1966-07-07,60,4,1486560.06,371640.015,528551.13,1295.265,5181.06,4,2024-01-04,2024-01-12,100.0,0.0,Apartment,8,0,0,2,Global Investors,0.7650365514695127,1.0326639659133559
C0668,Individual,Margaret,Peterson,11/15/1978,F,France,Ile-de-France,Investment,4,Yes,Website,1978-11-15,47,4,987175.01,246793.7525,407789.69,824.2025,3296.81,4,2024-01-11,2025-01-09,100.0,0.0,Apartment,364,1,0,2,Global Investors,-2.2770086716893956,0.9583009504098485
C0669,Individual,Cheryl,Bell,3/18/1958,F,Canada,British Columbia,Home,3,No,Agency,1958-03-18,68,3,1366533.49,455511.1633333333,540922.9,1599.3433333333332,4798.03,3,2024-01-08,2025-01-07,66.66666666666666,33.33333333333333,Apartment,365,0,3,0,High-Value / Luxury Investors,2.26393114390306,-0.7760026289271306
C0670,Company,Altira,Co,6/18/1976,M,USA,Nevada,Investment,4,No,Website,1976-06-18,50,3,1631973.5499999998,543991.1833333332,625384.45,1800.45,5401.35,3,2024-01-02,2025-01-01,100.0,0.0,Apartment,365,0,2,3,Corporate Buyers,3.3790329394651955,6.375803378499391
C0671,Individual,Jerry,Pierce,12-09-1941,M,USA,Colorado,Home,4,Yes,Client,1941-12-09,84,3,759678.12,253226.04,361032.68,849.6366666666667,2548.91,3,2025-01-02,2025-01-09,100.0,0.0,Apartment,7,1,1,1,Home-Focused / First-Time Buyers,-2.2908629296432843,-1.2196632481650558
C0672,Individual,Amber,Williams,03-10-1967,F,USA,California,Home,2,No,Website,1967-03-10,59,3,1301968.05,433989.35,535756.29,1452.263333333333,4356.79,3,2024-01-09,2025-01-08,66.66666666666666,33.33333333333333,Apartment,365,0,3,0,High-Value / Luxury Investors,1.5694497981690443,-0.7766587224482442
C0673,Individual,Janice,Hayes,10/19/1965,F,USA,California,Home,4,No,Website,1965-10-19,60,3,870503.9000000001,290167.96666666673,319736.59,1012.96,3038.88,3,2024-01-10,2025-01-11,100.0,0.0,Apartment,367,0,1,1,Home-Focused / First-Time Buyers,-1.4103320047043149,-1.0403652392705582
C0674,Individual,Judy,Turner,5/26/1986,F,USA,California,Investment,4,No,Website,1986-05-26,40,4,1733438.52,433359.63,584942.34,1365.9450000000002,5463.780000000001,4,2024-01-01,2025-01-10,100.0,0.0,Apartment,375,0,0,2,Global Investors,1.8493752434718453,1.3119145709806812
C0675,Individual,Andrea,Wright,12/23/1969,F,USA,Texas,Home,5,No,Website,1969-12-23,56,3,1117159.17,372386.39,528517.95,1113.29,3339.87,3,2024-01-08,2024-01-09,66.66666666666666,33.33333333333333,Apartment,1,0,1,1,Home-Focused / First-Time Buyers,-0.07051118202394147,-0.8732094533275738
C0676,Individual,Lisa,Davis,06-12-1942,F,USA,Nevada,Home,2,No,Agency,1942-06-12,84,3,1022396.03,340798.6766666667,478630.37,989.0566666666668,2967.17,3,2024-01-03,2024-01-03,66.66666666666666,33.33333333333333,Apartment,0,0,1,1,Home-Focused / First-Time Buyers,-0.8130492093517642,-1.186899408831007
C0677,Individual,Jerry,Miller,09-02-1981,M,USA,Arizona,Investment,2,No,Agency,1981-09-02,45,4,1217015.11,304253.7775,362582.49,1024.3375,4097.35,4,2024-01-03,2025-01-08,75.0,25.0,Apartment,371,0,0,2,Global Investors,-0.9451063847868195,0.9917259214091496
C0678,Individual,Joseph,Watson,10/19/1972,M,USA,California,Home,4,Yes,Website,1972-10-19,53,3,904050.87,301350.29,449002.59,897.3100000000001,2691.9300000000003,3,2024-01-02,2025-01-08,33.33333333333333,66.66666666666666,Office,372,1,1,1,Home-Focused / First-Time Buyers,-1.5890966543259517,-0.9104604503432265
C0679,Individual,Lisa,Patterson,12-02-1964,F,USA,Nevada,Home,1,No,Agency,1964-12-02,61,4,1945371.68,486342.92,542183.91,1726.0575,6904.23,4,2024-01-04,2025-01-10,75.0,25.0,Apartment,372,0,3,0,High-Value / Luxury Investors,3.898462910263399,-0.5487393561128223
C0680,Individual,Andrew,Griffin,4/16/1965,M,USA,Utah,Investment,2,No,Agency,1965-04-16,61,4,1533727.71,383431.9275,527252.15,1333.2775,5333.11,4,2024-01-04,2025-01-11,100.0,0.0,Apartment,373,0,0,2,Global Investors,1.0372364968891183,1.0502633771438346
C0681,Company,Helios,Co,4/25/1977,F,USA,California,Home,3,No,Agency,1977-04-25,49,4,736696.97,184174.2425,258314.7,658.8625,2635.45,4,2024-01-02,2025-01-11,100.0,0.0,Apartment,375,0,2,3,Corporate Buyers,-3.457887578291371,3.921997035044708
C0682,Individual,Donald,Bennett,06-12-1973,M,USA,California,Home,5,No,Website,1973-06-12,53,4,1436006.22,359001.555,454375.43,1214.5625,4858.25,4,2024-01-06,2025-01-02,100.0,0.0,Apartment,362,0,3,0,High-Value / Luxury Investors,0.7663560993220905,-0.7396811884155329
C0683,Individual,Patrick,Jordan,8/20/1948,M,USA,Colorado,Home,2,Yes,Agency,1948-08-20,78,3,1216565.53,405521.8433333333,484751.08,1463.22,4389.66,3,2024-01-04,2025-01-04,100.0,0.0,Apartment,366,1,3,0,High-Value / Luxury Investors,1.247102379684021,-0.8690876324135366
C0684,Individual,Donald,Miller,10-05-1985,M,USA,California,Home,1,No,Agency,1985-10-05,40,4,1402625.45,350656.3625,472614.44,1120.62,4482.48,4,2024-01-04,2025-01-12,75.0,25.0,Apartment,374,0,1,0,Home-Focused / First-Time Buyers,0.31231395112822424,-0.7147936263630056
C0685,Individual,Sharon,Hansen,4/18/1987,F,USA,Washington,Home,5,No,Agency,1987-04-18,39,3,1129835.06,376611.6866666667,632201.17,1228.503333333333,3685.51,3,2025-01-01,2025-01-10,66.66666666666666,33.33333333333333,Apartment,9,0,1,0,Home-Focused / First-Time Buyers,0.2597457136997775,-0.7124104525905317
C0686,Individual,Michael,Howard,11/17/1963,M,USA,California,Home,1,Yes,Website,1963-11-17,62,3,1250166.33,416722.11,528510.9,1369.7300000000002,4109.1900000000005,3,2024-01-01,2025-01-09,100.0,0.0,Apartment,374,1,3,0,High-Value / Luxury Investors,1.106642333387497,-0.7629744876633243
C0687,Individual,Susan,Long,01-03-1959,F,USA,Utah,Home,3,Yes,Website,1959-01-03,67,4,1532604.0,383151.0,720425.67,1210.7375000000002,4842.950000000001,4,2024-01-06,2025-01-07,75.0,25.0,Apartment,367,1,3,0,High-Value / Luxury Investors,1.0840976843938135,-0.7472394186049314
C0688,Individual,Kathleen,Howard,12-04-1968,F,USA,Colorado,Investment,5,Yes,Website,1968-12-04,57,4,1093762.42,273440.605,415205.7,868.5725,3474.29,4,2024-01-02,2025-01-10,75.0,25.0,Apartment,374,1,0,2,Global Investors,-1.741902038934172,0.9402824411065862
C0689,Individual,Ann,Williams,4/17/1998,F,USA,California,Home,4,No,Website,1998-04-17,28,3,1051259.37,350419.79000000004,433353.3,1186.05,3558.15,3,2025-01-05,2025-01-11,66.66666666666666,33.33333333333333,Apartment,6,0,1,0,Home-Focused / First-Time Buyers,-0.2247002926654138,-0.6809581375381516
C0690,Individual,Janet,Stewart,09-09-1985,F,USA,Oregon,Home,4,Yes,Agency,1985-09-09,41,4,1402023.24,350505.81,527730.49,1150.3275,4601.31,4,2024-01-01,2025-01-12,75.0,25.0,Apartment,377,1,1,0,Home-Focused / First-Time Buyers,0.4291764913774014,-0.5973121084628931
C0691,Individual,Kenneth,Bell,7/22/1943,M,USA,California,Investment,4,No,Agency,1943-07-22,83,4,948552.89,237138.2225,307826.14,816.16,3264.64,4,2024-01-03,2025-01-08,100.0,0.0,Apartment,371,0,0,2,Global Investors,-2.3727097863372633,0.5792074848233209
C0692,Individual,Adam,Roberts,3/14/1964,M,USA,Georgia,Investment,3,No,Agency,1964-03-14,62,4,1206585.87,301646.4675,395284.05,1011.5875,4046.35,4,2024-01-05,2025-01-05,100.0,0.0,Apartment,366,0,0,2,Global Investors,-0.9735713139103109,0.865330630509924
C0693,Individual,Jesse,Chavez,4/28/1957,M,USA,California,Investment,5,Yes,Agency,1957-04-28,69,4,1831502.92,457875.73,572810.16,1498.6825,5994.73,4,2024-01-01,2024-01-12,75.0,25.0,Apartment,11,1,0,2,Global Investors,2.602998629425902,1.2512028192280922
C0694,Company,Sterling,Co,7/13/1989,M,UK,Scotland,Investment,2,No,Website,1989-07-13,37,4,1287767.07,321941.7675,382289.82,1063.04,4252.16,4,2024-01-01,2025-01-10,75.0,25.0,Apartment,375,0,2,3,Corporate Buyers,-0.7912562306288337,6.112314728596343
C0695,Individual,Timothy,Rogers,3/24/1947,M,USA,Washington,Home,4,No,Website,1947-03-24,79,3,870451.65,290150.55,381213.39,934.8733333333332,2804.62,3,2024-01-07,2025-01-01,66.66666666666666,33.33333333333333,Apartment,360,0,1,1,Home-Focused / First-Time Buyers,-1.5858355424515642,-1.2031437401973828
C0696,Individual,Carol,Green,03-06-1994,F,USA,Washington,Investment,5,Yes,Agency,1994-03-06,32,4,1417025.49,354256.3725,610973.17,1246.6175,4986.47,4,2024-01-01,2025-01-10,75.0,25.0,Apartment,375,1,0,2,Global Investors,0.38245787660357655,1.3308606692507892
C0697,Individual,Bryan,Mitchell,11-01-1986,M,USA,California,Investment,4,Yes,Agency,1986-11-01,39,4,1203571.2,300892.8,529206.1,1036.6525,4146.61,4,2024-01-10,2025-01-10,100.0,0.0,Apartment,366,1,0,2,Global Investors,-0.9478600342522363,1.1439088887688902
C0698,Individual,Maria,Scott,7/16/1946,F,USA,California,Home,2,Yes,Website,1946-07-16,80,4,1560635.51,390158.8775,575207.87,1286.9575,5147.83,4,2024-01-03,2025-01-06,75.0,25.0,Apartment,369,1,3,0,High-Value / Luxury Investors,1.3882365200313918,-0.8310025429729432
C0699,Individual,Stephen,Bennett,12/22/1986,M,USA,Washington,Home,1,Yes,Agency,1986-12-22,39,3,1292445.15,430815.05,497579.57,1357.1933333333334,4071.58,3,2024-01-01,2025-01-11,100.0,0.0,Apartment,376,1,3,0,High-Value / Luxury Investors,1.2216109800962942,-0.5713085128649181
C0700,Individual,Christine,Sanders,4/14/1944,F,USA,Washington,Home,5,No,Website,1944-04-14,82,3,724453.7,241484.56666666665,302845.83,851.4266666666667,2554.28,3,2024-01-11,2025-01-12,100.0,0.0,Apartment,367,0,1,1,Home-Focused / First-Time Buyers,-2.414076254140859,-1.2952448975516082
C0701,Individual,Danielle,Peterson,9/17/1962,F,UK,England,Investment,1,No,Website,1962-09-17,64,4,1318537.76,329634.44,610952.85,1050.5725,4202.29,4,2024-01-10,2025-01-12,100.0,0.0,Apartment,368,0,0,2,Global Investors,-0.49574916427375065,0.8776263993884414
C0702,Individual,Nicholas,Flores,7/24/1966,M,USA,Arizona,Home,5,No,Agency,1966-07-24,60,3,1215022.0,405007.3333333333,437978.56,1303.7766666666666,3911.33,3,2024-01-06,2025-01-01,100.0,0.0,Apartment,361,0,3,0,High-Value / Luxury Investors,0.857054045944927,-0.8213385413378106
C0703,Company,Elara,Co,5/15/1984,M,USA,Colorado,Home,3,No,Website,1984-05-15,42,3,938073.57,312691.19,394037.08,1023.88,3071.6400000000003,3,2024-01-07,2025-01-08,100.0,0.0,Apartment,367,0,2,3,Corporate Buyers,-1.3258920368674483,4.143297132141828
C0704,Individual,Nicole,Jordan,1/23/1942,F,USA,Georgia,Home,4,No,Agency,1942-01-23,84,3,1130778.86,376926.2866666667,431012.78,1194.9266666666665,3584.78,3,2024-01-04,2024-01-11,66.66666666666666,33.33333333333333,Apartment,7,0,1,1,Home-Focused / First-Time Buyers,0.2277984885138285,-1.0753118271801476
C0705,Individual,Timothy,Murray,12/18/1940,M,USA,Nevada,Home,3,No,Website,1940-12-18,85,3,1643383.67,547794.5566666666,670575.87,1680.5266666666666,5041.58,3,2024-01-02,2024-01-07,100.0,0.0,Apartment,5,0,3,0,High-Value / Luxury Investors,3.699446926875133,-0.7720616305580565
C0706,Individual,Kyle,Thomas,6/23/1984,M,UK,England,Investment,2,No,Client,1984-06-23,42,3,1034954.84,344984.94666666666,437082.22,1162.6166666666666,3487.85,3,2024-01-06,2025-01-01,100.0,0.0,Apartment,361,0,0,2,Global Investors,-0.7249570301212035,1.0005719056177518
C0707,Individual,Zachary,Richardson,9/23/1995,M,USA,Virginia,Home,5,Yes,Website,1995-09-23,30,4,1171255.22,292813.805,399196.41,956.935,3827.74,4,2024-01-04,2025-01-09,75.0,25.0,Apartment,371,1,1,1,Home-Focused / First-Time Buyers,-0.9144503452840799,-0.6275246265172904
C0708,Individual,Brian,Cook,11/28/1964,M,USA,California,Home,2,No,Client,1964-11-28,61,3,1539340.87,513113.6233333333,658501.84,1523.6933333333334,4571.08,3,2024-01-07,2024-01-12,33.33333333333333,66.66666666666666,Office,5,0,3,0,High-Value / Luxury Investors,2.785859345387967,-0.6763566671021619
C0709,Individual,Samantha,Price,11-06-1982,F,USA,Georgia,Home,2,Yes,Agency,1982-11-06,43,4,1233960.52,308490.13,558878.17,1009.23,4036.92,4,2024-01-07,2025-01-09,100.0,0.0,Apartment,368,1,1,1,Home-Focused / First-Time Buyers,-0.5806569055309048,-0.7251874207396476
C0710,Individual,Kyle,Bryant,8/18/1946,M,USA,Oregon,Home,2,Yes,Agency,1946-08-18,80,4,1158001.36,289500.34,510596.18,939.3575,3757.43,4,2024-01-02,2025-01-12,100.0,0.0,Apartment,376,1,1,1,Home-Focused / First-Time Buyers,-0.9827744254420155,-1.0517650252208077
C0711,Individual,Victoria,Hughes,10/20/1995,F,USA,California,Investment,3,No,Agency,1995-10-20,30,4,1045658.54,261414.635,383676.59,905.7525,3623.01,4,2024-01-06,2024-01-12,75.0,25.0,Apartment,6,0,0,2,Global Investors,-1.8834611806465689,1.0298864327234887
C0712,Individual,Joseph,Scott,1/21/1991,M,USA,California,Home,1,No,Agency,1991-01-21,35,3,701688.31,233896.10333333336,311645.47,842.68,2528.04,3,2024-01-03,2024-01-06,66.66666666666666,33.33333333333333,Apartment,3,0,1,1,Home-Focused / First-Time Buyers,-2.674377507366695,-0.9884749499557214
C0713,Individual,Debra,Thomas,2/14/1997,F,USA,California,Investment,3,No,Agency,1997-02-14,29,3,946537.74,315512.58,467446.4,1125.17,3375.51,3,2024-01-05,2025-01-03,100.0,0.0,Apartment,364,0,0,2,Global Investors,-1.2082659631885975,1.065548315255502
C0714,Individual,Kyle,Murray,01-03-1977,M,Russia,Saint Petersburg,Home,3,No,Website,1977-01-03,49,3,1520218.18,506739.3933333333,606614.22,1680.5266666666666,5041.58,3,2024-01-03,2025-01-10,33.33333333333333,66.66666666666666,Office,373,0,3,0,High-Value / Luxury Investors,3.1119187629985396,-0.5477169915620121
C0715,Individual,Janice,Wilson,08-05-1982,F,USA,Utah,Home,3,No,Website,1982-08-05,44,3,1151372.75,383790.9166666667,523101.86,1340.7666666666669,4022.3,3,2024-01-01,2025-01-01,66.66666666666666,33.33333333333333,Apartment,366,0,3,0,High-Value / Luxury Investors,0.6205080127402379,-0.7386161769379087
C0716,Individual,Jordan,Davis,10/24/1994,M,UK,Northern Ireland,Home,1,No,Client,1994-10-24,31,3,1173245.74,391081.9133333333,512554.33,1334.1,4002.3,3,2024-01-03,2025-01-11,66.66666666666666,33.33333333333333,Apartment,374,0,3,0,High-Value / Luxury Investors,0.6441851074792627,-0.6522877360691965
C0717,Individual,Virginia,Weaver,06-09-1946,F,USA,Arizona,Investment,3,Yes,Agency,1946-06-09,80,3,1000529.67,333509.89,419346.92,1156.5633333333333,3469.69,3,2024-01-03,2025-01-06,66.66666666666666,33.33333333333333,Apartment,369,1,0,2,Global Investors,-0.8255465286453295,0.7907543710020409
C0718,Individual,Martha,Scott,10-08-1944,F,France,Ile-de-France,Home,2,Yes,Website,1944-10-08,81,3,900157.9099999999,300052.63666666666,406298.92,1123.8033333333333,3371.41,3,2024-01-08,2025-01-02,66.66666666666666,33.33333333333333,Apartment,360,1,1,1,Home-Focused / First-Time Buyers,-1.00444312194821,-1.0991876854137101
C0719,Individual,Jason,Jordan,07-02-1974,M,USA,California,Investment,2,Yes,Agency,1974-07-02,52,3,912916.77,304305.59,359309.3,1023.88,3071.6400000000003,3,2024-01-04,2025-01-12,100.0,0.0,Apartment,374,1,0,2,Global Investors,-1.6110134654560158,0.9293283183608019
C0720,Individual,Shirley,Wilson,5/17/1981,F,USA,California,Investment,1,Yes,Agency,1981-05-17,45,4,844316.69,211079.1725,257796.8,678.3725,2713.49,4,2024-01-12,2025-01-12,50.0,50.0,Apartment,366,1,0,2,Global Investors,-3.230639516507426,0.8585869619869356
C0721,Individual,Julia,Jordan,03-07-1999,F,USA,Florida,Home,4,No,Website,1999-03-07,27,4,1167212.02,291803.005,468906.08,939.4875,3757.95,4,2024-01-04,2025-01-10,75.0,25.0,Apartment,372,0,1,0,Home-Focused / First-Time Buyers,-0.9855094900027762,-0.7074352664132549
C0722,Individual,Carol,Sanders,09-11-1943,F,USA,Texas,Home,1,No,Website,1943-09-11,83,3,936104.05,312034.68333333335,428259.32,1033.4833333333331,3100.45,3,2024-01-09,2025-01-09,100.0,0.0,Apartment,366,0,1,1,Home-Focused / First-Time Buyers,-1.0883621891835904,-1.2166354216867503
C0723,Individual,Ann,Hansen,4/19/1999,F,Germany,North Rhine-Westphalia,Home,3,Yes,Website,1999-04-19,27,3,1554043.79,518014.5966666667,641498.15,1671.7666666666669,5015.3,3,2024-01-09,2025-01-03,100.0,0.0,Apartment,360,1,3,0,High-Value / Luxury Investors,3.1910775718535414,-0.2793998298225944
C0724,Individual,Samuel,Howard,9/27/1960,M,USA,Arizona,Investment,4,Yes,Agency,1960-09-27,65,4,1564795.28,391198.82,595879.26,1255.1325000000002,5020.530000000001,4,2024-01-05,2025-01-11,75.0,25.0,Apartment,372,1,0,2,Global Investors,0.9747176701852812,1.1221689748992036
C0725,Individual,Katherine,Jones,07-03-1983,F,USA,New York,Home,3,No,Website,1983-07-03,43,3,1557779.53,519259.8433333333,566513.0,1733.68,5201.04,3,2024-01-09,2025-01-06,100.0,0.0,Apartment,363,0,3,0,High-Value / Luxury Investors,3.404236736157625,-0.4742945677773704
C0726,Individual,Melissa,Harris,1/25/1977,F,USA,Georgia,Home,4,No,Website,1977-01-25,49,4,1055406.17,263851.5425,377502.89,901.245,3604.98,4,2024-01-01,2025-01-08,75.0,25.0,Apartment,373,0,1,1,Home-Focused / First-Time Buyers,-1.4579105053953947,-0.924974093649445
C0727,Individual,Ronald,Bell,8/24/1941,M,USA,California,Investment,3,Yes,Client,1941-08-24,85,4,1924218.25,481054.5625,675285.62,1425.7675,5703.07,4,2024-01-02,2025-01-05,100.0,0.0,Apartment,369,1,3,2,High-Value / Luxury Investors,2.739632978139676,1.1248449291744183
C0728,Individual,Jason,Jones,7/23/1971,M,USA,California,Home,3,Yes,Agency,1971-07-23,55,3,896046.43,298682.14333333337,421724.13,934.8733333333332,2804.62,3,2024-01-01,2024-01-10,66.66666666666666,33.33333333333333,Apartment,9,1,1,1,Home-Focused / First-Time Buyers,-1.5392324391198269,-0.9316714712858898
C0729,Individual,Raymond,Long,01-04-1944,M,USA,Washington,Investment,3,Yes,Agency,1944-01-04,82,3,1100578.42,366859.4733333333,489878.14,1280.28,3840.84,3,2024-01-12,2025-01-09,66.66666666666666,33.33333333333333,Apartment,363,1,0,2,Global Investors,-0.06622891232607542,0.8444318308541796
C0730,Individual,Gregory,Baker,05-09-1988,M,USA,California,Investment,4,No,Website,1988-05-09,38,3,1395460.54,465153.51333333337,629261.99,1435.6633333333332,4306.99,3,2024-01-02,2024-01-05,100.0,0.0,Apartment,3,0,0,2,Global Investors,1.575811644581588,1.2638186487765453
C0731,Individual,Larry,Harris,10/18/2000,M,USA,California,Home,5,No,Agency,2000-10-18,25,4,2163873.35,540968.3375,579753.4,1699.3675,6797.47,4,2024-01-04,2025-01-08,100.0,0.0,Apartment,370,0,3,0,High-Value / Luxury Investors,4.6343372572464885,-0.15678541468055357
C0732,Individual,Justin,Peterson,03-03-1985,M,USA,Oregon,Home,5,No,Website,1985-03-03,41,4,1763602.47,440900.6175,561731.1,1454.35,5817.4,4,2024-01-01,2024-01-10,100.0,0.0,Apartment,9,0,3,0,High-Value / Luxury Investors,2.5646313623295134,-0.47727762818496716
C0733,Individual,Susan,White,01-03-1976,F,USA,Nevada,Home,5,No,Agency,1976-01-03,50,3,1610480.1,536826.7000000001,622128.29,1609.0333333333335,4827.1,3,2024-01-05,2025-01-11,66.66666666666666,33.33333333333333,Apartment,372,0,3,0,High-Value / Luxury Investors,3.3504264307187257,-0.5115495449231556
C0734,Individual,Danielle,Ward,6/27/1981,F,USA,Virginia,Investment,5,Yes,Client,1981-06-27,45,3,894573.22,298191.0733333333,455010.72,1077.3333333333333,3232.0,3,2024-01-07,2025-01-06,33.33333333333333,66.66666666666666,Office,365,1,0,2,Global Investors,-1.51072134932612,1.0187602550002985
C0735,Individual,Matthew,Long,08-10-1994,M,Germany,Hesse,Investment,4,No,Website,1994-08-10,32,3,1082670.51,360890.17,470123.96,1129.1766666666665,3387.53,3,2024-01-07,2025-01-12,33.33333333333333,66.66666666666666,Office,371,0,0,2,Global Investors,-0.587678988986365,1.1114611074115905
C0736,Individual,Jordan,Campbell,6/13/1942,M,USA,Utah,Investment,3,No,Agency,1942-06-13,84,3,961660.45,320553.48333333334,476537.31,1049.513333333333,3148.54,3,2024-01-07,2025-01-11,100.0,0.0,Apartment,370,0,0,2,Global Investors,-1.2568906560423774,0.6333773785447964
C0737,Individual,Harold,Harris,8/15/1978,M,USA,California,Investment,3,No,Agency,1978-08-15,48,3,1271295.42,423765.14,517724.81,1435.6633333333332,4306.99,3,2024-01-02,2025-01-08,100.0,0.0,Apartment,372,0,0,2,Global Investors,1.0372835440977382,1.1240412516832985
C0738,Individual,Jose,White,9/21/1980,M,USA,Texas,Home,5,No,Website,1980-09-21,45,4,1217179.49,304294.8725,464608.3,955.7625,3823.05,4,2024-01-01,2024-01-10,100.0,0.0,Apartment,9,0,1,0,Home-Focused / First-Time Buyers,-0.7172541082772497,-0.8133996444856593
C0739,Individual,Albert,Turner,3/16/1965,M,USA,California,Home,2,No,Agency,1965-03-16,61,4,1239915.48,309978.87,442471.98,1096.12,4384.48,4,2024-01-08,2025-01-12,75.0,25.0,Apartment,370,0,1,1,Home-Focused / First-Time Buyers,-0.29365152268079076,-0.9294470791680782
C0740,Individual,Julia,Bell,12-08-1966,F,USA,Utah,Investment,1,No,Client,1966-12-08,59,3,1150084.72,383361.5733333333,580909.55,1176.236666666667,3528.71,3,2024-01-05,2025-01-02,66.66666666666666,33.33333333333333,Apartment,363,0,0,2,Global Investors,-0.18235230182843265,0.9110037026060372
C0741,Individual,Sandra,Stone,08-11-1962,F,USA,California,Home,2,No,Website,1962-08-11,64,3,808100.3,269366.76666666666,318066.48,952.0733333333334,2856.2200000000003,3,2025-01-01,2025-01-09,66.66666666666666,33.33333333333333,Apartment,8,0,1,1,Home-Focused / First-Time Buyers,-1.867008672635221,-1.1318372302743072
C0742,Individual,Bryan,Howard,8/21/1980,M,UK,Wales,Home,1,Yes,Website,1980-08-21,46,3,943082.42,314360.80666666664,424586.91,1078.7866666666666,3236.36,3,2024-01-05,2025-01-09,66.66666666666666,33.33333333333333,Apartment,370,1,1,1,Home-Focused / First-Time Buyers,-1.0067649489166801,-0.8327996884405334
C0743,Individual,Joshua,Allen,09-10-1972,M,USA,Oregon,Investment,4,Yes,Website,1972-09-10,54,3,973707.31,324569.10333333333,437490.2,1145.4666666666665,3436.4,3,2024-01-04,2025-01-12,100.0,0.0,Apartment,374,1,0,2,Global Investors,-0.9933893546015793,0.98721774938785
C0744,Individual,Helen,Morales,11-10-1950,F,USA,Virginia,Home,1,No,Website,1950-11-10,75,3,947393.7,315797.9,425904.8,939.33,2817.99,3,2024-01-03,2025-01-04,66.66666666666666,33.33333333333333,Apartment,367,0,1,1,Home-Focused / First-Time Buyers,-1.298017193475123,-1.1708662765528979
C0745,Individual,Emily,Collins,6/18/1997,F,USA,California,Investment,5,No,Website,1997-06-18,29,4,1137226.12,284306.53,457379.31,940.485,3761.94,4,2024-01-05,2025-01-07,100.0,0.0,Apartment,368,0,0,2,Global Investors,-1.4280433836947235,1.099406700794993
C0746,Individual,Gary,Reyes,10/13/1956,M,UK,Scotland,Home,4,No,Website,1956-10-13,69,4,1485041.45,371260.3625,474858.86,1120.62,4482.48,4,2024-01-02,2025-01-01,75.0,25.0,Apartment,365,0,3,1,High-Value / Luxury Investors,0.706230146565237,-0.8757534627326025
C0747,Individual,George,Patterson,4/18/1992,M,USA,Florida,Home,4,Yes,Website,1992-04-18,34,3,1321142.35,440380.7833333334,565444.67,1435.6633333333332,4306.99,3,2024-01-06,2025-01-02,66.66666666666666,33.33333333333333,Apartment,362,1,3,0,High-Value / Luxury Investors,1.59381718192568,-0.47195522768595055
C0748,Company,Vantage,Co,03-05-1974,F,USA,California,Home,1,Yes,Client,1974-03-05,52,3,1188736.23,396245.41,484844.4,1332.34,3997.02,3,2025-01-05,2025-01-11,66.66666666666666,33.33333333333333,Apartment,6,1,2,3,Corporate Buyers,0.5358822830029829,4.3049952710930945
C0749,Individual,Dorothy,Anderson,11/26/1992,F,USA,New York,Home,5,No,Agency,1992-11-26,33,3,1170883.93,390294.6433333333,526465.62,1258.6899999999998,3776.07,3,2024-01-12,2025-01-05,100.0,0.0,Apartment,359,0,3,0,High-Value / Luxury Investors,0.5070714248079854,-0.6424924721231856
C0750,Individual,Janice,Price,06-08-1976,F,USA,Nevada,Investment,1,No,Agency,1976-06-08,50,3,887696.78,295898.9266666667,533052.17,964.2666666666664,2892.8,3,2024-01-04,2024-01-11,66.66666666666666,33.33333333333333,Apartment,7,0,0,2,Global Investors,-1.8852259200171615,0.8234230340890818
C0751,Individual,Keith,Parker,9/19/1974,M,USA,California,Home,5,No,Client,1974-09-19,51,4,1055948.97,263987.2425,335648.24,967.0,3868.0,4,2024-01-01,2024-01-09,100.0,0.0,Apartment,8,0,1,1,Home-Focused / First-Time Buyers,-1.2640690236482433,-0.9152613351545724
C0752,Individual,Lisa,Young,12/17/1954,F,Belgium,Brussels,Investment,3,No,Agency,1954-12-17,71,4,836214.24,209053.56,237539.69,725.4225,2901.69,4,2024-01-06,2025-01-02,75.0,25.0,Apartment,362,0,0,2,Global Investors,-3.053030379899127,0.6004531329053668
C0753,Individual,Nicholas,Patterson,12/22/1960,M,Germany,Hamburg,Home,5,No,Website,1960-12-22,65,4,1053102.32,263275.58,360664.73,868.5725,3474.29,4,2024-01-02,2025-01-05,100.0,0.0,Apartment,369,0,1,1,Home-Focused / First-Time Buyers,-1.5105120071838753,-1.045075200799413
C0754,Individual,Teresa,Johnson,8/17/1970,F,USA,Arizona,Investment,3,No,Website,1970-08-17,56,4,1300009.56,325002.39,370723.42,1037.4175,4149.67,4,2024-01-09,2025-01-07,75.0,25.0,Apartment,364,0,0,2,Global Investors,-0.5759761356078431,0.9507293895971408
C0755,Company,Celera,Co,12/23/1967,F,USA,California,Home,5,No,Website,1967-12-23,58,3,1040997.25,346999.0833333333,348797.92,1286.4833333333331,3859.45,3,2025-01-04,2025-01-08,66.66666666666666,33.33333333333333,Apartment,4,0,2,3,Corporate Buyers,-0.13585537923337854,4.1420631340785246
C0756,Individual,Jessica,Patterson,3/19/1963,F,USA,Utah,Home,5,Yes,Website,1963-03-19,63,3,785768.09,261922.69666666663,349788.42,934.8733333333332,2804.62,3,2025-01-05,2025-01-10,100.0,0.0,Apartment,5,1,1,1,Home-Focused / First-Time Buyers,-1.970281663394182,-1.0183751349261827
C0757,Individual,Keith,Taylor,05-09-1946,M,USA,Oregon,Home,3,Yes,Website,1946-05-09,80,4,1392690.12,348172.53,566678.96,1053.27,4213.08,4,2024-01-06,2025-01-11,75.0,25.0,Apartment,371,1,1,0,Home-Focused / First-Time Buyers,0.18406628417701093,-0.9316839874150797
C0758,Individual,Joe,Allen,08-12-1958,M,USA,California,Investment,2,No,Website,1958-08-12,68,4,1135189.16,283797.29,453645.31,928.1775,3712.71,4,2024-01-06,2025-01-03,75.0,25.0,Apartment,363,0,0,2,Global Investors,-1.458633494560735,0.7647922064905369
C0759,Individual,Samuel,Anderson,10/27/1991,M,USA,Florida,Home,4,No,Website,1991-10-27,34,3,1327801.32,442600.44,605700.56,1451.5366666666666,4354.61,3,2024-01-09,2025-01-05,100.0,0.0,Apartment,362,0,3,0,High-Value / Luxury Investors,1.6747914103125698,-0.5527816442064262
C0760,Individual,Amanda,Adams,12/27/1964,F,USA,California,Investment,3,No,Website,1964-12-27,61,4,1288008.21,322002.0525,520039.4,1133.69,4534.76,4,2024-01-01,2025-01-01,100.0,0.0,Apartment,366,0,0,2,Global Investors,-0.36010249104429876,0.928875457643015
C0761,Individual,Joyce,Patterson,8/24/1981,F,Belgium,Flanders,Home,2,No,Agency,1981-08-24,45,4,1387948.07,346987.0175,575218.75,1134.4225,4537.6900000000005,4,2024-01-04,2025-01-09,100.0,0.0,Apartment,371,0,1,0,Home-Focused / First-Time Buyers,0.3195798957809904,-0.7448626033126975
C0762,Individual,Anna,Young,07-01-1967,F,USA,Ohio,Home,4,No,Website,1967-07-01,59,4,1456185.33,364046.3325,485326.73,1313.38,5253.52,4,2024-01-03,2025-01-01,100.0,0.0,Apartment,364,0,3,0,High-Value / Luxury Investors,1.0904199642790198,-0.7676551472030577
C0763,Company,Summit,Co,7/18/1971,F,USA,Georgia,Home,3,No,Agency,1971-07-18,55,3,1036781.97,345593.99,394871.49,1152.5966666666666,3457.79,3,2025-01-02,2025-01-09,100.0,0.0,Apartment,7,0,2,3,Corporate Buyers,-0.5425176953247387,4.11306023870587
C0764,Individual,Debra,Parker,02-09-1983,F,UK,Northern Ireland,Investment,4,No,Client,1983-02-09,43,4,1670624.74,417656.185,596267.69,1441.655,5766.62,4,2024-01-12,2025-01-11,100.0,0.0,Apartment,365,0,0,2,Global Investors,1.823935432085065,1.282601174027173
C0765,Individual,Joe,Green,6/22/1967,M,France,Brittany,Home,3,No,Website,1967-06-22,59,4,1516418.29,379104.5725,556439.7,1260.0625,5040.25,4,2024-01-02,2025-01-08,75.0,25.0,Apartment,372,0,3,0,High-Value / Luxury Investors,1.1528118897580524,-0.76806976681932
C0766,Individual,Robert,Bennett,09-04-1994,M,Germany,North Rhine-Westphalia,Home,3,Yes,Client,1994-09-04,32,4,1601876.14,400469.035,587630.43,1286.2725,5145.09,4,2024-01-01,2025-01-08,75.0,25.0,Apartment,373,1,3,0,High-Value / Luxury Investors,1.479798865201218,-0.43720179859396324
C0767,Individual,David,Brown,02-02-1961,M,Canada,British Columbia,Investment,2,No,Agency,1961-02-02,65,4,1403932.48,350983.12,485150.67,1242.0825,4968.33,4,2024-01-01,2025-01-10,75.0,25.0,Apartment,375,0,0,2,Global Investors,0.3335663376551208,0.9529142792486719
C0768,Individual,Matthew,Weaver,7/22/1992,M,Denmark,Southern Denmark,Investment,5,Yes,Website,1992-07-22,34,3,1048127.47,349375.8233333333,527746.08,1163.8866666666663,3491.66,3,2024-01-05,2025-01-03,33.33333333333333,66.66666666666666,Office,364,1,0,2,Global Investors,-0.6370518081283522,1.1867492415514795
C0769,Individual,Nicole,Long,2/21/1958,F,USA,Ohio,Home,4,No,Agency,1958-02-21,68,3,675607.7899999999,225202.59666666665,324271.22,753.3133333333334,2259.94,3,2024-01-01,2025-01-09,66.66666666666666,33.33333333333333,Apartment,374,0,1,1,Home-Focused / First-Time Buyers,-2.920120798295153,-1.2402790606841745
C0770,Individual,Shirley,Hall,02-09-1951,F,Russia,Krasnodar Krai,Home,4,No,Website,1951-02-09,75,3,984598.73,328199.57666666666,535533.08,1104.51,3313.53,3,2024-01-10,2025-01-03,100.0,0.0,Apartment,359,0,1,1,Home-Focused / First-Time Buyers,-0.6545861543592869,-1.0875130188213784
C0771,Company,Quasar,Co,06-09-1984,M,USA,California,Home,1,No,Website,1984-06-09,42,4,1856997.08,464249.27,728976.07,1408.3275,5633.31,4,2024-01-02,2025-01-10,75.0,25.0,Apartment,374,0,2,3,Corporate Buyers,2.5254956665486747,4.521569626795858
C0772,Individual,Ethan,White,9/25/1991,M,USA,California,Investment,1,No,Client,1991-09-25,34,3,911164.52,303721.50666666665,332253.48,1038.2,3114.6,3,2024-01-01,2025-01-12,33.33333333333333,66.66666666666666,Office,377,0,0,2,Global Investors,-1.6147510259830058,0.9721565323181884
C0773,Individual,Christopher,Taylor,12-09-1964,M,Russia,Saint Petersburg,Home,1,No,Website,1964-12-09,61,4,1451465.46,362866.365,514489.27,1153.0825,4612.33,4,2025-01-05,2025-01-10,75.0,25.0,Apartment,5,0,3,0,High-Value / Luxury Investors,0.6065675138878013,-0.8513054657029139
C0774,Individual,David,Wood,3/23/1983,M,USA,Georgia,Home,5,Yes,Agency,1983-03-23,43,3,999792.68,333264.2266666666,564194.97,1144.8033333333333,3434.41,3,2024-01-10,2024-01-12,100.0,0.0,Apartment,2,1,1,0,Home-Focused / First-Time Buyers,-0.5261153831549874,-0.7290532313554778
C0775,Individual,Andrea,Reyes,12/25/1975,F,USA,Arizona,Home,1,No,Agency,1975-12-25,50,4,1043608.37,260902.0925,368476.78,900.39,3601.56,4,2025-01-03,2025-01-11,75.0,25.0,Apartment,8,0,1,1,Home-Focused / First-Time Buyers,-1.551930069530784,-0.9689587441364786
C0776,Individual,Ashley,Morales,06-11-1966,F,Germany,Bavaria,Home,4,Yes,Agency,1966-06-11,60,3,914465.33,304821.7766666667,382528.88,980.87,2942.61,3,2025-01-03,2025-01-08,66.66666666666666,33.33333333333333,Apartment,5,1,1,1,Home-Focused / First-Time Buyers,-1.314816146157072,-0.9416896421897197
C0777,Company,Meridian,Co,5/15/1982,M,USA,Arizona,Home,1,No,Client,1982-05-15,44,3,1130759.41,376919.8033333334,459850.51,1313.16,3939.48,3,2024-01-03,2024-01-11,100.0,0.0,Apartment,8,0,2,3,Corporate Buyers,0.23344988038835437,4.250701202084755
C0778,Individual,George,Pierce,7/22/1998,M,USA,California,Investment,4,Yes,Agency,1998-07-22,28,4,1646921.92,411730.48,601818.29,1334.8775,5339.51,4,2024-01-01,2025-01-09,75.0,25.0,Apartment,374,1,0,2,Global Investors,1.4250502182904083,1.4531136136152942
C0779,Individual,Lisa,Hughes,04-05-1953,F,USA,California,Home,5,Yes,Agency,1953-04-05,73,3,1221957.12,407319.04,499912.08,1325.0800000000002,3975.24,3,2024-01-07,2025-01-11,100.0,0.0,Apartment,370,1,3,0,High-Value / Luxury Investors,0.9519352181761855,-0.8265033015222718
C0780,Individual,Martha,Hansen,08-01-1947,F,USA,California,Home,3,No,Website,1947-08-01,79,3,708761.6900000001,236253.8966666667,337660.44,849.6366666666667,2548.91,3,2024-01-01,2025-01-10,100.0,0.0,Apartment,375,0,1,1,Home-Focused / First-Time Buyers,-2.52484364237548,-1.3004694675442119
C0781,Individual,Gerald,Sanders,11/28/1940,M,USA,California,Investment,5,Yes,Website,1940-11-28,85,4,1181206.69,295301.6725,356949.82,1030.635,4122.54,4,2024-01-04,2025-01-11,50.0,50.0,Apartment,373,1,0,2,Global Investors,-0.9578227582200615,0.7920672513423351
C0782,Individual,Ethan,Williams,10-02-1970,M,USA,Utah,Investment,2,Yes,Website,1970-10-02,55,4,1166638.16,291659.54000000004,500885.96,905.0375,3620.15,4,2024-01-01,2025-01-02,75.0,25.0,Apartment,367,1,0,2,Global Investors,-1.4354651141562018,0.9579983015656496
C0783,Individual,Betty,Sanders,3/27/1961,F,Canada,Alberta,Home,1,Yes,Agency,1961-03-27,65,3,1031472.36,343824.12,437818.55,1156.5633333333333,3469.69,3,2024-01-04,2024-01-12,100.0,0.0,Apartment,8,1,1,1,Home-Focused / First-Time Buyers,-0.3921071619950108,-0.9244823547845629
C0784,Individual,Charles,Baker,6/26/1973,M,Mexico,Baja California,Investment,4,No,Website,1973-06-26,53,3,1172514.65,390838.2166666666,509668.52,1356.746666666667,4070.24,3,2024-01-03,2025-01-09,100.0,0.0,Apartment,372,0,0,2,Global Investors,0.42813278572168956,1.0374969972774992
C0785,Company,Rexon,Co,3/27/1971,F,USA,California,Home,2,No,Website,1971-03-27,55,4,1047112.48,261778.12,431877.48,860.9325,3443.73,4,2024-01-03,2025-01-05,100.0,0.0,Apartment,368,0,2,3,Corporate Buyers,-1.8100219650403306,4.021239694353734
C0786,Individual,Sarah,Martin,3/25/1983,F,USA,California,Investment,3,No,Website,1983-03-25,43,3,663797.37,221265.79,316398.13,724.0866666666667,2172.26,3,2024-01-04,2025-01-12,66.66666666666666,33.33333333333333,Apartment,374,0,0,2,Global Investors,-3.4587446563639923,0.7518630129892181
C0787,Individual,Andrew,Jackson,11/20/1950,M,USA,Washington,Home,1,No,Website,1950-11-20,75,3,1405947.66,468649.22,528186.67,1527.8633333333337,4583.59,3,2024-01-04,2025-01-11,100.0,0.0,Apartment,373,0,3,0,High-Value / Luxury Investors,2.2244316614040214,-0.8498275575061063
C0788,Individual,Matthew,Stone,5/14/1944,M,France,Brittany,Investment,4,No,Website,1944-05-14,82,4,1799447.01,449861.7525,599896.96,1482.5875,5930.35,4,2024-01-05,2025-01-03,75.0,25.0,Apartment,364,0,0,2,Global Investors,2.4581744613433263,1.0386556847352555
C0789,Individual,Madison,Price,04-06-1974,F,Canada,Ontario,Investment,1,No,Website,1974-04-06,52,3,1125271.6,375090.5333333334,491362.13,1228.91,3686.73,3,2024-01-03,2025-01-01,33.33333333333333,66.66666666666666,Office,364,0,0,2,Global Investors,-0.16255347491167046,0.9656744059521046
C0790,Individual,Brandon,Cooper,1/18/1974,M,USA,California,Home,5,Yes,Agency,1974-01-18,52,4,1521440.86,380360.215,629276.73,1227.17,4908.68,4,2024-01-05,2024-01-12,75.0,25.0,Apartment,7,1,3,0,High-Value / Luxury Investors,1.0973275815487635,-0.611335585047852
C0791,Individual,Walter,Adams,01-07-1983,M,USA,Texas,Home,4,No,Website,1983-01-07,43,4,1424465.81,356116.4525,386702.48,1159.9675,4639.87,4,2024-01-01,2025-01-08,75.0,25.0,Apartment,373,0,3,0,High-Value / Luxury Investors,0.549578642190349,-0.6895435057466048
C0792,Individual,Joseph,Richardson,4/14/1982,M,USA,California,Investment,4,Yes,Website,1982-04-14,44,4,1559979.82,389994.955,542607.18,1219.85,4879.4,4,2024-01-07,2025-01-12,100.0,0.0,Apartment,371,1,0,2,Global Investors,0.8329220197002348,1.2739731671823875
C0793,Individual,Kevin,Brown,09-04-1969,M,USA,New York,Home,4,No,Agency,1969-09-04,57,4,1245234.35,311308.5875,545577.55,1048.44,4193.76,4,2024-01-03,2025-01-07,100.0,0.0,Apartment,370,0,1,0,Home-Focused / First-Time Buyers,-0.3715074695348148,-0.8859127999223624
C0794,Individual,Gregory,Mitchell,02-11-1951,M,USA,California,Home,4,Yes,Website,1951-02-11,75,3,1120488.77,373496.25666666665,453748.83,1308.513333333333,3925.54,3,2024-01-04,2025-01-04,100.0,0.0,Apartment,366,1,3,0,High-Value / Luxury Investors,0.45602618890725766,-0.8988865870421022
C0795,Individual,Harold,Murray,1/14/1969,M,USA,California,Investment,4,Yes,Website,1969-01-14,57,3,1170869.09,390289.6966666666,601201.34,1169.0466666666669,3507.1400000000003,3,2024-01-11,2025-01-10,100.0,0.0,Apartment,365,1,0,2,Global Investors,-0.07450920486852566,1.0525064525176417
C0796,Individual,Stephanie,Ward,04-11-1983,F,USA,California,Investment,5,Yes,Website,1983-04-11,43,3,559596.54,186532.18,201976.86,607.4466666666667,1822.34,3,2025-01-06,2025-01-11,100.0,0.0,Apartment,5,1,0,2,Global Investors,-4.191464829278285,0.7909325749302081
C0797,Individual,Joan,Gray,06-08-1990,F,USA,Oregon,Home,5,Yes,Agency,1990-06-08,36,3,881179.3,293726.43333333335,475185.8,851.8699999999999,2555.61,3,2024-01-01,2025-01-11,66.66666666666666,33.33333333333333,Apartment,376,1,1,1,Home-Focused / First-Time Buyers,-1.8159617233176366,-0.7888517963309356
C0798,Company,Novex,Co,10/21/1965,M,USA,Nevada,Home,4,Yes,Agency,1965-10-21,60,4,987267.48,246816.87,353070.7,840.8725,3363.49,4,2024-01-04,2025-01-05,100.0,0.0,Apartment,367,1,2,3,Corporate Buyers,-2.049146964842546,4.065213951660928
C0799,Individual,Pamela,Johnson,7/24/1954,F,USA,California,Home,4,No,Website,1954-07-24,72,4,1108935.86,277233.965,350745.37,972.245,3888.98,4,2024-01-05,2025-01-04,100.0,0.0,Apartment,365,0,1,1,Home-Focused / First-Time Buyers,-1.0427780304976724,-1.0667930960888394
C0800,Individual,Lawrence,Smith,01-02-1974,M,USA,Virginia,Investment,5,Yes,Website,1974-01-02,52,3,983573.18,327857.7266666666,543292.36,1151.5466666666666,3454.64,3,2024-01-06,2024-01-07,100.0,0.0,Apartment,1,1,0,2,Global Investors,-0.9210456629133059,1.018670655512931
C0801,Individual,Betty,Price,04-03-1969,F,USA,Washington,Home,4,Yes,Website,1969-04-03,57,3,1361712.2999999998,453904.0999999999,571066.07,1435.6633333333332,4306.99,3,2024-01-09,2025-01-04,100.0,0.0,Apartment,361,1,3,0,High-Value / Luxury Investors,1.8043361385450236,-0.6313736052085537
C0802,Individual,Matthew,Williams,11-10-1970,M,USA,Virginia,Home,5,No,Agency,1970-11-10,55,3,1074480.81,358160.27,494631.27,1217.58,3652.74,3,2024-01-10,2025-01-11,100.0,0.0,Apartment,367,0,1,0,Home-Focused / First-Time Buyers,0.016193136492849557,-0.860948188254963
C0803,Individual,Evelyn,Moore,12/13/1945,F,USA,Texas,Home,4,No,Agency,1945-12-13,80,4,1542819.53,385704.8825,595397.77,1329.5925,5318.37,4,2024-01-04,2025-01-05,100.0,0.0,Apartment,367,0,3,0,High-Value / Luxury Investors,1.4793827454512545,-0.8940351959030528
C0804,Individual,Tyler,Cook,01-10-1967,M,USA,Washington,Home,5,No,Agency,1967-01-10,59,3,1223755.92,407918.64,563216.05,1464.8466666666666,4394.54,3,2024-01-04,2024-01-11,33.33333333333333,66.66666666666666,Office,7,0,3,0,High-Value / Luxury Investors,1.314610786150201,-0.7750775154286784
C0805,Individual,Albert,Cook,1/17/1953,M,Germany,Berlin,Home,1,Yes,Website,1953-01-17,73,3,940964.73,313654.91,378804.75,995.51,2986.53,3,2024-01-05,2024-01-12,100.0,0.0,Apartment,7,1,1,1,Home-Focused / First-Time Buyers,-1.19257633925678,-1.0589795159906499
C0806,Individual,Jack,Richardson,11/18/1989,M,France,Ile-de-France,Home,5,No,Client,1989-11-18,36,4,1485168.27,371292.0675,543193.6,1220.42,4881.68,4,2024-01-01,2025-01-11,100.0,0.0,Apartment,376,0,3,0,High-Value / Luxury Investors,0.9342395635936922,-0.59016688167325
C0807,Individual,Amy,Chavez,11/16/1993,F,Mexico,Mexico City,Investment,5,No,Website,1993-11-16,32,4,1635419.92,408854.98,548576.41,1412.375,5649.5,4,2024-01-01,2025-01-12,50.0,50.0,Apartment,377,0,0,2,Global Investors,1.6195845674922213,1.3585923574468974
C0808,Individual,Gregory,Ward,5/17/1943,M,Germany,Berlin,Home,3,Yes,Website,1943-05-17,83,3,885158.15,295052.7166666667,385179.19,1003.3133333333334,3009.94,3,2025-01-02,2025-01-04,100.0,0.0,Apartment,2,1,1,1,Home-Focused / First-Time Buyers,-1.3646010706776859,-1.1363554466769856
C0809,Individual,Hannah,Alexander,2/16/1967,F,France,Occitanie,Home,5,Yes,Agency,1967-02-16,59,3,1386118.19,462039.39666666667,619032.93,1464.8466666666666,4394.54,3,2024-01-04,2025-01-02,100.0,0.0,Apartment,364,1,3,0,High-Value / Luxury Investors,2.00608957567064,-0.61948120422008
C0810,Individual,Ronald,Sanders,2/13/1995,M,USA,California,Home,1,Yes,Website,1995-02-13,31,3,922597.58,307532.5266666667,415564.76,915.6366666666668,2746.91,3,2024-01-04,2025-01-10,100.0,0.0,Apartment,372,1,1,1,Home-Focused / First-Time Buyers,-1.5449785939778724,-0.7616602628453023
C0811,Individual,Carl,Allen,4/17/1945,M,UK,Wales,Home,3,No,Agency,1945-04-17,81,3,1515201.05,505067.01666666666,531362.61,1471.9,4415.7,3,2024-01-06,2025-01-11,100.0,0.0,Apartment,371,0,3,0,High-Value / Luxury Investors,2.5933147302647117,-0.8406585859724389
C0812,Individual,Harold,Cooper,8/24/1974,M,UK,Northern Ireland,Home,3,Yes,Website,1974-08-24,52,4,1443224.01,360806.0025,529272.37,1248.58,4994.32,4,2024-01-03,2025-01-09,100.0,0.0,Apartment,372,1,3,0,High-Value / Luxury Investors,0.835707879380315,-0.6561928601907374
C0813,Individual,Gerald,Cook,10-11-1974,M,UK,Scotland,Investment,3,No,Agency,1974-10-11,51,4,1314024.52,328506.13,453762.41,1099.4925,4397.97,4,2024-01-01,2025-01-12,25.0,75.0,Office,377,0,0,2,Global Investors,-0.37034866291207097,1.0076203068630456
C0814,Individual,Joan,Stewart,3/26/1964,F,USA,California,Home,2,No,Website,1964-03-26,62,3,674363.74,224787.91333333333,245279.18,706.7266666666666,2120.18,3,2024-01-05,2025-01-06,100.0,0.0,Apartment,367,0,1,1,Home-Focused / First-Time Buyers,-3.090157726688042,-1.22608557497437
C0815,Company,Horizon,Co,11-06-1965,F,USA,Nevada,Home,4,Yes,Agency,1965-11-06,60,3,962374.65,320791.55,376063.41,1205.9633333333334,3617.89,3,2024-01-11,2025-01-08,100.0,0.0,Apartment,363,1,2,3,Corporate Buyers,-0.710908518038281,4.15254026069235
C0816,Individual,Deborah,Wright,12/23/1947,F,Germany,Hamburg,Home,2,Yes,Website,1947-12-23,78,3,1003090.85,334363.6166666667,530119.92,1151.5466666666666,3454.64,3,2024-01-11,2024-01-12,66.66666666666666,33.33333333333333,Apartment,1,1,1,1,Home-Focused / First-Time Buyers,-0.49131566623795686,-1.026709634301242
C0817,Individual,Grace,Thompson,05-12-1972,F,USA,California,Investment,1,No,Website,1972-05-12,54,3,1338281.0,446093.6666666667,487710.82,1448.82,4346.46,3,2024-01-02,2025-01-05,66.66666666666666,33.33333333333333,Apartment,369,0,0,2,Global Investors,1.3368764464046712,1.0878661503062763
C0818,Company,Sterling,Co,09-08-1991,F,USA,Colorado,Home,2,No,Website,1991-09-08,35,4,760443.3500000001,190110.8375,285509.27,677.79,2711.16,4,2024-01-02,2025-01-12,75.0,25.0,Apartment,376,0,2,3,Corporate Buyers,-3.3603404407540967,4.0315145623339665
C0819,Individual,Jose,Bryant,3/15/1951,M,USA,California,Home,5,No,Website,1951-03-15,75,3,1239378.27,413126.09,540445.52,1313.16,3939.48,3,2025-01-04,2025-01-09,100.0,0.0,Apartment,5,0,3,0,High-Value / Luxury Investors,1.0098012552347881,-0.9241611903858411
C0820,Individual,Judith,Collins,10/22/1940,F,USA,Texas,Investment,4,No,Agency,1940-10-22,85,3,920197.78,306732.5933333333,497575.53,976.2833333333332,2928.85,3,2024-01-06,2025-01-03,100.0,0.0,Apartment,363,0,0,2,Global Investors,-1.6093942415515827,0.6029573007162001
C0821,Individual,Elizabeth,Moore,09-04-1957,F,USA,California,Home,5,Yes,Agency,1957-09-04,69,3,1371213.26,457071.0866666666,555202.09,1467.89,4403.67,3,2024-01-04,2025-01-04,66.66666666666666,33.33333333333333,Apartment,366,1,3,0,High-Value / Luxury Investors,1.9648431957321422,-0.701868414665574
C0822,Individual,Jessica,Weaver,4/19/1959,F,USA,California,Investment,3,Yes,Website,1959-04-19,67,3,1407630.29,469210.0966666667,508753.3,1563.9733333333334,4691.92,3,2024-01-01,2024-01-07,66.66666666666666,33.33333333333333,Apartment,6,1,0,2,Global Investors,1.9808022313570244,1.1506175310829592
C0823,Individual,Nancy,Hayes,4/16/1975,F,USA,Oregon,Investment,5,Yes,Agency,1975-04-16,51,4,1722388.89,430597.2225,589758.81,1338.9,5355.6,4,2024-01-02,2024-01-10,100.0,0.0,Apartment,8,1,0,2,Global Investors,1.7614591657185208,1.315327648592387
C0824,Individual,Douglas,Cox,06-01-1976,M,USA,California,Home,3,No,Agency,1976-06-01,50,3,1234378.85,411459.6166666667,519209.27,1435.6633333333332,4306.99,3,2024-01-07,2025-01-08,66.66666666666666,33.33333333333333,Apartment,367,0,3,0,High-Value / Luxury Investors,1.2368397957406927,-0.7290781564217352
C0825,Individual,Ruth,Hughes,3/26/1982,F,Mexico,Nuevo Leon,Home,4,Yes,Agency,1982-03-26,44,4,1246198.0,311549.5,507522.85,1075.0475,4300.1900000000005,4,2024-01-04,2025-01-04,100.0,0.0,Apartment,366,1,1,1,Home-Focused / First-Time Buyers,-0.3288934289855215,-0.6929402636776721
C0826,Individual,Jason,Stewart,09-11-1970,M,USA,Ohio,Investment,4,Yes,Website,1970-09-11,56,4,1255265.82,313816.455,623819.92,996.1925,3984.77,4,2024-01-07,2025-01-11,75.0,25.0,Apartment,370,1,0,2,Global Investors,-0.8400862923098361,1.023330492432406
C0827,Individual,Ruth,Wright,8/23/1965,F,USA,Washington,Home,2,Yes,Website,1965-08-23,61,4,1176467.77,294116.9425,557463.33,1025.3225,4101.29,4,2024-01-03,2025-01-11,75.0,25.0,Apartment,374,1,1,1,Home-Focused / First-Time Buyers,-0.719845844756342,-0.8806307731019045
C0828,Individual,Elizabeth,Stewart,10-10-1947,F,USA,Arizona,Investment,4,Yes,Website,1947-10-10,78,4,1313574.2,328393.55,500403.51,1122.0925,4488.37,4,2025-01-02,2025-01-10,75.0,25.0,Apartment,8,1,0,2,Global Investors,-0.2655271278502487,0.9028087146238489
C0829,Individual,Jonathan,Stewart,11/16/1960,M,USA,Utah,Investment,3,No,Website,1960-11-16,65,4,1296844.19,324211.0475,444270.56,1102.08,4408.32,4,2024-01-05,2025-01-06,100.0,0.0,Apartment,367,0,0,2,Global Investors,-0.40460549337089685,0.8945157615279251
C0830,Individual,William,Martin,5/16/1952,M,USA,Oregon,Investment,3,No,Agency,1952-05-16,74,4,1518798.69,379699.6725,480172.84,1169.615,4678.46,4,2024-01-09,2025-01-12,100.0,0.0,Apartment,369,0,0,2,Global Investors,0.5915921799679936,0.9202465297825272
C0831,Individual,Judith,Martin,9/24/1977,F,USA,California,Home,2,No,Website,1977-09-24,48,3,909532.47,303177.49,393983.06,979.0866666666668,2937.26,3,2024-01-02,2024-01-11,33.33333333333333,66.66666666666666,Office,9,0,1,1,Home-Focused / First-Time Buyers,-1.3821052276884107,-0.9603673627237184
C0832,Individual,Dorothy,Ward,01-09-1990,F,USA,Nevada,Investment,3,Yes,Website,1990-01-09,36,3,1290741.99,430247.33,561351.99,1336.61,4009.83,3,2024-01-03,2025-01-01,66.66666666666666,33.33333333333333,Apartment,364,1,0,2,Global Investors,0.8333288722732904,1.2899696256555742
C0833,Individual,Roger,Green,11-06-1951,M,Denmark,Southern Denmark,Home,5,No,Website,1951-11-06,74,3,1422486.61,474162.2033333333,504262.01,1623.3,4869.9,3,2024-01-04,2025-01-04,66.66666666666666,33.33333333333333,Apartment,366,0,3,0,High-Value / Luxury Investors,2.6113642323510535,-0.7720110226544836
C0834,Individual,Helen,Parker,12/23/1957,F,USA,California,Home,5,No,Website,1957-12-23,68,4,1384660.54,346165.135,428653.51,1073.905,4295.62,4,2024-01-06,2025-01-07,100.0,0.0,Apartment,367,0,1,1,Home-Focused / First-Time Buyers,0.23489767741730816,-0.903840512429004
C0835,Individual,Maria,Foster,06-06-1974,F,USA,California,Home,5,Yes,Website,1974-06-06,52,4,1159317.69,289829.4225,498858.03,941.61,3766.44,4,2024-01-02,2025-01-12,75.0,25.0,Apartment,376,1,1,1,Home-Focused / First-Time Buyers,-0.9643269973935408,-0.8040215558432384
C0836,Individual,Adam,Sanders,02-04-1942,M,USA,Ohio,Home,4,No,Website,1942-02-04,84,3,1280715.29,426905.0966666667,499955.33,1493.243333333333,4479.73,3,2024-01-03,2025-01-03,66.66666666666666,33.33333333333333,Apartment,366,0,3,0,High-Value / Luxury Investors,1.6565079961432656,-0.94739835069294
C0837,Individual,Peter,Montgomery,06-06-1967,M,France,Brittany,Home,1,No,Website,1967-06-06,59,4,1415445.71,353861.4275,484359.77,1253.3075,5013.23,4,2024-01-04,2025-01-05,100.0,0.0,Apartment,367,0,3,0,High-Value / Luxury Investors,0.7349045500469638,-0.8272498803165295
C0838,Individual,Jacob,Morris,04-05-1992,M,USA,Nevada,Investment,1,Yes,Website,1992-04-05,34,3,837604.3,279201.43333333335,345031.43,853.8133333333334,2561.44,3,2024-01-02,2025-01-12,100.0,0.0,Apartment,376,1,0,2,Global Investors,-2.42582138220767,0.9882369407612848
C0839,Individual,Elizabeth,Baker,1/26/1994,F,UK,England,Home,5,Yes,Agency,1994-01-26,32,3,1123967.69,374655.89666666667,531903.04,1308.513333333333,3925.54,3,2024-01-02,2025-01-10,66.66666666666666,33.33333333333333,Apartment,374,1,1,0,Home-Focused / First-Time Buyers,0.42232270037499187,-0.5567451632568352
C0840,Individual,Elizabeth,Wilson,11-01-1981,F,Belgium,Brussels,Home,1,No,Website,1981-11-01,44,4,1508352.25,377088.0625,565118.87,1329.5925,5318.37,4,2024-01-04,2025-01-10,100.0,0.0,Apartment,372,0,3,0,High-Value / Luxury Investors,1.2488730188192434,-0.662024934169886
C0841,Individual,Timothy,Cooper,02-05-1999,M,Belgium,Wallonia,Home,5,No,Website,1999-02-05,27,4,1344816.1,336204.025,443394.23,1167.105,4668.42,4,2024-01-03,2025-01-05,100.0,0.0,Apartment,368,0,1,0,Home-Focused / First-Time Buyers,0.2715001945997888,-0.5833386454819518
C0842,Individual,Keith,Morales,2/27/1996,M,USA,Washington,Home,5,Yes,Client,1996-02-27,30,4,1082477.8199999998,270619.455,507216.3,928.745,3714.98,4,2024-01-09,2025-01-11,50.0,50.0,Apartment,368,1,1,1,Home-Focused / First-Time Buyers,-1.3104996605852353,-0.665702462352186
C0843,Individual,Amanda,Hansen,12-04-2000,F,USA,Georgia,Home,4,No,Agency,2000-12-04,25,3,1377127.37,459042.4566666667,508725.94,1500.72,4502.16,3,2024-01-04,2025-01-10,100.0,0.0,Apartment,372,0,3,0,High-Value / Luxury Investors,2.0030266468880753,-0.4522275308152793
C0844,Individual,Margaret,Scott,6/13/1947,F,USA,California,Home,2,No,Website,1947-06-13,79,4,1363201.96,340800.49,510261.37,1187.8925000000002,4751.570000000001,4,2024-01-10,2025-01-11,75.0,25.0,Apartment,367,0,3,0,High-Value / Luxury Investors,0.42144782013500076,-1.003188186568784
C0845,Individual,Ashley,Long,09-05-1993,F,USA,Washington,Home,3,No,Client,1993-09-05,33,3,1355270.16,451756.72,541412.0,1471.4466666666667,4414.34,3,2024-01-05,2025-01-01,100.0,0.0,Apartment,362,0,3,0,High-Value / Luxury Investors,1.827309157158647,-0.5398202538266615
C0846,Individual,Martha,Harris,5/15/1976,F,Canada,Quebec,Investment,3,No,Agency,1976-05-15,50,3,1069033.77,356344.59,579072.02,1135.5233333333333,3406.57,3,2024-01-07,2024-01-12,100.0,0.0,Apartment,5,0,0,2,Global Investors,-0.619425977721915,0.9582990636028844
C0847,Individual,Nicole,James,2/27/1988,F,USA,Utah,Home,2,Yes,Agency,1988-02-27,38,4,1258765.46,314691.365,480678.5,1011.5875,4046.35,4,2024-01-05,2025-01-12,75.0,25.0,Apartment,373,1,1,1,Home-Focused / First-Time Buyers,-0.4920591022265447,-0.6773379015466892
C0848,Individual,Aaron,Hughes,11/22/1967,M,USA,California,Home,4,No,Agency,1967-11-22,58,4,1366788.33,341697.0825,546910.59,1184.9475000000002,4739.790000000001,4,2024-01-01,2025-01-01,100.0,0.0,Apartment,366,0,1,1,Home-Focused / First-Time Buyers,0.4283912430296685,-0.8201009848120056
C0849,Individual,Brian,Wilson,04-11-1977,M,USA,Oregon,Home,1,Yes,Website,1977-04-11,49,4,1262931.66,315732.915,539249.94,995.0275,3980.11,4,2024-01-08,2025-01-11,100.0,0.0,Apartment,369,1,1,1,Home-Focused / First-Time Buyers,-0.5203000961587013,-0.7744737147539402
C0850,Individual,Judy,Stone,11/13/1983,F,USA,Colorado,Investment,5,No,Agency,1983-11-13,42,3,528432.48,176144.16,229915.53,610.62,1831.86,3,2024-01-09,2024-01-09,100.0,0.0,Apartment,0,0,0,2,Global Investors,-4.308800877086508,0.6990679291078398
C0851,Individual,Kyle,White,5/16/1993,M,USA,California,Investment,2,Yes,Website,1993-05-16,33,4,1482957.88,370739.47,492001.45,1259.95,5039.8,4,2024-01-01,2025-01-08,100.0,0.0,Apartment,373,1,0,2,Global Investors,0.6077535315846676,1.318029214617545
C0852,Individual,Carl,Brown,7/20/1989,M,Germany,North Rhine-Westphalia,Home,2,No,Agency,1989-07-20,37,4,1368458.37,342114.5925,430669.69,1222.37,4889.48,4,2024-01-02,2024-01-10,100.0,0.0,Apartment,8,0,3,0,High-Value / Luxury Investors,0.4666663478101106,-0.6714420731449534
C0853,Individual,Gerald,Bryant,08-07-1950,M,USA,Utah,Home,4,No,Website,1950-08-07,76,4,1293562.22,323390.555,431452.51,1092.085,4368.34,4,2024-01-06,2025-01-08,50.0,50.0,Apartment,368,0,1,1,Home-Focused / First-Time Buyers,-0.05291304705711744,-1.004835417002775
C0854,Individual,David,Reyes,2/13/1944,M,USA,California,Home,4,No,Website,1944-02-13,82,3,1419031.61,473010.5366666666,622276.58,1454.41,4363.23,3,2024-01-05,2024-01-12,66.66666666666666,33.33333333333333,Apartment,7,0,3,0,High-Value / Luxury Investors,2.1500309691927733,-0.8820887497083972
C0855,Individual,Amanda,Foster,03-10-1973,F,Australia,Queensland,Home,4,No,Website,1973-03-10,53,4,1198702.15,299675.5375,439175.81,1114.2125,4456.85,4,2024-01-03,2025-01-11,100.0,0.0,Apartment,374,0,1,0,Home-Focused / First-Time Buyers,-0.37450415821894806,-0.8577683528953908
C0856,Individual,Janice,Chavez,8/16/1964,F,USA,Florida,Home,5,Yes,Website,1964-08-16,62,4,1565508.99,391377.2475,557814.29,1226.185,4904.74,4,2024-01-04,2025-01-02,100.0,0.0,Apartment,364,1,3,0,High-Value / Luxury Investors,1.2699931192202165,-0.672386313693142
C0857,Individual,Danielle,Ward,05-11-1951,F,USA,California,Investment,1,Yes,Website,1951-05-11,75,4,1431064.56,357766.14,532766.89,1146.2825,4585.13,4,2024-01-05,2025-01-11,50.0,50.0,Apartment,372,1,0,2,Global Investors,0.16925353737059903,0.9416570849785699
C0858,Individual,Samuel,Howard,07-12-1994,M,USA,Nevada,Home,1,No,Website,1994-07-12,32,3,972150.6,324050.2,377504.51,1156.5633333333333,3469.69,3,2024-01-01,2024-01-12,66.66666666666666,33.33333333333333,Apartment,11,0,1,1,Home-Focused / First-Time Buyers,-0.6883104746984124,-0.7832971862225796
C0859,Individual,Megan,Anderson,12-03-1942,F,USA,California,Home,2,Yes,Agency,1942-12-03,83,4,1440623.89,360155.97250000003,641122.99,1154.105,4616.42,4,2024-01-01,2025-01-10,100.0,0.0,Apartment,375,1,3,0,High-Value / Luxury Investors,0.6095976935849972,-0.9261678265847758
C0860,Individual,Virginia,Morales,07-09-1968,F,USA,Utah,Home,5,Yes,Website,1968-07-09,58,4,1362579.84,340644.96,491343.75,1148.025,4592.1,4,2024-01-04,2025-01-05,100.0,0.0,Apartment,367,1,1,0,Home-Focused / First-Time Buyers,0.3227012198636618,-0.7319247473390592
C0861,Individual,Christine,Peterson,08-04-1994,F,France,Brittany,Investment,2,No,Agency,1994-08-04,32,3,1527460.57,509153.5233333334,530773.97,1635.6233333333332,4906.87,3,2024-01-01,2025-01-01,66.66666666666666,33.33333333333333,Apartment,366,0,0,2,Global Investors,2.6268829693416267,1.3876639332063285
C0862,Individual,Amanda,Jordan,6/14/1981,F,USA,Colorado,Investment,1,No,Website,1981-06-14,45,3,1354421.91,451473.97,605272.25,1527.8633333333337,4583.59,3,2024-01-11,2025-01-10,100.0,0.0,Apartment,365,0,0,2,Global Investors,1.5997074027112403,1.180885274311197
C0863,Individual,Brandon,Peterson,4/20/1975,M,Belgium,Wallonia,Home,5,Yes,Agency,1975-04-20,51,4,1107744.96,276936.24,331782.88,984.6475,3938.59,4,2024-01-01,2024-01-11,100.0,0.0,Apartment,10,1,1,1,Home-Focused / First-Time Buyers,-1.0405168916519658,-0.8056509243048057
C0864,Individual,Noah,Kim,07-07-1970,M,USA,Texas,Home,3,No,Website,1970-07-07,56,3,1085548.02,361849.34,436782.69,1156.5633333333333,3469.69,3,2024-01-02,2025-01-10,66.66666666666666,33.33333333333333,Apartment,374,0,1,1,Home-Focused / First-Time Buyers,-0.12767363228353623,-0.8984151690190324
C0865,Individual,Rebecca,Gray,5/20/1975,F,USA,Colorado,Investment,5,Yes,Website,1975-05-20,51,4,1268059.13,317014.7825,590633.76,1008.395,4033.58,4,2024-01-01,2024-01-11,75.0,25.0,Apartment,10,1,0,2,Global Investors,-0.7525208027193093,1.0795947336395513
C0866,Individual,Lawrence,Bryant,11/27/1987,M,Belgium,Brussels,Home,3,No,Agency,1987-11-27,38,4,1331713.08,332928.27,467860.91,1148.025,4592.1,4,2024-01-01,2025-01-10,100.0,0.0,Apartment,375,0,1,0,Home-Focused / First-Time Buyers,0.1571453921544041,-0.6978794281482301
C0867,Individual,Julia,Davis,04-12-1967,F,USA,California,Home,2,No,Agency,1967-04-12,59,3,1028747.3,342915.76666666666,434559.42,1146.263333333333,3438.79,3,2024-01-01,2024-01-08,100.0,0.0,Apartment,7,0,1,1,Home-Focused / First-Time Buyers,-0.412500595888512,-0.9582655859109059
C0868,Individual,Victoria,Rogers,2/21/1945,F,USA,Florida,Home,3,Yes,Agency,1945-02-21,81,3,987211.17,329070.39,390539.15,1049.38,3148.14,3,2024-01-03,2025-01-04,66.66666666666666,33.33333333333333,Apartment,367,1,1,1,Home-Focused / First-Time Buyers,-0.8058254143415359,-1.0679542151052355
C0869,Individual,Jose,Roberts,03-07-1993,M,USA,California,Home,4,No,Agency,1993-03-07,33,3,858807.13,286269.04333333333,338104.13,1012.96,3038.88,3,2024-01-01,2025-01-09,100.0,0.0,Apartment,374,0,1,1,Home-Focused / First-Time Buyers,-1.5020886107591391,-0.8380591951525982
C0870,Company,Harmon,Co,09-01-1966,F,UK,Northern Ireland,Home,2,Yes,Website,1966-09-01,60,4,1097902.26,274475.565,384011.41,909.9825,3639.93,4,2024-01-03,2025-01-09,75.0,25.0,Apartment,372,1,2,3,Corporate Buyers,-1.5003584372658074,4.098912480454034
C0871,Individual,Pamela,Pierce,11/28/1989,F,USA,Virginia,Home,1,Yes,Website,1989-11-28,36,4,1939848.53,484962.1325,612113.6,1524.2725,6097.09,4,2024-01-04,2024-01-09,75.0,25.0,Apartment,5,1,3,0,High-Value / Luxury Investors,3.3018189508582934,-0.31548883592727195
C0872,Individual,Sarah,Bennett,6/22/1943,F,UK,England,Home,4,No,Website,1943-06-22,83,4,1462320.39,365580.0975,455019.48,1326.2525,5305.01,4,2024-01-02,2025-01-05,100.0,0.0,Apartment,369,0,3,0,High-Value / Luxury Investors,1.1829634100353126,-0.9468652113837238
C0873,Individual,Gerald,Murray,09-09-1940,M,USA,New York,Home,2,No,Website,1940-09-09,86,3,1325777.78,441925.9266666667,554502.82,1463.22,4389.66,3,2024-01-02,2025-01-11,100.0,0.0,Apartment,375,0,3,0,High-Value / Luxury Investors,1.7422483717958583,-0.9714788272492253
C0874,Individual,Debra,Murray,7/26/1953,F,Belgium,Flanders,Investment,2,No,Website,1953-07-26,73,4,1490289.11,372572.2775,604547.34,1186.5225,4746.09,4,2024-01-02,2025-01-03,100.0,0.0,Apartment,367,0,0,2,Global Investors,0.5139611364794121,0.9106661596949217
C0875,Individual,Jeffrey,Evans,07-09-1972,M,Canada,Manitoba,Home,4,No,Website,1972-07-09,54,3,1308981.48,436327.16,551578.92,1370.5533333333333,4111.66,3,2024-01-03,2024-01-08,100.0,0.0,Apartment,5,0,3,0,High-Value / Luxury Investors,1.4120754823297754,-0.7317837398935579
C0876,Individual,Benjamin,Chavez,8/22/1973,M,USA,California,Home,3,No,Client,1973-08-22,53,3,873771.52,291257.17333333334,349877.5,971.19,2913.57,3,2024-01-01,2025-01-05,100.0,0.0,Apartment,370,0,1,1,Home-Focused / First-Time Buyers,-1.532959051709355,-1.004927806088508
C0877,Individual,Jennifer,Weaver,12/22/1998,F,USA,Utah,Investment,2,Yes,Agency,1998-12-22,27,3,1407650.4,469216.8,573266.03,1493.243333333333,4479.73,3,2025-01-05,2025-01-09,66.66666666666666,33.33333333333333,Apartment,4,1,0,2,Global Investors,1.7180568304288244,1.4317057845926293
C0878,Individual,Ashley,Hansen,4/28/1945,F,USA,Nevada,Home,4,Yes,Website,1945-04-28,81,3,970670.15,323556.7166666666,532017.08,1008.13,3024.39,3,2024-01-01,2025-01-07,100.0,0.0,Apartment,372,1,1,1,Home-Focused / First-Time Buyers,-0.9684298917006232,-1.0732519869257084
C0879,Individual,Brandon,Adams,3/15/1945,M,UK,Northern Ireland,Home,4,Yes,Website,1945-03-15,81,3,1349121.32,449707.1066666667,610364.02,1463.22,4389.66,3,2024-01-12,2025-01-10,100.0,0.0,Apartment,364,1,3,0,High-Value / Luxury Investors,1.8585655446375315,-0.8149318939221175
C0880,Individual,Judith,Bennett,6/23/1941,F,USA,New York,Home,2,No,Website,1941-06-23,85,4,1390002.64,347500.66000000003,485278.06,1151.37,4605.48,4,2024-01-06,2025-01-08,75.0,25.0,Apartment,368,0,3,0,High-Value / Luxury Investors,0.4323671753591089,-1.0474740270052847
C0881,Individual,Ruth,Weaver,9/24/1954,F,USA,Colorado,Investment,1,No,Website,1954-09-24,71,4,1247321.2,311830.3,542053.98,1136.6925,4546.77,4,2024-01-02,2025-01-08,75.0,25.0,Apartment,372,0,0,2,Global Investors,-0.5183665184886779,0.8168305892903821
C0882,Individual,Peter,Moore,07-07-2000,M,UK,Wales,Home,3,No,Website,2000-07-07,26,3,1142828.14,380942.7133333334,466293.15,1435.6633333333332,4306.99,3,2024-01-01,2025-01-08,66.66666666666666,33.33333333333333,Apartment,373,0,3,0,High-Value / Luxury Investors,0.8043293770987955,-0.5834991072830344
C0883,Individual,Gerald,Thompson,10/22/1946,M,USA,Texas,Home,4,No,Client,1946-10-22,79,4,1979258.27,494814.5675,555330.51,1699.3675,6797.47,4,2024-01-06,2025-01-01,100.0,0.0,Apartment,361,0,3,0,High-Value / Luxury Investors,4.029601946959646,-0.648580827746587
C0884,Individual,Joe,Reed,05-07-1949,M,USA,Nevada,Home,2,No,Website,1949-05-07,77,3,1021697.5,340565.8333333333,423868.45,1209.64,3628.92,3,2024-01-07,2025-01-05,66.66666666666666,33.33333333333333,Apartment,364,0,1,1,Home-Focused / First-Time Buyers,-0.24976348234895163,-1.0856703082633437
C0885,Individual,Michael,Williams,9/21/1941,M,Canada,British Columbia,Investment,2,Yes,Agency,1941-09-21,85,3,1540844.02,513614.6733333333,661095.49,1671.7666666666669,5015.3,3,2024-01-02,2024-01-07,100.0,0.0,Apartment,5,1,3,2,High-Value / Luxury Investors,2.8494653893165567,1.081410254392023
C0886,Individual,Joseph,Brooks,7/20/1961,M,USA,California,Home,3,Yes,Agency,1961-07-20,65,3,807556.47,269185.49,441789.19,941.21,2823.63,3,2024-01-10,2025-01-12,100.0,0.0,Apartment,368,1,1,1,Home-Focused / First-Time Buyers,-1.8900831870833255,-1.0443995613842263
C0887,Individual,Joan,Bryant,4/23/1993,F,USA,California,Home,3,No,Agency,1993-04-23,33,4,1247287.09,311821.7725,460816.43,1012.5575,4050.23,4,2024-01-03,2025-01-08,75.0,25.0,Apartment,371,0,1,0,Home-Focused / First-Time Buyers,-0.5113370579681336,-0.7193512700640348
C0888,Individual,Sharon,Montgomery,5/24/1987,F,Germany,Berlin,Home,4,Yes,Website,1987-05-24,39,4,1104713.19,276178.2975,506626.34,933.355,3733.42,4,2024-01-06,2025-01-11,50.0,50.0,Apartment,371,1,1,1,Home-Focused / First-Time Buyers,-1.2208146833474074,-0.7363727461825303
C0889,Individual,Scott,Campbell,10/15/1985,M,USA,Nevada,Investment,4,Yes,Website,1985-10-15,40,3,1339350.59,446450.1966666666,525586.98,1451.253333333333,4353.76,3,2024-01-01,2025-01-12,100.0,0.0,Apartment,377,1,0,2,Global Investors,1.3663352108148636,1.3152416586937303
C0890,Individual,Julie,Nelson,7/23/1955,F,USA,Virginia,Investment,3,Yes,Website,1955-07-23,71,4,1138394.29,284598.5725,480775.4,922.66,3690.64,4,2024-01-02,2025-01-04,100.0,0.0,Apartment,368,1,0,2,Global Investors,-1.4506867184644738,0.8394242129184236
C0891,Individual,Raymond,Roberts,6/20/1970,M,Germany,North Rhine-Westphalia,Investment,1,Yes,Website,1970-06-20,56,4,1340373.08,335093.27,544032.25,1154.105,4616.42,4,2024-01-12,2025-01-06,75.0,25.0,Apartment,360,1,0,2,Global Investors,-0.16852106271988226,1.0564279334773836
C0892,Individual,Helen,Watson,06-05-1958,F,USA,California,Investment,2,Yes,Website,1958-06-05,68,3,984121.4,328040.4666666666,448877.05,1167.24,3501.7200000000003,3,2024-01-08,2025-01-10,66.66666666666666,33.33333333333333,Apartment,368,1,0,2,Global Investors,-0.9037017533921244,0.8676301321070411
C0893,Individual,Evelyn,Thompson,6/23/1995,F,USA,Colorado,Home,3,Yes,Website,1995-06-23,31,4,1695839.47,423959.8675,603155.94,1329.5925,5318.37,4,2024-01-03,2025-01-05,100.0,0.0,Apartment,368,1,3,0,High-Value / Luxury Investors,1.932726740731396,-0.3861967033661896
C0894,Individual,Carl,Evans,6/14/1953,M,USA,Georgia,Home,5,No,Website,1953-06-14,73,3,882067.47,294022.49,301693.78,932.37,2797.11,3,2024-01-10,2025-01-07,100.0,0.0,Apartment,363,0,1,1,Home-Focused / First-Time Buyers,-1.534475498200611,-1.1421095248232174
C0895,Individual,Amanda,Rogers,8/25/1953,F,USA,Arizona,Investment,4,Yes,Website,1953-08-25,73,3,1127680.6,375893.5333333334,502145.17,1280.28,3840.84,3,2024-01-01,2025-01-12,100.0,0.0,Apartment,377,1,0,2,Global Investors,0.054075068401631336,0.9355709509603536
C0896,Individual,Timothy,Jones,05-06-1970,M,France,Brittany,Home,4,Yes,Agency,1970-05-06,56,4,1157933.44,289483.36,403361.09,935.765,3743.06,4,2024-01-04,2025-01-11,75.0,25.0,Apartment,373,1,1,1,Home-Focused / First-Time Buyers,-0.9953667027422627,-0.8471112642932294
C0897,Individual,Ann,Foster,08-04-1971,F,Australia,Victoria,Home,1,No,Website,1971-08-04,55,3,745691.65,248563.88333333333,364650.23,801.46,2404.38,3,2024-01-01,2024-01-03,100.0,0.0,Apartment,2,0,1,1,Home-Focused / First-Time Buyers,-2.5614051337876913,-1.1323486894426469
C0898,Individual,Deborah,King,9/27/1953,F,USA,Arizona,Investment,5,Yes,Agency,1953-09-27,72,4,836494.02,209123.505,318001.46,706.0875,2824.35,4,2024-01-09,2025-01-10,75.0,25.0,Apartment,367,1,0,2,Global Investors,-3.0780716121555476,0.6970064414574212
C0899,Company,Apex,Co,6/26/1988,F,USA,Washington,Investment,2,No,Website,1988-06-26,38,3,1050407.63,350135.87666666665,481540.5,1076.6899999999998,3230.07,3,2024-01-11,2025-01-02,100.0,0.0,Apartment,357,0,2,3,Corporate Buyers,-1.0810446286469229,6.044417461713553
C0900,Individual,Betty,Cook,5/22/1999,F,Germany,North Rhine-Westphalia,Home,4,No,Agency,1999-05-22,27,3,606058.22,202019.40666666665,316820.96,753.3133333333334,2259.94,3,2024-01-02,2024-01-12,100.0,0.0,Apartment,10,0,1,1,Home-Focused / First-Time Buyers,-3.2834114904059106,-0.9549291481237421
C0901,Individual,Gregory,Allen,2/15/1999,M,France,Brittany,Investment,4,No,Agency,1999-02-15,27,3,909138.84,303046.28,535623.53,909.0566666666668,2727.17,3,2024-01-04,2025-01-09,100.0,0.0,Apartment,371,0,0,2,Global Investors,-1.9215114801465945,1.0289112332197237
C0902,Company,Peerex,Co,02-11-1964,F,UK,Northern Ireland,Home,3,Yes,Agency,1964-02-11,62,4,1281064.76,320266.19,457348.2,1068.57,4274.28,4,2024-01-03,2025-01-12,100.0,0.0,Apartment,375,1,2,3,Corporate Buyers,-0.40068081494365065,4.194708812549809
C0903,Individual,Christine,Morales,4/28/1992,F,USA,Texas,Investment,3,No,Website,1992-04-28,34,3,1108147.61,369382.5366666666,427664.89,1240.6066666666666,3721.82,3,2024-01-01,2024-01-11,100.0,0.0,Apartment,10,0,0,2,Global Investors,-0.19981020707239142,1.120384907214503
C0904,Individual,Nancy,Brooks,03-08-1984,F,Russia,Saint Petersburg,Home,1,Yes,Website,1984-03-08,42,4,1050355.29,262588.8225,391528.7,883.805,3535.22,4,2024-01-07,2025-01-11,75.0,25.0,Apartment,370,1,1,1,Home-Focused / First-Time Buyers,-1.5936735689325112,-0.8216339151784572
C0905,Individual,Emma,Allen,5/16/1993,F,USA,Virginia,Home,5,Yes,Website,1993-05-16,33,3,877477.72,292492.5733333333,408310.1,927.6066666666666,2782.82,3,2024-01-07,2024-01-12,100.0,0.0,Apartment,5,1,1,1,Home-Focused / First-Time Buyers,-1.6384392142950668,-0.7509769431466066
C0906,Individual,Jacqueline,Baker,8/13/1969,F,USA,California,Investment,5,No,Website,1969-08-13,57,4,1757967.56,439491.89,571612.79,1458.93,5835.72,4,2024-01-02,2025-01-09,75.0,25.0,Apartment,373,0,0,2,Global Investors,2.2244005057576284,1.2210574582374147
C0907,Individual,Danielle,Scott,11/14/1973,F,USA,California,Home,3,No,Agency,1973-11-14,52,3,1375380.46,458460.1533333333,574177.29,1459.1899999999998,4377.57,3,2024-01-01,2025-01-12,100.0,0.0,Apartment,377,0,3,0,High-Value / Luxury Investors,1.9111905995352034,-0.679826159270617
C0908,Individual,Carl,Kim,11/17/1960,M,USA,California,Home,4,Yes,Agency,1960-11-17,65,4,1129941.35,282485.3375,467397.36,825.1325,3300.53,4,2024-01-05,2025-01-12,75.0,25.0,Apartment,373,1,1,1,Home-Focused / First-Time Buyers,-1.3726514511249437,-0.9502749171024987
C0909,Individual,Brandon,Turner,07-10-1967,M,USA,California,Investment,1,Yes,Agency,1967-07-10,59,4,1529455.73,382363.9325,595281.62,1183.04,4732.16,4,2024-01-01,2025-01-06,50.0,50.0,Apartment,371,1,0,2,Global Investors,0.5982170463032883,1.1079744005658072
C0910,Individual,Victoria,Jackson,11/24/1971,F,USA,Texas,Home,3,Yes,Agency,1971-11-24,54,3,1293598.48,431199.49333333335,705817.01,1238.36,3715.08,3,2024-01-12,2025-01-07,66.66666666666666,33.33333333333333,Apartment,361,1,3,0,High-Value / Luxury Investors,0.9722900662097318,-0.6904630710363808
C0911,Individual,Donald,Long,3/27/1989,M,USA,California,Home,4,No,Website,1989-03-27,37,4,1310405.32,327601.33,589085.76,972.335,3889.34,4,2024-01-04,2025-01-07,100.0,0.0,Apartment,369,0,1,0,Home-Focused / First-Time Buyers,-0.3644672119365451,-0.7253475683821548
C0912,Individual,Christina,Freeman,05-11-1949,F,USA,California,Home,1,No,Agency,1949-05-11,77,3,1322130.05,440710.01666666666,617512.0,1351.4633333333334,4054.39,3,2024-01-01,2025-01-10,66.66666666666666,33.33333333333333,Apartment,375,0,3,0,High-Value / Luxury Investors,1.4036013785589,-0.9387727407338998
C0913,Individual,Nathan,Hansen,1/13/1999,M,USA,California,Home,4,No,Agency,1999-01-13,27,4,1935637.92,483909.48,586679.08,1552.15,6208.6,4,2024-01-05,2025-01-07,75.0,25.0,Apartment,368,0,3,0,High-Value / Luxury Investors,3.4068596289271196,-0.29710283049785563
C0914,Individual,Helen,Freeman,10-12-1948,F,France,Provence,Investment,4,No,Website,1948-10-12,77,4,1124290.78,281072.695,362803.25,984.6475,3938.59,4,2024-01-02,2024-01-12,75.0,25.0,Apartment,10,0,0,2,Global Investors,-1.3031170221654278,0.7252513122732094
C0915,Individual,Ronald,Harris,1/23/1948,M,USA,Florida,Home,2,No,Agency,1948-01-23,78,3,1309768.71,436589.57,589191.73,1283.46,3850.38,3,2024-01-08,2025-01-04,100.0,0.0,Apartment,362,0,3,0,High-Value / Luxury Investors,1.190618038129068,-0.9557789590062957
C0916,Individual,Nathan,Hansen,02-10-1988,M,Russia,Moscow Oblast,Home,2,No,Website,1988-02-10,38,4,1377591.46,344397.865,478922.56,1114.105,4456.42,4,2024-01-04,2024-01-11,100.0,0.0,Apartment,7,0,1,0,Home-Focused / First-Time Buyers,0.21816017659867173,-0.6992765671762687
C0917,Individual,Kenneth,Hughes,08-01-1969,M,USA,Arizona,Home,2,Yes,Agency,1969-08-01,57,3,756785.49,252261.83,300300.85,851.4266666666667,2554.28,3,2024-01-10,2025-01-05,100.0,0.0,Apartment,361,1,1,1,Home-Focused / First-Time Buyers,-2.3735141197745593,-1.0344951123644
C0918,Individual,Susan,Cook,2/21/2000,F,Australia,Western Australia,Home,4,No,Client,2000-02-21,26,3,1461361.87,487120.6233333333,591434.36,1583.2166666666665,4749.65,3,2024-01-02,2024-01-12,66.66666666666666,33.33333333333333,Apartment,10,0,3,0,High-Value / Luxury Investors,2.5846110996245466,-0.4064796321462857
C0919,Individual,Barbara,Foster,8/17/1975,F,Canada,Quebec,Investment,5,No,Agency,1975-08-17,51,3,1059524.55,353174.85000000003,486833.55,1179.5233333333333,3538.57,3,2024-01-01,2025-01-05,100.0,0.0,Apartment,370,0,0,2,Global Investors,-0.5102823615825273,0.9773852173547813
C0920,Individual,Christian,Williams,10-11-1973,M,USA,California,Home,4,No,Website,1973-10-11,52,3,878368.79,292789.5966666667,447905.13,934.4333333333334,2803.3,3,2024-01-06,2025-01-09,100.0,0.0,Apartment,369,0,1,1,Home-Focused / First-Time Buyers,-1.5939226258752244,-0.9926555428924022
C0921,Individual,Christina,Reyes,03-10-1999,F,Australia,New South Wales,Home,4,No,Agency,1999-03-10,27,3,802736.76,267578.92,331896.95,900.46,2701.38,3,2024-01-11,2025-01-10,100.0,0.0,Apartment,365,0,1,1,Home-Focused / First-Time Buyers,-2.0479818712540023,-0.840043924942343
C0922,Individual,Joe,Bell,10/28/1942,M,Australia,Victoria,Investment,4,Yes,Website,1942-10-28,83,3,1105753.98,368584.66,442539.26,1200.35,3601.05,3,2024-01-07,2025-01-10,100.0,0.0,Apartment,369,1,0,2,Global Investors,-0.23457051555060426,0.8322423752705822
C0923,Individual,Ruth,Richardson,8/26/1950,F,USA,Oregon,Home,3,No,Client,1950-08-26,76,4,1183422.85,295855.7125,554198.64,1035.1925,4140.77,4,2024-01-04,2025-01-12,100.0,0.0,Apartment,374,0,1,1,Home-Focused / First-Time Buyers,-0.6184209178675497,-1.067569716697504
C0924,Individual,Emily,Wright,3/20/1988,F,USA,California,Home,4,No,Website,1988-03-20,38,4,1558670.83,389667.7075,535687.32,1313.38,5253.52,4,2024-01-03,2025-01-08,75.0,25.0,Apartment,371,0,3,0,High-Value / Luxury Investors,1.4304766051770845,-0.569444941171241
C0925,Individual,Michael,Ward,05-12-1944,M,Germany,Hamburg,Home,2,No,Website,1944-05-12,82,3,1308035.02,436011.6733333333,523966.96,1471.9,4415.7,3,2024-01-05,2025-01-07,66.66666666666666,33.33333333333333,Apartment,368,0,3,0,High-Value / Luxury Investors,1.6821242318971061,-0.9463833639572161
C0926,Individual,Lauren,Harris,04-04-1961,F,USA,California,Home,3,No,Website,1961-04-04,65,3,1078841.73,359613.91,416303.05,1207.6466666666668,3622.94,3,2024-01-03,2025-01-06,33.33333333333333,66.66666666666666,Office,369,0,1,1,Home-Focused / First-Time Buyers,-0.009331384310345123,-0.95925777638678
C0927,Individual,Carol,Hayes,11-04-1962,F,France,Ile-de-France,Home,4,No,Client,1962-11-04,63,3,933499.38,311166.46,571089.66,952.2633333333332,2856.79,3,2024-01-11,2025-01-12,66.66666666666666,33.33333333333333,Apartment,367,0,1,1,Home-Focused / First-Time Buyers,-1.2920975785093132,-1.049958040967356
C0928,Individual,Jordan,Jordan,2/27/1950,M,USA,California,Home,1,Yes,Agency,1950-02-27,76,3,758070.13,252690.0433333333,392319.37,883.7466666666666,2651.24,3,2024-01-03,2024-01-11,66.66666666666666,33.33333333333333,Apartment,8,1,1,1,Home-Focused / First-Time Buyers,-2.271269968091459,-1.1834079427173707
C0929,Individual,Jack,Hall,5/23/1954,M,USA,Washington,Home,4,No,Website,1954-05-23,72,3,1167841.72,389280.5733333333,407054.73,1117.9399999999998,3353.82,3,2024-01-03,2025-01-10,100.0,0.0,Apartment,373,0,1,1,Home-Focused / First-Time Buyers,0.16840296140138544,-0.9842437198189417
C0930,Individual,Debra,Moore,4/15/1993,F,USA,Washington,Investment,1,Yes,Agency,1993-04-15,33,3,924305.53,308101.8433333333,410092.17,1110.6233333333332,3331.87,3,2024-01-02,2025-01-01,100.0,0.0,Apartment,365,1,0,2,Global Investors,-1.3806669648158933,1.0881460888300536
C0931,Individual,Daniel,Parker,12/25/1977,M,USA,Nevada,Investment,2,Yes,Client,1977-12-25,48,3,997418.61,332472.87,380782.35,1090.9466666666667,3272.84,3,2024-01-09,2025-01-08,100.0,0.0,Apartment,365,1,0,2,Global Investors,-1.0762580411773375,1.0102239888288367
C0932,Individual,Kathleen,Moore,7/14/1949,F,USA,New York,Home,5,No,Website,1949-07-14,77,4,1468310.66,367077.665,567793.82,1196.9725,4787.889999999999,4,2024-01-02,2025-01-01,100.0,0.0,Apartment,365,0,3,1,High-Value / Luxury Investors,0.8742283518170817,-0.9160382546784486
C0933,Individual,Kimberly,Johnson,09-03-1955,F,USA,California,Home,4,No,Website,1955-09-03,71,3,1077170.94,359056.98,411210.31,1155.4633333333334,3466.39,3,2024-01-07,2025-01-12,66.66666666666666,33.33333333333333,Apartment,371,0,1,1,Home-Focused / First-Time Buyers,-0.1270781309961547,-1.0067028003071645
C0934,Individual,Barbara,Allen,10-02-1943,F,UK,Northern Ireland,Investment,5,Yes,Website,1943-10-02,82,3,912489.59,304163.1966666667,426691.03,1086.9833333333331,3260.95,3,2024-01-04,2024-01-08,100.0,0.0,Apartment,4,1,0,2,Global Investors,-1.3515769073202024,0.7444134883369659
C0935,Individual,Katherine,Cooper,5/17/2000,F,Canada,Manitoba,Home,4,No,Agency,2000-05-17,26,3,1133032.49,377677.4966666666,459433.77,1221.6766666666665,3665.03,3,2024-01-01,2024-01-08,66.66666666666666,33.33333333333333,Apartment,7,0,1,0,Home-Focused / First-Time Buyers,0.2190668792016732,-0.6233775209081663
C0936,Individual,Carolyn,Brooks,04-10-1951,F,USA,California,Home,3,No,Client,1951-04-10,75,3,782945.97,260981.99,312643.26,879.3433333333332,2638.03,3,2024-01-02,2025-01-06,66.66666666666666,33.33333333333333,Apartment,370,0,1,1,Home-Focused / First-Time Buyers,-2.1324293384451334,-1.2320229226016224
C0937,Individual,Gerald,Chavez,04-03-1982,M,USA,Arizona,Home,5,No,Client,1982-04-03,44,4,1370340.91,342585.22750000004,462252.41,1127.3175,4509.27,4,2024-01-03,2025-01-09,100.0,0.0,Apartment,372,0,1,0,Home-Focused / First-Time Buyers,0.28602167569611314,-0.7132248768972246
C0938,Individual,William,Chavez,05-08-1963,M,Russia,Krasnodar Krai,Home,4,No,Website,1963-05-08,63,3,854217.7,284739.23333333334,448751.61,851.87,2555.61,3,2024-01-01,2025-01-04,100.0,0.0,Apartment,369,0,1,1,Home-Focused / First-Time Buyers,-1.8975510077707727,-1.1051691059821853
C0939,Individual,Anna,Alexander,02-02-1978,F,Belgium,Brussels,Investment,1,No,Website,1978-02-02,48,4,1190833.68,297708.42,478857.61,996.3625,3985.45,4,2024-01-10,2025-01-11,100.0,0.0,Apartment,367,0,0,2,Global Investors,-1.1255845249281333,0.942559185968977
C0940,Individual,Kyle,Bell,12/19/1985,M,USA,Virginia,Investment,5,No,Website,1985-12-19,40,4,1628937.85,407234.4625,627200.92,1332.2825,5329.13,4,2024-01-04,2024-01-12,75.0,25.0,Apartment,8,0,0,2,Global Investors,1.3987521637225266,1.2774917840807316
C0941,Individual,Grace,Moore,7/17/1955,F,Mexico,Jalisco,Home,1,No,Agency,1955-07-17,71,3,1028314.09,342771.36333333334,410663.51,1089.46,3268.38,3,2024-01-10,2025-01-10,66.66666666666666,33.33333333333333,Apartment,366,0,1,1,Home-Focused / First-Time Buyers,-0.5614804735926568,-1.0734844919802038
C0942,Individual,Joan,Jackson,12/14/1991,F,USA,California,Home,1,No,Website,1991-12-14,34,4,1402631.76,350657.94,500962.79,1008.6625,4034.65,4,2024-01-01,2025-01-11,100.0,0.0,Apartment,376,0,1,0,Home-Focused / First-Time Buyers,0.010339162976232628,-0.6929956372900368
C0943,Individual,Karen,Cox,9/13/1957,F,Canada,Manitoba,Investment,5,No,Website,1957-09-13,69,3,975048.28,325016.0933333333,404116.95,1129.1766666666665,3387.53,3,2024-01-09,2025-01-12,66.66666666666666,33.33333333333333,Apartment,369,0,0,2,Global Investors,-0.979843180127992,0.7926641202282017
C0944,Individual,Virginia,Hughes,8/24/1956,F,USA,Florida,Home,2,No,Website,1956-08-24,70,3,1256722.03,418907.3433333333,673008.78,1283.46,3850.38,3,2024-01-09,2025-01-12,66.66666666666666,33.33333333333333,Apartment,369,0,3,0,High-Value / Luxury Investors,0.9490177879050292,-0.9167606565502271
C0945,Individual,Emily,Hayes,09-04-1945,F,France,Provence,Home,4,No,Website,1945-09-04,81,3,973406.55,324468.85000000003,415439.74,1102.8633333333337,3308.59,3,2024-01-03,2025-01-05,100.0,0.0,Apartment,368,0,1,1,Home-Focused / First-Time Buyers,-0.698144228338514,-1.1386469971498905
C0946,Individual,Ashley,Weaver,07-04-1946,F,USA,Nevada,Investment,3,Yes,Agency,1946-07-04,80,3,827605.63,275868.54333333333,378567.66,897.3100000000001,2691.9300000000003,3,2024-01-12,2025-01-10,100.0,0.0,Apartment,364,1,0,2,Global Investors,-2.2514878389647883,0.6616035924586001
C0947,Individual,Samantha,Cox,5/16/1981,F,USA,Texas,Home,2,No,Website,1981-05-16,45,3,1096583.29,365527.76333333337,488382.72,1190.3133333333333,3570.94,3,2024-01-10,2025-01-07,100.0,0.0,Apartment,363,0,1,1,Home-Focused / First-Time Buyers,-0.025271133338154006,-0.8126339263502828
C0948,Individual,Emma,Nelson,12/16/1989,F,USA,California,Investment,3,Yes,Website,1989-12-16,36,4,1532000.51,383000.1275,465555.5,1299.3675,5197.47,4,2024-01-02,2025-01-08,50.0,50.0,Apartment,372,1,0,2,Global Investors,0.910310825963699,1.3318797265110216
C0949,Individual,Julia,Price,6/26/1943,F,USA,Colorado,Investment,5,Yes,Client,1943-06-26,83,4,1397057.95,349264.4875,679222.65,1102.2725,4409.09,4,2024-01-03,2025-01-08,75.0,25.0,Apartment,371,1,0,2,Global Investors,0.010173068989756276,0.9009142540940521
C0950,Individual,Christina,Price,12-11-1991,F,USA,Texas,Investment,5,No,Website,1991-12-11,34,4,1418212.48,354553.12,518468.37,1146.9925,4587.97,4,2024-01-01,2025-01-09,75.0,25.0,Apartment,374,0,0,2,Global Investors,0.1398850020952868,1.207276184138111
C0951,Individual,Rachel,Chavez,11/15/1998,F,Mexico,Nuevo Leon,Home,1,Yes,Client,1998-11-15,27,4,1658301.92,414575.48,601046.95,1290.8,5163.2,4,2024-01-04,2025-01-04,100.0,0.0,Apartment,366,1,3,0,High-Value / Luxury Investors,1.6552241822725402,-0.39870071692938885
C0952,Individual,Ann,Martin,09-03-1959,F,USA,Oregon,Home,5,No,Website,1959-09-03,67,4,1886501.93,471625.4825,548316.4,1510.65,6042.6,4,2024-01-06,2025-01-12,75.0,25.0,Apartment,372,0,3,0,High-Value / Luxury Investors,3.1977396247196896,-0.6202496021468501
C0953,Company,Helios,Co,10/22/1995,M,USA,Washington,Home,5,Yes,Website,1995-10-22,30,3,639815.0,213271.66666666663,294124.85,839.1433333333334,2517.4300000000003,3,2025-01-08,2025-01-09,100.0,0.0,Apartment,1,1,2,3,Corporate Buyers,-3.094236080366092,4.17782318969251
C0954,Individual,Michael,Evans,04-08-1950,M,France,Brittany,Investment,4,Yes,Agency,1950-04-08,76,4,1493788.0,373447.0,533253.25,1204.4975,4817.99,4,2024-01-05,2025-01-10,75.0,25.0,Apartment,371,1,0,2,Global Investors,0.6012490296671429,1.0011151125620616
C0955,Individual,Megan,Garcia,01-11-1969,F,USA,California,Home,1,No,Website,1969-01-11,57,3,1098111.78,366037.26,398094.9,1205.9633333333334,3617.89,3,2024-01-03,2025-01-09,100.0,0.0,Apartment,372,0,1,0,Home-Focused / First-Time Buyers,0.023749014587400263,-0.9113262886407304
C0956,Individual,Donald,Jackson,03-10-1966,M,USA,California,Home,1,Yes,Website,1966-03-10,60,4,1647197.45,411799.3625,512614.55,1294.645,5178.58,4,2024-01-07,2025-01-05,75.0,25.0,Apartment,364,1,3,0,High-Value / Luxury Investors,1.6752896462882385,-0.655175156550468
C0957,Company,Crestwood,Co,5/21/1961,M,USA,Oregon,Home,2,Yes,Client,1961-05-21,65,4,1295242.02,323810.505,438504.35,1072.5575,4290.23,4,2024-01-03,2025-01-02,100.0,0.0,Apartment,365,1,2,3,Corporate Buyers,-0.3510293965832297,4.16704660027426
C0958,Individual,Betty,Rogers,07-11-1991,F,USA,Nevada,Home,1,Yes,Website,1991-07-11,35,4,936091.45,234022.8625,319340.28,834.6575,3338.63,4,2024-01-05,2025-01-09,100.0,0.0,Apartment,370,1,1,1,Home-Focused / First-Time Buyers,-2.1477465602568517,-0.8198298652079807
C0959,Individual,Carl,Hayes,9/13/1952,M,USA,California,Home,3,No,Agency,1952-09-13,74,4,1840159.66,460039.915,590672.73,1572.79,6291.16,4,2024-01-04,2025-01-11,100.0,0.0,Apartment,373,0,3,0,High-Value / Luxury Investors,3.169055241442862,-0.6984969575075612
C0960,Individual,Linda,Bennett,04-01-1960,F,USA,Arizona,Investment,1,Yes,Client,1960-04-01,66,4,1380084.58,345021.145,499350.81,1148.2475,4592.99,4,2024-01-03,2025-01-04,75.0,25.0,Apartment,367,1,0,2,Global Investors,-0.024417603930900776,0.9927476835053822
C0961,Individual,Brandon,Morales,08-03-1974,M,UK,Wales,Home,2,Yes,Website,1974-08-03,52,4,1681311.67,420327.9175,693731.35,1271.345,5085.38,4,2024-01-02,2025-01-03,100.0,0.0,Apartment,367,1,3,0,High-Value / Luxury Investors,1.7428231982494005,-0.5758744774006515
C0962,Individual,Nicholas,Hansen,7/18/1940,M,USA,California,Home,4,No,Website,1940-07-18,86,4,1335726.82,333931.705,523288.27,1114.2125,4456.85,4,2024-01-01,2025-01-10,100.0,0.0,Apartment,375,0,1,1,Home-Focused / First-Time Buyers,0.17329710560371986,-1.0615659249006166
C0963,Individual,James,Davis,08-09-1941,M,Canada,Alberta,Home,4,No,Agency,1941-08-09,85,3,598874.99,199624.99666666667,222973.92,678.9699999999999,2036.91,3,2024-01-06,2025-01-10,66.66666666666666,33.33333333333333,Apartment,370,0,1,1,Home-Focused / First-Time Buyers,-3.4204881417994257,-1.4192560303335173
C0964,Individual,Elizabeth,Hall,9/19/1953,F,USA,California,Home,4,No,Website,1953-09-19,73,3,1015121.69,338373.89666666667,485910.88,1168.3833333333334,3505.15,3,2024-01-02,2025-01-02,100.0,0.0,Apartment,366,0,1,1,Home-Focused / First-Time Buyers,-0.35856552139157993,-1.0454407815037243
C0965,Individual,Lauren,Adams,9/26/1961,F,USA,New York,Investment,3,No,Website,1961-09-26,64,3,840199.6100000001,280066.5366666667,359492.59,862.1066666666666,2586.32,3,2024-01-02,2025-01-04,66.66666666666666,33.33333333333333,Apartment,368,0,0,2,Global Investors,-2.302848532773204,0.6950252243798586
C0966,Company,Corvus,Co,10-11-1995,M,USA,California,Investment,3,No,Website,1995-10-11,30,4,1606785.0499999998,401696.2625,470809.32,1510.34,6041.36,4,2024-01-07,2025-01-06,75.0,25.0,Apartment,365,0,2,3,Corporate Buyers,1.5431167041934912,6.388824228641115
C0967,Individual,Jennifer,Moore,1/20/1959,F,USA,California,Home,2,No,Agency,1959-01-20,67,3,705599.66,235199.8866666667,283671.4,879.3433333333332,2638.03,3,2024-01-09,2025-01-11,66.66666666666666,33.33333333333333,Apartment,368,0,1,1,Home-Focused / First-Time Buyers,-2.4959385561072778,-1.213880227242712
C0968,Individual,Julie,Hansen,11/21/1995,F,USA,Arizona,Home,4,No,Website,1995-11-21,30,3,1089074.71,363024.9033333333,514916.07,1168.3833333333334,3505.15,3,2024-01-05,2025-01-09,66.66666666666666,33.33333333333333,Apartment,370,0,1,0,Home-Focused / First-Time Buyers,-0.10432859714998055,-0.6841784252636092
C0969,Individual,Amber,Ward,3/27/1976,F,Russia,Tatarstan,Investment,1,Yes,Agency,1976-03-27,50,3,1118760.19,372920.0633333333,635034.32,1186.4366666666667,3559.31,3,2024-01-07,2025-01-12,66.66666666666666,33.33333333333333,Apartment,371,1,0,2,Global Investors,-0.31551728589225925,1.0561508840359164
C0970,Individual,Peter,Johnson,12-01-1986,M,Denmark,North Denmark,Home,3,Yes,Website,1986-12-01,39,4,1596404.25,399101.0625,594737.23,1313.38,5253.52,4,2024-01-02,2025-01-12,75.0,25.0,Apartment,376,1,3,0,High-Value / Luxury Investors,1.5415127556787385,-0.4870344930036222
C0971,Individual,Cynthia,Mitchell,06-02-1969,F,USA,Colorado,Investment,5,Yes,Website,1969-06-02,57,4,1278450.05,319612.5125,539007.54,1011.23,4044.92,4,2024-01-02,2025-01-12,100.0,0.0,Apartment,376,1,0,2,Global Investors,-0.6982305638121918,1.0379087517850052
C0972,Individual,Sandra,Evans,9/16/1964,F,USA,Arizona,Home,5,No,Agency,1964-09-16,62,4,1298009.03,324502.2575,578906.36,1072.985,4291.94,4,2024-01-04,2024-01-05,100.0,0.0,Apartment,1,0,1,0,Home-Focused / First-Time Buyers,-0.09125288321142475,-0.8892878767855382
C0973,Individual,Charles,Stone,12-03-1992,M,USA,California,Investment,2,No,Client,1992-12-03,33,4,1595817.16,398954.29,617314.75,1210.7375000000002,4842.950000000001,4,2024-01-06,2025-01-06,75.0,25.0,Apartment,366,0,0,2,Global Investors,0.899429088085787,1.2610593795112324
C0974,Individual,Michael,Hansen,5/22/1961,M,USA,New York,Home,1,No,Agency,1961-05-22,65,4,1210990.11,302747.5275,589033.68,1008.395,4033.58,4,2024-01-01,2025-01-03,100.0,0.0,Apartment,368,0,1,1,Home-Focused / First-Time Buyers,-0.6388552262917847,-1.000226871779144
C0975,Individual,Gregory,Reyes,07-09-1946,M,USA,Utah,Home,4,No,Website,1946-07-09,80,3,941310.61,313770.2033333333,387772.79,1050.08,3150.24,3,2024-01-04,2025-01-12,100.0,0.0,Apartment,374,0,1,1,Home-Focused / First-Time Buyers,-0.976533911173877,-1.1559532389509168
C0976,Individual,Ryan,Miller,7/18/1983,M,USA,California,Home,4,Yes,Website,1983-07-18,43,4,1206149.98,301537.495,437270.83,947.7475,3790.99,4,2024-01-08,2025-01-08,75.0,25.0,Apartment,366,1,1,1,Home-Focused / First-Time Buyers,-0.8087949434355491,-0.7273139591746651
C0977,Individual,Ryan,James,04-07-1996,M,USA,California,Home,1,No,Agency,1996-04-07,30,3,944672.95,314890.98333333334,465826.16,1092.506666666667,3277.52,3,2024-01-02,2025-01-12,100.0,0.0,Apartment,376,0,1,1,Home-Focused / First-Time Buyers,-0.9777410319592478,-0.7934213934160315
C0978,Individual,Lauren,Brown,11-11-1963,F,USA,California,Home,4,Yes,Website,1963-11-11,62,3,1449360.91,483120.3033333334,511639.2,1526.9566666666667,4580.87,3,2024-01-05,2025-01-04,100.0,0.0,Apartment,365,1,3,0,High-Value / Luxury Investors,2.429794254517754,-0.6129814485786768
C0979,Individual,Madison,Roberts,2/25/1940,F,Canada,Quebec,Investment,4,No,Website,1940-02-25,86,3,864661.4500000001,288220.48333333334,387129.95,939.33,2817.99,3,2024-01-01,2024-01-02,100.0,0.0,Apartment,1,0,0,2,Global Investors,-1.9446954373855696,0.5638373595439073
C0980,Individual,Daniel,Davis,1/13/1942,M,USA,New York,Investment,1,Yes,Website,1942-01-13,84,3,1156326.64,385442.2133333334,459833.04,1392.5566666666666,4177.67,3,2024-01-03,2025-01-08,66.66666666666666,33.33333333333333,Apartment,371,1,0,2,Global Investors,0.43793696350726175,0.8556934959512269
C0981,Individual,Jessica,Stewart,11/14/1961,F,USA,California,Investment,1,No,Website,1961-11-14,64,4,2048324.19,512081.0475,529558.26,1555.2975,6221.1900000000005,4,2024-01-02,2025-01-06,75.0,25.0,Apartment,370,0,3,2,High-Value / Luxury Investors,3.4740038524953443,1.2506136471693265
C0982,Individual,Joyce,Jackson,07-08-1961,F,Canada,Manitoba,Investment,5,Yes,Agency,1961-07-08,65,3,1443503.73,481167.91,567471.58,1456.36,4369.08,3,2024-01-10,2025-01-07,100.0,0.0,Apartment,363,1,0,2,Global Investors,1.8850525069584836,1.1790325819846312
C0983,Individual,Brittany,Freeman,6/21/1994,F,Germany,North Rhine-Westphalia,Home,4,No,Website,1994-06-21,32,3,803219.7,267739.9,354787.43,899.62,2698.86,3,2024-01-09,2025-01-06,100.0,0.0,Apartment,363,0,1,1,Home-Focused / First-Time Buyers,-2.0404657966388613,-0.8784003285199165
C0984,Individual,Mark,Johnson,12-03-1962,M,Canada,British Columbia,Home,5,Yes,Agency,1962-12-03,63,3,1206529.21,402176.4033333333,508281.75,1337.1733333333334,4011.52,3,2024-01-02,2025-01-05,66.66666666666666,33.33333333333333,Apartment,369,1,3,0,High-Value / Luxury Investors,0.9016001838909579,-0.7536374943259762
C0985,Individual,Ruth,Griffin,10/15/1954,F,USA,California,Home,1,Yes,Website,1954-10-15,71,3,886990.72,295663.5733333333,460231.54,934.4333333333334,2803.3,3,2024-01-01,2025-01-08,66.66666666666666,33.33333333333333,Apartment,373,1,1,1,Home-Focused / First-Time Buyers,-1.5887957079229835,-1.0796400685252994
C0986,Individual,Jacqueline,Ward,10/18/1981,F,Russia,Saint Petersburg,Home,2,No,Website,1981-10-18,44,3,1445226.07,481742.0233333334,667262.77,1510.3766666666668,4531.13,3,2024-01-06,2024-01-12,66.66666666666666,33.33333333333333,Apartment,6,0,3,0,High-Value / Luxury Investors,2.3181027279859006,-0.5884745710337637
C0987,Individual,Maria,Johnson,10/22/1967,F,Germany,North Rhine-Westphalia,Home,1,Yes,Agency,1967-10-22,58,4,1086018.36,271504.59,443461.13,984.12,3936.48,4,2024-01-07,2025-01-10,75.0,25.0,Apartment,369,1,1,1,Home-Focused / First-Time Buyers,-1.1774023824166155,-0.9098257762770694
C0988,Individual,Douglas,Cooper,4/21/1988,M,USA,Texas,Home,3,Yes,Agency,1988-04-21,38,3,695033.8,231677.93333333332,306320.78,724.0866666666667,2172.26,3,2024-01-02,2024-01-12,100.0,0.0,Apartment,10,1,1,1,Home-Focused / First-Time Buyers,-2.9857926946234485,-0.9316889160431087
C0989,Individual,Amber,Cook,10/19/1946,F,USA,Oregon,Home,4,No,Website,1946-10-19,79,4,1129907.31,282476.8275,498692.85,1035.1925,4140.77,4,2024-01-03,2024-01-12,75.0,25.0,Apartment,9,0,1,1,Home-Focused / First-Time Buyers,-0.7913128303209217,-1.0993078812776371
C0990,Individual,Carl,Carter,1/21/1942,M,USA,Utah,Home,4,No,Website,1942-01-21,84,4,1588383.36,397095.84,495705.73,1321.76,5287.04,4,2024-01-02,2025-01-05,100.0,0.0,Apartment,369,0,3,0,High-Value / Luxury Investors,1.6304177266685334,-0.9099754353132911
C0991,Individual,Heather,Adams,3/27/1975,F,USA,Nevada,Home,1,No,Website,1975-03-27,51,3,1223116.15,407705.3833333333,500394.39,1464.8466666666666,4394.54,3,2024-01-12,2025-01-07,100.0,0.0,Apartment,361,0,3,0,High-Value / Luxury Investors,1.2323439556788094,-0.7564249525531741
C0992,Individual,Scott,Hughes,11/19/1988,M,Denmark,Capital Region,Home,1,Yes,Website,1988-11-19,37,4,1478482.61,369620.6525,484664.3,1205.465,4821.86,4,2024-01-05,2025-01-05,100.0,0.0,Apartment,366,1,3,0,High-Value / Luxury Investors,0.7944158957437694,-0.5589045961622934
C0993,Individual,Ryan,Campbell,03-11-1954,M,USA,California,Home,2,Yes,Website,1954-03-11,72,3,530494.44,176831.47999999998,217783.6,610.62,1831.86,3,2024-01-01,2024-01-07,100.0,0.0,Apartment,6,1,1,1,Home-Focused / First-Time Buyers,-3.9591158419638,-1.2973056476660045
C0994,Individual,Michael,Moore,11/26/1976,M,USA,California,Home,3,No,Website,1976-11-26,49,4,1379902.87,344975.7175,578315.7,1187.8925000000002,4751.570000000001,4,2025-01-03,2025-01-11,100.0,0.0,Apartment,8,0,3,0,High-Value / Luxury Investors,0.4531580075390426,-0.7562652713320759
C0995,Individual,Amanda,Kim,10/14/1949,F,Australia,New South Wales,Home,1,Yes,Website,1949-10-14,76,3,1004120.77,334706.92333333334,570222.0,1037.11,3111.33,3,2024-01-11,2025-01-12,66.66666666666666,33.33333333333333,Apartment,367,1,1,1,Home-Focused / First-Time Buyers,-0.8060695273731431,-1.046339655772838
C0996,Individual,Terry,Howard,06-11-1956,M,Canada,Manitoba,Home,2,Yes,Client,1956-06-11,70,3,888968.0,296322.6666666667,463182.68,941.21,2823.63,3,2024-01-05,2025-01-03,66.66666666666666,33.33333333333333,Apartment,364,1,1,1,Home-Focused / First-Time Buyers,-1.547219021882616,-1.0590410091678468
C0997,Individual,Terry,Collins,03-11-1950,M,USA,California,Investment,3,Yes,Agency,1950-03-11,76,3,1607877.07,535959.0233333333,578538.26,1654.4733333333334,4963.42,3,2024-01-02,2025-01-07,66.66666666666666,33.33333333333333,Apartment,371,1,3,2,High-Value / Luxury Investors,3.0972162972231616,1.1856540605938968
C0998,Company,Grandis,Co,05-06-1969,F,USA,Virginia,Home,4,No,Agency,1969-05-06,57,4,1230552.15,307638.0375,503618.69,1053.27,4213.08,4,2024-01-01,2025-01-08,75.0,25.0,Apartment,373,0,2,3,Corporate Buyers,-0.6042328486214998,4.135069500880883
C0999,Individual,Jacqueline,Cox,9/15/1969,F,USA,California,Investment,3,No,Agency,1969-09-15,57,3,661984.35,220661.45,322054.98,753.3133333333334,2259.94,3,2024-01-01,2025-01-09,100.0,0.0,Apartment,374,0,0,2,Global Investors,-3.3687872727998895,0.6499715161709403
C1000,Individual,Judith,Parker,7/21/1963,F,USA,Utah,Home,2,Yes,Website,1963-07-21,63,4,1629372.23,407343.0575,574257.04,1316.6550000000002,5266.620000000001,4,2024-01-10,2025-01-06,100.0,0.0,Apartment,362,1,3,0,High-Value / Luxury Investors,1.689545631212779,-0.6692516295108847
C1001,Individual,Aaron,Nelson,7/13/1981,M,USA,California,Home,3,No,Website,1981-07-13,45,4,1650296.94,412574.235,574884.08,1326.3725,5305.49,4,2024-01-01,2025-01-07,100.0,0.0,Apartment,372,0,3,0,High-Value / Luxury Investors,1.7909657534172057,-0.5978810626758602
C1002,Individual,Scott,Hughes,06-08-1967,M,USA,California,Home,5,No,Website,1967-06-08,59,3,1064050.72,354683.5733333333,570302.17,1052.0866666666668,3156.26,3,2024-01-04,2024-01-12,66.66666666666666,33.33333333333333,Apartment,8,0,1,1,Home-Focused / First-Time Buyers,-0.4556939637826597,-0.9319103757129825
C1003,Individual,Lauren,Bennett,08-11-1977,F,USA,Nevada,Home,2,No,Website,1977-08-11,49,3,1164909.23,388303.07666666666,522271.82,1303.7766666666666,3911.33,3,2024-01-07,2025-01-08,66.66666666666666,33.33333333333333,Apartment,367,0,3,0,High-Value / Luxury Investors,0.5730912697358799,-0.7899170722132457
C1004,Individual,Alexander,Anderson,9/17/1982,M,USA,Oregon,Home,3,Yes,Website,1982-09-17,43,4,1553467.66,388366.915,554713.49,1254.045,5016.18,4,2024-01-08,2025-01-10,100.0,0.0,Apartment,368,1,3,0,High-Value / Luxury Investors,1.2365253619270562,-0.546103696318799
C1005,Individual,Barbara,Chavez,06-07-1988,F,Germany,Hamburg,Home,3,No,Client,1988-06-07,38,3,778101.6000000001,259367.20000000004,325562.57,993.0033333333334,2979.01,3,2024-01-02,2025-01-08,66.66666666666666,33.33333333333333,Apartment,372,0,1,1,Home-Focused / First-Time Buyers,-1.912501110059717,-0.9254415732546438
C1006,Individual,Stephanie,Weaver,12/24/1992,F,USA,Georgia,Home,1,No,Website,1992-12-24,33,3,738938.8,246312.93333333332,317877.17,828.39,2485.17,3,2024-01-09,2025-01-06,100.0,0.0,Apartment,363,0,1,1,Home-Focused / First-Time Buyers,-2.553715973022274,-0.9604994171704455
C1007,Individual,Joyce,Brooks,10/25/1948,F,UK,England,Home,4,No,Agency,1948-10-25,77,3,813104.68,271034.89333333337,334696.9,847.0366666666667,2541.11,3,2024-01-05,2025-01-03,66.66666666666666,33.33333333333333,Apartment,364,0,1,1,Home-Focused / First-Time Buyers,-2.0666375929745007,-1.2310259172727804
C1008,Company,Sterling,Co,10-02-1987,M,USA,California,Home,2,No,Website,1987-10-02,38,4,1018262.69,254565.6725,361077.2,849.79,3399.16,4,2024-01-12,2025-01-08,100.0,0.0,Apartment,362,0,2,3,Corporate Buyers,-1.969832944070322,4.1388896702025395
C1009,Individual,Evelyn,Bell,02-11-1950,F,USA,Nevada,Investment,4,Yes,Agency,1950-02-11,76,3,741160.04,247053.34666666668,306507.89,971.19,2913.57,3,2024-01-02,2024-01-10,100.0,0.0,Apartment,8,1,0,2,Global Investors,-2.4213484715683817,0.6824527017172386
C1010,Individual,Dennis,Moore,03-10-1964,M,Mexico,Jalisco,Home,4,No,Website,1964-03-10,62,4,1331479.73,332869.9325,510151.14,1077.195,4308.78,4,2024-01-04,2025-01-11,75.0,25.0,Apartment,373,0,1,1,Home-Focused / First-Time Buyers,0.024451836357088762,-0.8869054169765735
C1011,Individual,Virginia,Brooks,12/18/1952,F,USA,California,Investment,1,No,Website,1952-12-18,73,4,1281389.39,320347.34750000003,476326.35,1075.505,4302.02,4,2024-01-02,2025-01-02,100.0,0.0,Apartment,366,0,0,2,Global Investors,-0.5516781918795675,0.8005283882254886
C1012,Individual,Raymond,Morales,10/20/1960,M,USA,New York,Home,4,Yes,Website,1960-10-20,65,3,1690270.5,563423.5,599421.75,1736.0333333333335,5208.1,3,2024-01-01,2024-01-07,66.66666666666666,33.33333333333333,Apartment,6,1,3,0,High-Value / Luxury Investors,4.0230668000923435,-0.48903815800092787
C1013,Individual,Stephanie,Patterson,6/19/1994,F,USA,Oregon,Home,1,Yes,Website,1994-06-19,32,4,1627907.97,406976.9925,488639.08,1298.145,5192.58,4,2024-01-03,2025-01-12,75.0,25.0,Apartment,375,1,3,0,High-Value / Luxury Investors,1.5717139788443104,-0.44646693514095215
C1014,Individual,David,Weaver,01-06-1969,M,USA,California,Home,3,Yes,Website,1969-01-06,57,3,1278106.36,426035.45333333337,495367.08,1523.6933333333334,4571.08,3,2024-01-02,2025-01-02,100.0,0.0,Apartment,366,1,3,0,High-Value / Luxury Investors,1.6562174250419657,-0.6582040386395973
C1015,Individual,Kyle,Davis,09-01-1977,M,USA,California,Home,4,Yes,Website,1977-09-01,49,3,884426.51,294808.83666666667,471331.07,973.09,2919.27,3,2024-01-02,2024-01-11,100.0,0.0,Apartment,9,1,1,1,Home-Focused / First-Time Buyers,-1.4818438831873322,-0.8716203195747647
C1016,Individual,Andrea,Wilson,04-05-1976,F,USA,California,Home,4,Yes,Agency,1976-04-05,50,4,1542774.61,385693.6525,536215.12,1214.5625,4858.25,4,2024-01-03,2024-01-11,75.0,25.0,Apartment,8,1,3,0,High-Value / Luxury Investors,1.121928697492481,-0.6016300715226076
C1017,Individual,Megan,Baker,12/22/1968,F,USA,California,Home,1,Yes,Agency,1968-12-22,57,4,1116371.43,279092.8575,457871.48,928.745,3714.98,4,2024-01-04,2024-01-12,75.0,25.0,Apartment,8,1,1,1,Home-Focused / First-Time Buyers,-1.2135731403733243,-0.9031836862234353
C1018,Individual,Tiffany,Turner,6/19/1967,F,USA,Colorado,Home,5,Yes,Client,1967-06-19,59,3,845680.5700000001,281893.5233333334,347722.15,1033.4833333333331,3100.45,3,2024-01-02,2025-01-04,100.0,0.0,Apartment,368,1,1,1,Home-Focused / First-Time Buyers,-1.459354928137297,-0.9410221184797279
C1019,Individual,Carolyn,Stewart,10/27/1975,F,USA,Nevada,Home,2,No,Client,1975-10-27,50,3,1167255.18,389085.06,486688.21,1325.0800000000002,3975.24,3,2024-01-04,2024-01-10,100.0,0.0,Apartment,6,0,3,0,High-Value / Luxury Investors,0.6404845632779732,-0.7919868208154724
C1020,Individual,Deborah,Morales,7/23/1994,F,USA,California,Home,3,No,Agency,1994-07-23,32,4,1248826.86,312206.715,515392.69,994.0725,3976.29,4,2024-01-02,2025-01-01,75.0,25.0,Apartment,365,0,1,0,Home-Focused / First-Time Buyers,-0.5556231061870596,-0.7151245998571732
C1021,Individual,Jeffrey,Bryant,09-04-1974,M,USA,California,Investment,1,No,Client,1974-09-04,52,4,1554739.9,388684.975,505490.44,1340.7775,5363.110000000001,4,2024-01-05,2024-01-12,75.0,25.0,Apartment,7,0,0,2,Global Investors,1.102590773986127,1.1179389717225545
C1022,Individual,Christina,King,4/17/1984,F,USA,Colorado,Home,1,No,Agency,1984-04-17,42,4,1389709.13,347427.2825,623455.64,1122.0925,4488.37,4,2024-01-05,2025-01-12,75.0,25.0,Apartment,373,0,1,0,Home-Focused / First-Time Buyers,0.2723218934875416,-0.7344917338256283
C1023,Individual,Heather,Bell,7/28/1953,F,USA,Nevada,Home,1,Yes,Website,1953-07-28,73,3,1336237.87,445412.62333333335,549773.4,1599.3433333333332,4798.03,3,2024-01-05,2025-01-07,100.0,0.0,Apartment,368,1,3,0,High-Value / Luxury Investors,2.0962346601455084,-0.7613315620272387
C1024,Individual,Gregory,Long,08-03-1969,M,USA,Arizona,Investment,2,No,Agency,1969-08-03,57,3,1351032.92,450344.3066666666,598612.25,1510.3766666666668,4531.13,3,2024-01-05,2025-01-11,100.0,0.0,Apartment,372,0,0,2,Global Investors,1.5744363357761983,1.0941791048156837
C1025,Individual,Michelle,King,1/20/1947,F,USA,California,Home,1,No,Client,1947-01-20,79,3,738424.1799999999,246141.3933333333,276688.99,735.3566666666667,2206.07,3,2024-01-08,2024-01-12,66.66666666666666,33.33333333333333,Apartment,4,0,1,1,Home-Focused / First-Time Buyers,-2.7291412463272935,-1.333953914832816
C1026,Individual,Robert,Parker,08-12-1991,M,USA,California,Investment,1,No,Agency,1991-08-12,35,3,1440775.1,480258.3666666667,582011.89,1452.263333333333,4356.79,3,2024-01-12,2025-01-07,100.0,0.0,Apartment,361,0,0,2,Global Investors,1.7601451374608896,1.2777041234864919
C1027,Individual,Gerald,White,12-10-1976,M,USA,California,Investment,1,Yes,Client,1976-12-10,49,3,1554407.81,518135.9366666667,532123.09,1649.26,4947.78,3,2024-01-03,2025-01-11,66.66666666666666,33.33333333333333,Apartment,374,1,0,2,Global Investors,2.777527601633159,1.347960345982358
C1028,Individual,Nicholas,Cox,04-07-1942,M,USA,California,Home,1,Yes,Website,1942-04-07,84,4,1143826.71,285956.6775,479050.0,984.12,3936.48,4,2024-01-02,2025-01-09,100.0,0.0,Apartment,373,1,1,1,Home-Focused / First-Time Buyers,-0.9278762110472146,-1.088509853607984
C1029,Individual,Ryan,Jackson,11-06-1949,M,Australia,Victoria,Home,1,No,Agency,1949-11-06,76,3,946560.97,315520.3233333333,409647.06,1049.38,3148.14,3,2024-01-01,2025-01-05,100.0,0.0,Apartment,370,0,1,1,Home-Focused / First-Time Buyers,-1.0122348925878057,-1.1550485099244217
C1030,Individual,Christine,Owens,4/20/1960,F,USA,Ohio,Home,4,No,Website,1960-04-20,66,4,1353543.06,338385.765,406491.67,1070.475,4281.9,4,2024-01-05,2024-01-12,100.0,0.0,Apartment,7,0,1,1,Home-Focused / First-Time Buyers,0.09307658396260521,-0.9110938974362879
C1031,Individual,Alexander,Reed,1/13/1989,M,UK,England,Home,1,No,Website,1989-01-13,37,3,1011333.2,337111.06666666665,394120.88,1088.5866666666668,3265.76,3,2024-01-05,2024-01-08,66.66666666666666,33.33333333333333,Apartment,3,0,1,1,Home-Focused / First-Time Buyers,-0.6890473703854063,-0.8198681937539936
C1032,Individual,Larry,Freeman,01-03-1977,M,USA,Nevada,Home,5,No,Website,1977-01-03,49,4,1494289.73,373572.4325,566395.41,1086.2275,4344.91,4,2024-01-03,2025-01-07,100.0,0.0,Apartment,370,0,3,0,High-Value / Luxury Investors,0.6361719425259933,-0.7157310628477083
C1033,Individual,Eric,Jackson,6/21/1962,M,France,Ile-de-France,Home,2,No,Website,1962-06-21,64,4,1496120.51,374030.1275,507541.5,1313.38,5253.52,4,2024-01-08,2025-01-12,75.0,25.0,Apartment,370,0,3,0,High-Value / Luxury Investors,1.2093819793850913,-0.8128485129210808
C1034,Individual,Andrea,Wilson,1/20/1979,F,USA,Colorado,Home,5,No,Client,1979-01-20,47,4,1200049.6,300012.4,429156.03,970.375,3881.5,4,2024-01-06,2025-01-09,75.0,25.0,Apartment,369,0,1,0,Home-Focused / First-Time Buyers,-0.7381734443658923,-0.8317727761942615
C1035,Individual,Jacob,Williams,02-10-1961,M,USA,Virginia,Home,2,No,Website,1961-02-10,65,4,1528550.13,382137.5325,550601.55,1227.17,4908.68,4,2024-01-02,2025-01-06,50.0,50.0,Apartment,370,0,3,0,High-Value / Luxury Investors,1.1031448919339526,-0.8274886813488382
C1036,Individual,Martha,Collins,3/13/1988,F,USA,Oregon,Home,2,No,Agency,1988-03-13,38,3,1176436.08,392145.36,443662.17,1350.493333333333,4051.48,3,2024-01-06,2025-01-01,100.0,0.0,Apartment,361,0,3,0,High-Value / Luxury Investors,0.7283617199069594,-0.6904982047811972
C1037,Company,Corvus,Co,01-02-1970,M,Mexico,Baja California,Home,2,Yes,Website,1970-01-02,56,3,1115637.13,371879.0433333333,499833.64,1190.3133333333333,3570.94,3,2024-01-08,2024-01-11,66.66666666666666,33.33333333333333,Apartment,3,1,2,3,Corporate Buyers,-0.12881017700872494,4.223290653646905
C1038,Individual,Gerald,Gray,5/25/1959,M,USA,California,Investment,3,No,Website,1959-05-25,67,3,907128.2,302376.0666666667,419687.28,939.33,2817.99,3,2024-01-02,2024-01-09,100.0,0.0,Apartment,7,0,0,2,Global Investors,-1.8068471329363553,0.7169757876461788
C1039,Individual,Nicholas,Carter,7/17/1962,M,USA,California,Home,1,Yes,Agency,1962-07-17,64,4,1428452.94,357113.235,585383.34,1210.7375000000002,4842.950000000001,4,2024-01-01,2025-01-11,100.0,0.0,Apartment,376,1,3,0,High-Value / Luxury Investors,0.6677448723857392,-0.7830771717744535
C1040,Individual,Joseph,Young,04-05-1940,M,USA,California,Investment,5,Yes,Website,1940-04-05,86,3,901095.79,300365.26333333337,332452.89,992.22,2976.66,3,2024-01-09,2025-01-10,100.0,0.0,Apartment,367,1,0,2,Global Investors,-1.6426226633787893,0.688369859708758
C1041,Individual,Evelyn,Morris,12-07-1990,F,USA,Nevada,Home,5,Yes,Website,1990-12-07,35,3,1150040.79,383346.93,402848.9,1303.7766666666666,3911.33,3,2025-01-01,2025-01-12,100.0,0.0,Apartment,11,1,3,0,High-Value / Luxury Investors,0.5272610731783253,-0.5697949901858174
C1042,Individual,Rebecca,Parker,08-03-1945,F,USA,Nevada,Home,2,No,Agency,1945-08-03,81,4,1325783.46,331445.865,530985.4,1122.0925,4488.37,4,2024-01-04,2025-01-02,100.0,0.0,Apartment,364,0,1,0,Home-Focused / First-Time Buyers,0.11653377909520443,-1.0463135480375596
C1043,Individual,Carol,Griffin,7/14/1999,F,USA,Washington,Home,5,No,Website,1999-07-14,27,3,1067911.86,355970.61999999994,426620.64,1357.1933333333334,4071.58,3,2024-01-10,2025-01-08,100.0,0.0,Apartment,364,0,1,0,Home-Focused / First-Time Buyers,0.3102743367277506,-0.6185520449058909
C1044,Individual,Eric,Howard,5/15/1971,M,USA,Nevada,Investment,5,No,Website,1971-05-15,55,4,1368036.39,342009.09750000003,443365.72,1145.535,4582.14,4,2024-01-02,2025-01-11,100.0,0.0,Apartment,375,0,0,2,Global Investors,-0.014071063593427352,1.0276463595568046
C1045,Individual,Rebecca,Allen,04-01-1942,F,USA,New York,Home,3,No,Website,1942-04-01,84,3,974840.03,324946.6766666667,425602.22,1060.1133333333337,3180.34,3,2024-01-03,2024-01-06,33.33333333333333,66.66666666666666,Office,3,0,1,1,Home-Focused / First-Time Buyers,-0.8160168295090011,-1.180952368465418
C1046,Individual,Maria,Wood,5/21/1969,F,Canada,Quebec,Home,4,Yes,Website,1969-05-21,57,4,1301128.39,325282.0975,517811.18,1049.6999999999998,4198.799999999999,4,2024-01-01,2025-01-11,100.0,0.0,Apartment,376,1,1,1,Home-Focused / First-Time Buyers,-0.1759419689789952,-0.7783727399401502
C1047,Individual,Ronald,Reyes,12-12-1984,M,USA,Virginia,Home,3,No,Website,1984-12-12,41,3,1333737.83,444579.2766666667,547111.08,1454.5733333333335,4363.72,3,2024-01-05,2024-01-11,100.0,0.0,Apartment,6,0,3,0,High-Value / Luxury Investors,1.7022564902145645,-0.6139684842739614
C1048,Individual,Angela,Turner,1/27/1970,F,USA,Oregon,Investment,1,No,Agency,1970-01-27,56,3,1349339.41,449779.8033333333,583294.59,1439.256666666667,4317.77,3,2024-01-06,2025-01-01,66.66666666666666,33.33333333333333,Apartment,361,0,0,2,Global Investors,1.3627336301617343,1.0751096379574574
C1049,Individual,Tiffany,Sanders,11-05-1940,F,USA,California,Investment,5,No,Website,1940-11-05,85,3,1214294.16,404764.72,500013.28,1451.5366666666669,4354.610000000001,3,2024-01-09,2025-01-11,100.0,0.0,Apartment,368,0,0,2,Global Investors,0.922375041321252,0.840667358721224
C1050,Individual,Tyler,Watson,10-03-1955,M,USA,Georgia,Home,4,Yes,Website,1955-10-03,70,4,1274655.09,318663.7725,446439.12,1192.72,4770.88,4,2024-01-09,2025-01-08,100.0,0.0,Apartment,365,1,1,0,Home-Focused / First-Time Buyers,0.12186765113764648,-0.8567307247435927
C1051,Individual,Cheryl,Hansen,7/19/1958,F,USA,Virginia,Home,1,Yes,Agency,1958-07-19,68,3,894972.26,298324.08666666667,543773.78,1016.7433333333332,3050.23,3,2024-01-03,2024-01-10,66.66666666666666,33.33333333333333,Apartment,7,1,1,1,Home-Focused / First-Time Buyers,-1.3435555891050488,-1.0354104266671307
C1052,Individual,Kimberly,Parker,4/24/1953,F,USA,Utah,Home,1,Yes,Agency,1953-04-24,73,4,1008000.54,252000.135,296702.8,836.9425,3347.77,4,2024-01-05,2025-01-03,100.0,0.0,Apartment,364,1,1,1,Home-Focused / First-Time Buyers,-1.8227502774389346,-1.0850328152941338
C1053,Individual,Adam,Kim,11-10-1974,M,Mexico,Nuevo Leon,Home,2,Yes,Website,1974-11-10,51,3,1280976.9,426992.3,630342.5,1336.61,4009.83,3,2024-01-02,2025-01-06,100.0,0.0,Apartment,370,1,3,0,High-Value / Luxury Investors,1.153301149739007,-0.6620952660948243
C1054,Individual,Edward,Foster,09-04-1989,M,USA,Arizona,Home,2,Yes,Website,1989-09-04,37,3,837920.5800000001,279306.86000000004,317911.69,879.3433333333332,2638.03,3,2024-01-07,2025-01-11,66.66666666666666,33.33333333333333,Apartment,370,1,1,1,Home-Focused / First-Time Buyers,-1.980122458527856,-0.8406927510630732
C1055,Individual,Jonathan,Bennett,11/20/1972,M,USA,New York,Investment,2,Yes,Website,1972-11-20,53,3,811498.78,270499.5933333333,373299.4,926.3966666666666,2779.19,3,2025-01-01,2025-01-08,66.66666666666666,33.33333333333333,Apartment,7,1,0,2,Global Investors,-2.3030587932441873,0.8577301333029167
C1056,Individual,Larry,Wilson,1/19/1979,M,USA,Colorado,Home,1,Yes,Website,1979-01-19,47,3,1436352.77,478784.25666666665,499350.78,1754.9366666666667,5264.81,3,2024-01-04,2025-01-02,66.66666666666666,33.33333333333333,Apartment,364,1,3,0,High-Value / Luxury Investors,2.8965195075853516,-0.485801406855309
C1057,Individual,Jesse,Garcia,4/17/1994,M,USA,Nevada,Investment,5,No,Website,1994-04-17,32,4,1430593.53,357648.3825,521044.57,1301.4,5205.6,4,2024-01-03,2025-01-02,100.0,0.0,Apartment,365,0,0,2,Global Investors,0.5856700346102232,1.260555882815094
C1058,Individual,Rachel,Weaver,06-12-1973,F,Germany,Bavaria,Home,3,Yes,Website,1973-06-12,53,4,1526007.8199999998,381501.955,532913.83,1190.4075,4761.63,4,2024-01-06,2025-01-12,75.0,25.0,Apartment,372,1,3,0,High-Value / Luxury Investors,0.985623063921316,-0.6465681848910105
C1059,Individual,Danielle,Davis,6/26/1978,F,USA,California,Home,4,No,Website,1978-06-26,48,3,1266979.76,422326.5866666666,580992.98,1422.97,4268.91,3,2024-01-12,2025-01-11,33.33333333333333,66.66666666666666,Office,365,0,3,0,High-Value / Luxury Investors,1.3583957325119782,-0.6920982476681306
C1060,Individual,Christian,Evans,12/25/1940,M,USA,Nevada,Home,5,No,Agency,1940-12-25,85,3,1167625.18,389208.3933333333,557611.23,1321.503333333333,3964.51,3,2024-01-06,2025-01-11,100.0,0.0,Apartment,371,0,3,0,High-Value / Luxury Investors,0.73657802034198,-1.0293911736201238
C1061,Individual,Stephanie,Smith,06-01-1960,F,UK,Scotland,Home,1,No,Website,1960-06-01,66,4,1689767.29,422441.8225,575615.86,1422.9925,5691.97,4,2024-01-03,2025-01-07,100.0,0.0,Apartment,370,0,3,0,High-Value / Luxury Investors,2.185369055192184,-0.745117690143313
C1062,Individual,Billy,Foster,12/20/1975,M,USA,California,Home,4,No,Agency,1975-12-20,50,4,1766882.53,441720.6325,704808.48,1406.6075,5626.43,4,2024-01-02,2024-01-08,100.0,0.0,Apartment,6,0,3,0,High-Value / Luxury Investors,2.448558994338932,-0.5661386643129886
C1063,Individual,Nicole,Weaver,12-05-1988,F,USA,New York,Investment,5,Yes,Website,1988-12-05,37,3,1315820.94,438606.98,496232.48,1354.2933333333333,4062.88,3,2024-01-03,2024-01-11,66.66666666666666,33.33333333333333,Apartment,8,1,0,2,Global Investors,1.023212497208418,1.3179506212886432
C1064,Individual,Brandon,Pierce,08-06-1945,M,USA,California,Home,5,Yes,Website,1945-08-06,81,3,695434.77,231811.59,348131.23,883.7466666666668,2651.24,3,2024-01-01,2025-01-12,66.66666666666666,33.33333333333333,Apartment,377,1,1,1,Home-Focused / First-Time Buyers,-2.467211569420925,-1.2057370370897484
C1065,Individual,Mark,Reyes,01-06-1955,M,USA,Georgia,Home,3,Yes,Client,1955-01-06,71,3,1107631.34,369210.4466666667,450186.35,1263.5766666666666,3790.73,3,2024-01-06,2025-01-04,100.0,0.0,Apartment,364,1,1,0,Home-Focused / First-Time Buyers,0.25995810269718983,-0.8939673256930528
C1066,Individual,Ashley,Moore,9/21/1941,F,Australia,Victoria,Home,1,No,Website,1941-09-21,85,4,1208868.77,302217.1925,538035.23,990.9875,3963.95,4,2024-01-04,2025-01-12,75.0,25.0,Apartment,374,0,1,1,Home-Focused / First-Time Buyers,-0.661590640185287,-1.1582777508891546
C1067,Individual,Samuel,Howard,12/24/1942,M,Mexico,Jalisco,Investment,4,No,Agency,1942-12-24,83,3,849001.36,283000.4533333333,324856.86,904.0466666666669,2712.1400000000003,3,2024-01-08,2025-01-04,66.66666666666666,33.33333333333333,Apartment,362,0,0,2,Global Investors,-2.1092832753582003,0.5726104549694259
C1068,Individual,Kathleen,Carter,02-10-1984,F,USA,California,Home,3,No,Agency,1984-02-10,42,3,1403831.31,467943.77,524955.14,1609.0333333333335,4827.1,3,2024-01-01,2025-01-11,66.66666666666666,33.33333333333333,Apartment,376,0,3,0,High-Value / Luxury Investors,2.4109229944313517,-0.5585959034688508
C1069,Individual,Lawrence,Cox,6/13/1992,M,USA,Virginia,Home,3,Yes,Agency,1992-06-13,34,3,1323760.84,441253.6133333333,580190.12,1413.0600000000002,4239.18,3,2024-01-05,2025-01-06,100.0,0.0,Apartment,367,1,3,0,High-Value / Luxury Investors,1.5291920505930872,-0.48636833970473514
C1070,Individual,Virginia,Rogers,6/26/1951,F,Germany,Bavaria,Home,5,No,Agency,1951-06-26,75,3,1286265.14,428755.0466666667,453127.52,1471.9,4415.7,3,2024-01-01,2025-01-11,100.0,0.0,Apartment,376,0,3,0,High-Value / Luxury Investors,1.627780945172784,-0.8699792936220078
C1071,Individual,Aaron,Johnson,08-11-1966,M,USA,Texas,Home,2,No,Agency,1966-08-11,60,4,1047375.62,261843.905,393101.99,874.6275,3498.51,4,2024-01-02,2025-01-02,75.0,25.0,Apartment,366,0,1,1,Home-Focused / First-Time Buyers,-1.5735652379659473,-1.0393156749750596
C1072,Individual,Kimberly,Jones,06-10-1962,F,USA,Utah,Home,3,No,Agency,1962-06-10,64,3,829884.93,276628.31,335251.84,979.0866666666668,2937.26,3,2024-01-02,2025-01-11,100.0,0.0,Apartment,375,0,1,1,Home-Focused / First-Time Buyers,-1.6853168846528992,-1.1061699531579743
C1073,Individual,Carl,Collins,07-02-1955,M,USA,California,Investment,2,No,Website,1955-07-02,71,4,1197808.83,299452.2075,333845.6,952.0525,3808.21,4,2024-01-06,2025-01-08,100.0,0.0,Apartment,368,0,0,2,Global Investors,-1.1642635431872643,0.7695589898966915
C1074,Individual,George,Foster,07-10-1954,M,UK,Northern Ireland,Home,1,No,Website,1954-07-10,72,3,1004700.45,334900.15,467335.84,1092.5400000000002,3277.6200000000003,3,2024-01-05,2025-01-06,66.66666666666666,33.33333333333333,Apartment,367,0,1,1,Home-Focused / First-Time Buyers,-0.6540164216189989,-1.0904582424856093
C1075,Individual,Carolyn,Watson,2/17/1975,F,Mexico,Baja California,Home,3,No,Website,1975-02-17,51,4,1178400.08,294600.02,445987.2,984.9525,3939.81,4,2024-01-10,2025-01-08,50.0,50.0,Apartment,364,0,1,0,Home-Focused / First-Time Buyers,-0.8061934835041314,-0.8883787282051456
C1076,Individual,Betty,Thompson,10/28/1980,F,USA,Florida,Investment,3,No,Agency,1980-10-28,45,3,884169.44,294723.14666666667,445754.21,976.8166666666666,2930.45,3,2024-01-01,2025-01-05,100.0,0.0,Apartment,370,0,0,2,Global Investors,-1.8416273554528808,0.8842731617599646
C1077,Individual,Peter,Griffin,03-07-1982,M,USA,Texas,Investment,2,No,Agency,1982-03-07,44,4,1467449.24,366862.31,537661.98,1245.935,4983.74,4,2024-01-11,2025-01-07,75.0,25.0,Apartment,362,0,0,2,Global Investors,0.5422212545080931,1.1378822010833411
C1078,Individual,Joshua,Howard,7/22/1940,M,USA,Ohio,Home,1,No,Agency,1940-07-22,86,3,1247337.58,415779.19333333336,491669.54,1303.7766666666666,3911.33,3,2024-01-03,2025-01-08,100.0,0.0,Apartment,371,0,3,0,High-Value / Luxury Investors,0.9691513458312863,-1.0497499407171684
C1079,Individual,Steven,Hayes,6/19/1959,M,USA,California,Investment,4,Yes,Website,1959-06-19,67,3,1151228.31,383742.77,557229.76,1336.61,4009.83,3,2024-01-08,2025-01-08,100.0,0.0,Apartment,366,1,0,2,Global Investors,0.29410022573528816,1.003767616334389
C1080,Individual,Hannah,Stewart,10-06-1956,F,UK,England,Investment,4,No,Agency,1956-10-06,69,4,1594795.52,398698.88,482594.96,1425.28,5701.12,4,2024-01-03,2025-01-04,100.0,0.0,Apartment,367,0,0,2,Global Investors,1.545448877952308,1.0520940212248093
C1081,Company,Meridian,Co,09-08-1974,M,Russia,Novosibirsk,Home,4,Yes,Agency,1974-09-08,52,3,1006584.7,335528.23333333334,455284.06,1203.39,3610.17,3,2024-01-04,2024-01-12,100.0,0.0,Apartment,8,1,2,3,Corporate Buyers,-0.5386527288775863,4.232045410504442
C1082,Individual,Patricia,Martin,02-04-1993,F,USA,Oregon,Investment,5,Yes,Website,1993-02-04,33,3,829499.85,276499.95,388642.3,953.1133333333332,2859.34,3,2024-01-03,2024-01-12,100.0,0.0,Apartment,9,1,0,2,Global Investors,-2.13535394898933,1.0564905132733997
C1083,Individual,Pamela,Jackson,10-06-1950,F,USA,Colorado,Investment,4,No,Agency,1950-10-06,75,4,1145122.1,286280.525,413563.21,939.4875,3757.95,4,2024-01-02,2025-01-03,75.0,25.0,Apartment,367,0,0,2,Global Investors,-1.3486626764287388,0.7383427322025584
C1084,Individual,Sarah,Hansen,7/27/1989,F,France,Ile-de-France,Home,4,No,Agency,1989-07-27,37,4,1357921.15,339480.2875,498074.48,1136.6925,4546.77,4,2024-01-06,2025-01-10,75.0,25.0,Apartment,370,0,1,0,Home-Focused / First-Time Buyers,0.23795328906626448,-0.6725712180105674
C1085,Individual,Sarah,Flores,10/18/1947,F,Australia,Queensland,Investment,1,No,Client,1947-10-18,78,3,797675.03,265891.6766666667,291083.4,994.8266666666668,2984.48,3,2024-01-10,2025-01-08,100.0,0.0,Apartment,364,0,0,2,Global Investors,-2.151890521459967,0.5771354785871587
C1086,Individual,Timothy,Montgomery,03-01-1956,M,USA,Colorado,Home,1,Yes,Website,1956-03-01,70,4,1339827.27,334956.8175,464470.15,1030.21,4120.84,4,2024-01-10,2025-01-11,75.0,25.0,Apartment,367,1,1,0,Home-Focused / First-Time Buyers,-0.11707399633688939,-0.9002614363587784
C1087,Individual,Matthew,Owens,01-03-1984,M,USA,Colorado,Home,3,No,Website,1984-01-03,42,4,1878433.21,469608.3025,602057.55,1575.1075,6300.43,4,2024-01-09,2025-01-12,100.0,0.0,Apartment,369,0,3,0,High-Value / Luxury Investors,3.2652732692965496,-0.43854839134097356
C1088,Individual,Nicholas,Stewart,9/26/1998,M,USA,Utah,Home,4,Yes,Agency,1998-09-26,27,3,802271.19,267423.73,460665.54,883.7466666666666,2651.24,3,2024-01-04,2025-01-04,100.0,0.0,Apartment,366,1,1,1,Home-Focused / First-Time Buyers,-2.1043699095491477,-0.7567857663844018
C1089,Individual,Madison,Ward,9/17/1962,F,USA,Utah,Home,1,Yes,Website,1962-09-17,64,4,959344.08,239836.02,273895.07,828.375,3313.5,4,2025-01-01,2025-01-12,75.0,25.0,Apartment,11,1,1,1,Home-Focused / First-Time Buyers,-2.035535644475941,-1.0353849774323478
C1090,Individual,Laura,Moore,09-07-1962,F,Canada,Alberta,Home,3,Yes,Client,1962-09-07,64,3,1217272.58,405757.5266666667,495437.61,1396.0966666666666,4188.29,3,2024-01-03,2025-01-04,66.66666666666666,33.33333333333333,Apartment,367,1,3,0,High-Value / Luxury Investors,1.070060790542816,-0.7652534104166179
C1091,Individual,Arthur,Phillips,7/21/1984,M,USA,Nevada,Home,1,Yes,Agency,1984-07-21,42,3,741797.49,247265.83,356627.2,853.6566666666668,2560.9700000000003,3,2024-01-03,2025-01-06,100.0,0.0,Apartment,369,1,1,1,Home-Focused / First-Time Buyers,-2.472196256189727,-0.9358232039612786
C1092,Individual,Terry,Adams,11/24/1996,M,USA,Oregon,Investment,2,No,Website,1996-11-24,29,3,1213248.05,404416.01666666666,492551.34,1452.263333333333,4356.79,3,2025-01-02,2025-01-04,100.0,0.0,Apartment,2,0,0,2,Global Investors,0.7838788543247021,1.2383573409583168
C1093,Individual,Adam,Allen,7/13/1980,M,USA,Oregon,Home,1,Yes,Website,1980-07-13,46,3,805402.8300000001,268467.61000000004,334313.56,900.46,2701.38,3,2024-01-01,2025-01-06,66.66666666666666,33.33333333333333,Apartment,371,1,1,1,Home-Focused / First-Time Buyers,-2.068611094055419,-0.9295419507831166
C1094,Individual,Sarah,Cook,02-12-1960,F,USA,Washington,Home,2,Yes,Website,1960-02-12,66,4,1631407.56,407851.89,606086.6,1273.5475,5094.1900000000005,4,2024-01-05,2025-01-06,75.0,25.0,Apartment,367,1,3,0,High-Value / Luxury Investors,1.588753351516676,-0.700883536714856
C1095,Individual,Cynthia,Howard,2/26/1940,F,USA,California,Home,3,No,Agency,1940-02-26,86,4,1454366.24,363591.56,566261.62,1264.0125,5056.05,4,2024-01-01,2024-01-11,100.0,0.0,Apartment,10,0,3,0,High-Value / Luxury Investors,0.9790335042633383,-0.9968718408044062
C1096,Individual,Grace,Edwards,5/20/1965,F,USA,New York,Home,2,No,Client,1965-05-20,61,4,1756661.91,439165.4775,561232.25,1339.695,5358.78,4,2024-01-04,2025-01-09,100.0,0.0,Apartment,371,0,3,0,High-Value / Luxury Investors,2.219553171189,-0.690002212906679
C1097,Individual,Teresa,Pierce,7/16/1962,F,Canada,Alberta,Home,3,Yes,Agency,1962-07-16,64,3,1064342.81,354780.9366666667,453949.46,1162.6166666666666,3487.85,3,2024-01-10,2025-01-12,100.0,0.0,Apartment,368,1,1,0,Home-Focused / First-Time Buyers,-0.20199974562608086,-0.8803818001708725
C1098,Individual,Paul,Young,10/24/1976,M,USA,California,Investment,3,No,Client,1976-10-24,49,3,1187774.23,395924.74333333335,443496.6,1290.0866666666668,3870.26,3,2024-01-02,2025-01-08,66.66666666666666,33.33333333333333,Apartment,372,0,0,2,Global Investors,0.29683496190171377,1.0495753829453442
C1099,Individual,Joan,Scott,6/26/1972,F,USA,Colorado,Home,3,No,Agency,1972-06-26,54,4,1426501.12,356625.28,444521.07,1153.0825,4612.33,4,2024-01-03,2025-01-12,75.0,25.0,Apartment,375,0,3,0,High-Value / Luxury Investors,0.5389082624474771,-0.7853527697832283
C1100,Individual,Frank,Thomas,5/14/1940,M,Russia,Novosibirsk,Home,1,No,Website,1940-05-14,86,4,1314225.59,328556.3975,548635.7,1042.1725,4168.6900000000005,4,2024-01-01,2025-01-07,100.0,0.0,Apartment,372,0,1,1,Home-Focused / First-Time Buyers,-0.14367545583473287,-1.1168040388602185
C1101,Individual,Matthew,King,01-03-1964,M,Belgium,Flanders,Home,5,No,Website,1964-01-03,62,4,1037914.43,259478.6075,325612.79,868.5725,3474.29,4,2024-01-01,2025-01-02,100.0,0.0,Apartment,367,0,1,1,Home-Focused / First-Time Buyers,-1.5702275780179864,-1.0275347284038916
C1102,Company,Harmon,Co,05-06-1960,M,Germany,Berlin,Home,2,No,Agency,1960-05-06,66,4,1248456.03,312114.0075,516162.59,993.0625,3972.25,4,2024-01-02,2025-01-12,100.0,0.0,Apartment,376,0,2,3,Corporate Buyers,-0.7166423153269916,4.038169684137572
C1103,Individual,Jose,Johnson,4/27/1961,M,Belgium,Wallonia,Home,4,No,Agency,1961-04-27,65,4,1206840.81,301710.2025,496697.45,997.415,3989.66,4,2024-01-03,2025-01-08,75.0,25.0,Apartment,371,0,1,1,Home-Focused / First-Time Buyers,-0.6321646493165863,-0.9722428947102535
C1104,Individual,Christian,Weaver,10/15/1998,M,USA,Utah,Investment,5,Yes,Website,1998-10-15,27,3,893996.19,297998.73,381470.55,1025.013333333333,3075.04,3,2024-01-06,2025-01-05,100.0,0.0,Apartment,365,1,0,2,Global Investors,-1.67751972666407,1.1453419706904882
C1105,Individual,Roger,Ward,1/14/1940,M,USA,Nevada,Home,3,Yes,Website,1940-01-14,86,4,1623510.31,405877.5775,550595.85,1365.9450000000002,5463.780000000001,4,2024-01-05,2024-01-09,100.0,0.0,Apartment,4,1,3,0,High-Value / Luxury Investors,1.8490908504027999,-0.8266085004505548
C1106,Individual,Sean,Martin,5/16/1982,M,USA,California,Home,1,No,Agency,1982-05-16,44,3,773499.85,257833.28333333333,329442.1,842.68,2528.04,3,2024-01-06,2025-01-08,100.0,0.0,Apartment,368,0,1,1,Home-Focused / First-Time Buyers,-2.350103585482169,-1.0272497223419719
C1107,Individual,Frank,Hayes,1/15/1948,M,Canada,British Columbia,Home,1,No,Website,1948-01-15,78,3,1156527.59,385509.1966666667,540584.92,1268.0466666666669,3804.14,3,2024-01-05,2024-01-09,100.0,0.0,Apartment,4,0,3,0,High-Value / Luxury Investors,0.4707843193350039,-1.0344102802379422
C1108,Individual,Helen,Ward,01-12-1994,F,Australia,South Australia,Home,4,No,Website,1994-01-12,32,3,1069904.1,356634.7,516476.18,1238.36,3715.08,3,2025-01-04,2025-01-09,100.0,0.0,Apartment,5,0,1,0,Home-Focused / First-Time Buyers,-0.0011436479233855126,-0.6924580779503804
C1109,Individual,Rebecca,Anderson,09-05-1967,F,USA,California,Home,1,Yes,Client,1967-09-05,59,4,1756965.37,439241.3425,531593.91,1458.93,5835.72,4,2024-01-01,2024-01-10,75.0,25.0,Apartment,9,1,3,0,High-Value / Luxury Investors,2.502006111755121,-0.572251010491512
C1110,Individual,Harold,Watson,05-12-1977,M,USA,New York,Home,5,Yes,Website,1977-05-12,49,4,1445458.33,361364.5825,441268.43,1152.91,4611.639999999999,4,2024-01-04,2025-01-11,50.0,50.0,Apartment,373,1,3,0,High-Value / Luxury Investors,0.6226504676473283,-0.6318466078421738
C1111,Company,Corvus,Co,1/23/1967,M,USA,California,Home,4,Yes,Website,1967-01-23,59,3,885146.14,295048.7133333333,435943.19,897.3100000000001,2691.9300000000003,3,2024-01-03,2024-01-10,100.0,0.0,Apartment,7,1,2,3,Corporate Buyers,-1.8537549737086587,4.0607470480371095
C1112,Individual,Donald,Green,01-05-1982,M,USA,Nevada,Investment,3,Yes,Website,1982-01-05,44,3,961599.42,320533.14,388182.22,975.9433333333332,2927.83,3,2024-01-02,2025-01-07,66.66666666666666,33.33333333333333,Apartment,371,1,0,2,Global Investors,-1.5212479408685489,1.0115126457641517
C1113,Individual,Brenda,Martin,8/18/1974,F,USA,Texas,Investment,2,No,Client,1974-08-18,52,4,1162770.88,290692.72,523652.47,942.035,3768.14,4,2024-01-01,2025-01-11,75.0,25.0,Apartment,376,0,0,2,Global Investors,-1.3466483165102656,0.9005686036672795
C1114,Individual,Cheryl,Wood,02-04-1992,F,USA,California,Home,3,No,Website,1992-02-04,34,3,872825.73,290941.91,367529.08,1072.7266666666667,3218.1800000000003,3,2024-01-02,2024-01-10,100.0,0.0,Apartment,8,0,1,1,Home-Focused / First-Time Buyers,-1.3004332274606647,-0.8374895229072102
C1115,Individual,Joseph,Bell,10/24/1973,M,USA,Colorado,Home,3,Yes,Agency,1973-10-24,52,3,1054599.19,351533.0633333333,472546.53,1108.996666666667,3326.99,3,2025-01-01,2025-01-06,100.0,0.0,Apartment,5,1,1,0,Home-Focused / First-Time Buyers,-0.40268974655279394,-0.8040041073114943
C1116,Individual,Angela,Freeman,12/17/1991,F,USA,California,Home,1,Yes,Agency,1991-12-17,34,3,766951.9500000001,255650.65,294707.51,879.3433333333332,2638.03,3,2024-01-03,2025-01-02,66.66666666666666,33.33333333333333,Apartment,365,1,1,1,Home-Focused / First-Time Buyers,-2.3084265811529376,-0.8582367478930237
C1117,Individual,Rebecca,Patterson,2/23/1955,F,Mexico,Mexico City,Home,5,Yes,Website,1955-02-23,71,4,1149629.49,287407.3725,410756.82,1047.99,4191.96,4,2024-01-02,2025-01-09,75.0,25.0,Apartment,373,1,1,1,Home-Focused / First-Time Buyers,-0.6922676304138224,-0.9303088549927546
C1118,Company,Caldera,Co,4/26/1969,M,UK,Scotland,Investment,2,Yes,Website,1969-04-26,57,3,859368.99,286456.33,401356.84,983.3166666666666,2949.95,3,2024-01-02,2024-01-09,100.0,0.0,Apartment,7,1,2,3,Corporate Buyers,-2.13311252328812,5.88480238133715
C1119,Individual,Larry,Green,3/14/1941,M,USA,Oregon,Home,1,Yes,Website,1941-03-14,85,3,938703.66,312901.22,394144.56,949.9033333333332,2849.71,3,2024-01-06,2025-01-01,100.0,0.0,Apartment,361,1,1,1,Home-Focused / First-Time Buyers,-1.3033484937200566,-1.1619231613509238
C1120,Individual,Kathleen,Carter,7/16/1979,F,USA,Arizona,Home,1,No,Website,1979-07-16,47,4,1371211.29,342802.8225,436572.8,1123.6174999999998,4494.469999999999,4,2024-01-06,2025-01-02,100.0,0.0,Apartment,362,0,1,0,Home-Focused / First-Time Buyers,0.2167779373442967,-0.7792216525340386
C1121,Individual,Carolyn,Gray,06-02-1985,F,USA,California,Home,1,No,Client,1985-06-02,41,3,1014661.78,338220.5933333333,568008.79,1124.5,3373.5,3,2024-01-05,2024-01-12,66.66666666666666,33.33333333333333,Apartment,7,0,1,1,Home-Focused / First-Time Buyers,-0.57461434406619,-0.841384587992013
C1122,Individual,Judith,Evans,10-04-1942,F,USA,California,Home,4,No,Website,1942-10-04,83,4,1558949.2,389737.3,625903.82,1208.8775,4835.51,4,2024-01-01,2025-01-11,100.0,0.0,Apartment,376,0,3,0,High-Value / Luxury Investors,1.226762519101406,-0.9373911144097529
C1123,Individual,Robert,Pierce,03-11-1951,M,USA,Virginia,Home,5,No,Agency,1951-03-11,75,3,1241771.44,413923.8133333333,581087.19,1283.7066666666667,3851.12,3,2024-01-02,2025-01-12,100.0,0.0,Apartment,376,0,3,0,High-Value / Luxury Investors,0.943109256801699,-0.9295329568283787
C1124,Individual,Sharon,Murray,02-04-1976,F,USA,Oregon,Investment,5,Yes,Website,1976-02-04,50,4,1272190.01,318047.5025,531100.09,1040.89,4163.56,4,2024-01-05,2025-01-03,100.0,0.0,Apartment,364,1,0,2,Global Investors,-0.65405093398767,1.095803390824206
C1125,Individual,Ronald,Price,02-03-1941,M,USA,Oregon,Home,3,No,Agency,1941-02-03,85,3,1186907.08,395635.69333333336,440465.95,1332.34,3997.02,3,2024-01-10,2025-01-09,33.33333333333333,66.66666666666666,Office,365,0,3,0,High-Value / Luxury Investors,0.8146579756182937,-1.0401470769590817
C1126,Company,Elara,Co,2/16/1983,M,USA,Virginia,Home,1,Yes,Website,1983-02-16,43,3,893488.2,297829.4,440625.12,1015.94,3047.82,3,2024-01-03,2024-01-07,66.66666666666666,33.33333333333333,Apartment,4,1,2,3,Corporate Buyers,-1.5822531447388717,4.180919804907977
C1127,Individual,Ann,Cooper,6/15/1943,F,UK,England,Investment,1,No,Website,1943-06-15,83,3,838728.4,279576.13333333336,309658.36,932.37,2797.11,3,2024-01-01,2025-01-10,66.66666666666666,33.33333333333333,Apartment,375,0,0,2,Global Investors,-2.1300985654862683,0.5425500096698742
C1128,Individual,Brian,Montgomery,12-05-1983,M,USA,California,Investment,1,No,Website,1983-12-05,42,3,1186634.53,395544.8433333333,467492.04,1330.8533333333332,3992.56,3,2024-01-06,2025-01-07,100.0,0.0,Apartment,367,0,0,2,Global Investors,0.3542150081387192,1.0904156372073723
C1129,Individual,Martha,Hansen,09-03-1945,F,USA,Colorado,Investment,5,No,Agency,1945-09-03,81,4,1463125.26,365781.315,507394.76,1219.4375,4877.75,4,2024-01-01,2025-01-04,100.0,0.0,Apartment,369,0,0,2,Global Investors,0.5641118804962939,0.8784421073230904
C1130,Individual,Tiffany,Parker,03-01-1987,F,USA,Arizona,Home,5,No,Website,1987-03-01,39,4,1326217.01,331554.2525,678504.41,1009.23,4036.92,4,2024-01-05,2025-01-10,50.0,50.0,Apartment,371,0,1,0,Home-Focused / First-Time Buyers,-0.19068024441711853,-0.7163722724309435
C1131,Individual,Cheryl,Kim,5/28/1984,F,USA,California,Investment,3,No,Website,1984-05-28,42,3,1210500.79,403500.26333333337,581631.78,1317.7333333333331,3953.2,3,2024-01-03,2024-01-10,100.0,0.0,Apartment,7,0,0,2,Global Investors,0.4567569164245435,1.1188862500643324
C1132,Individual,Terry,Roberts,1/21/1982,M,USA,New York,Home,2,Yes,Website,1982-01-21,44,3,1383901.27,461300.4233333333,574927.34,1448.82,4346.46,3,2025-01-04,2025-01-08,100.0,0.0,Apartment,4,1,3,0,High-Value / Luxury Investors,1.8812317094848274,-0.5406166374760647
C1133,Individual,Jason,Hansen,1/21/1993,M,USA,Oregon,Investment,3,No,Website,1993-01-21,33,4,1427019.92,356754.98,502325.67,1210.7375000000002,4842.950000000001,4,2024-01-08,2025-01-11,100.0,0.0,Apartment,369,0,0,2,Global Investors,0.3034240352061549,1.2107039319215673
C1134,Individual,Dorothy,Bennett,10-10-1943,F,USA,California,Investment,1,No,Website,1943-10-10,82,4,1088583.78,272145.945,453416.1,905.0375,3620.15,4,2024-01-06,2025-01-12,50.0,50.0,Apartment,372,0,0,2,Global Investors,-1.6838407292714732,0.624863102443269
C1135,Individual,Melissa,Phillips,9/22/1999,F,Russia,Moscow Oblast,Investment,5,Yes,Client,1999-09-22,26,3,1186082.75,395360.9166666667,484226.87,1303.4733333333334,3910.42,3,2024-01-04,2024-01-10,100.0,0.0,Apartment,6,1,0,2,Global Investors,0.3124544273319064,1.3366190829660425
C1136,Individual,Shirley,Weaver,4/27/1965,F,USA,California,Home,3,Yes,Agency,1965-04-27,61,3,1016844.64,338948.2133333333,430426.11,1023.88,3071.6400000000003,3,2024-01-03,2025-01-10,66.66666666666666,33.33333333333333,Apartment,373,1,1,1,Home-Focused / First-Time Buyers,-0.7748750335290618,-0.9074605752788854
C1137,Individual,Carol,Price,12/24/1986,F,USA,Nevada,Home,4,Yes,Agency,1986-12-24,39,3,1114902.43,371634.1433333333,554352.77,1140.1733333333334,3420.52,3,2024-01-02,2025-01-10,100.0,0.0,Apartment,374,1,1,0,Home-Focused / First-Time Buyers,-0.0633584748225737,-0.6613957280184556
C1138,Individual,George,Green,8/24/1964,M,USA,Oregon,Home,1,No,Website,1964-08-24,62,3,840602.9199999999,280200.9733333333,348889.77,952.0733333333334,2856.2200000000003,3,2024-01-02,2024-01-03,100.0,0.0,Apartment,1,0,1,1,Home-Focused / First-Time Buyers,-1.7463259960960904,-1.1133897901203331
C1139,Individual,Tiffany,Green,03-03-1996,F,USA,California,Home,4,Yes,Client,1996-03-03,30,3,1297382.59,432460.8633333333,568773.25,1439.256666666667,4317.77,3,2024-01-08,2025-01-08,66.66666666666666,33.33333333333333,Apartment,366,1,3,0,High-Value / Luxury Investors,1.4943672746587884,-0.45050120914695296
C1140,Individual,Billy,Jackson,07-01-1976,M,USA,Florida,Home,1,Yes,Website,1976-07-01,50,3,1275809.71,425269.9033333333,551828.54,1277.2733333333333,3831.82,3,2025-01-01,2025-01-12,66.66666666666666,33.33333333333333,Apartment,11,1,3,0,High-Value / Luxury Investors,0.9573982409986872,-0.6800775726749295
C1141,Individual,Kimberly,Montgomery,1/26/2000,F,USA,Arizona,Investment,3,No,Website,2000-01-26,26,3,990242.33,330080.7766666667,436787.87,1101.55,3304.65,3,2024-01-02,2025-01-12,100.0,0.0,Apartment,376,0,0,2,Global Investors,-1.0856231460782961,1.101901701120074
C1142,Individual,Julia,Hughes,03-10-1948,F,USA,Colorado,Home,2,Yes,Agency,1948-03-10,78,4,1492680.13,373170.0325,492869.13,1222.37,4889.48,4,2024-01-05,2024-01-12,100.0,0.0,Apartment,7,1,3,0,High-Value / Luxury Investors,0.9695279132932065,-0.8541937232480792
C1143,Individual,Michael,Garcia,09-10-1994,M,USA,Arizona,Home,2,Yes,Website,1994-09-10,31,3,1108329.67,369443.2233333333,404667.67,1343.8166666666666,4031.45,3,2024-01-06,2025-01-10,66.66666666666666,33.33333333333333,Apartment,370,1,1,0,Home-Focused / First-Time Buyers,0.3950388586055452,-0.5798817607104289
C1144,Individual,Diane,Young,11-10-1978,F,USA,Georgia,Investment,4,No,Client,1978-11-10,47,4,1244666.12,311166.53,494178.87,1027.0725,4108.29,4,2024-01-04,2024-01-09,100.0,0.0,Apartment,5,0,0,2,Global Investors,-0.8008633499258553,1.008197139716267
C1145,Individual,Ethan,King,04-04-1993,M,USA,Nevada,Home,5,No,Website,1993-04-04,33,3,1118850.31,372950.1033333333,568314.74,1267.4066666666668,3802.22,3,2024-01-05,2025-01-09,100.0,0.0,Apartment,370,0,1,0,Home-Focused / First-Time Buyers,0.30485206442013646,-0.6625631075042498
C1146,Individual,Richard,Weaver,3/14/1991,M,USA,California,Investment,2,No,Website,1991-03-14,35,3,1037824.43,345941.4766666667,565819.26,1136.0866666666668,3408.26,3,2024-01-10,2025-01-10,66.66666666666666,33.33333333333333,Apartment,366,0,0,2,Global Investors,-0.7926168754613904,1.0497640985617083
C1147,Individual,Brittany,Edwards,02-09-1978,F,USA,Utah,Home,3,No,Website,1978-02-09,48,3,905314.84,301771.61333333334,555067.12,1010.53,3031.59,3,2024-01-09,2025-01-09,100.0,0.0,Apartment,366,0,1,1,Home-Focused / First-Time Buyers,-1.3012727394089363,-0.9447137346717495
C1148,Individual,Joshua,Rogers,7/15/1991,M,Australia,New South Wales,Home,1,Yes,Agency,1991-07-15,35,3,1083677.57,361225.8566666667,523867.62,1221.3833333333334,3664.15,3,2024-01-09,2025-01-01,100.0,0.0,Apartment,358,1,1,0,Home-Focused / First-Time Buyers,-0.042544183916734424,-0.6581366547571941
C1149,Individual,Kimberly,Thomas,03-06-1980,F,Russia,Tatarstan,Home,3,No,Agency,1980-03-06,46,4,1277449.99,319362.4975,484921.76,1053.27,4213.08,4,2024-01-06,2025-01-03,100.0,0.0,Apartment,363,0,1,0,Home-Focused / First-Time Buyers,-0.27551213737649033,-0.7994173184145444
C1150,Individual,Tiffany,Cook,11-08-1992,F,USA,Nevada,Investment,4,No,Agency,1992-11-08,33,3,1476970.3,492323.43333333335,523968.19,1550.1266666666668,4650.38,3,2024-01-02,2025-01-11,100.0,0.0,Apartment,375,0,0,2,Global Investors,2.220078611589892,1.3613968065001087
C1151,Individual,Tyler,Anderson,12/14/1963,M,USA,Arizona,Investment,2,No,Website,1963-12-14,62,4,1760000.34,440000.085,545707.37,1350.2175,5400.87,4,2024-01-06,2024-01-12,100.0,0.0,Apartment,6,0,0,2,Global Investors,1.9045701115515192,1.127996597270238
C1152,Individual,Jason,Williams,9/16/1977,M,USA,Georgia,Home,1,No,Website,1977-09-16,48,4,1654928.32,413732.08,585559.25,1374.585,5498.34,4,2024-01-03,2025-01-05,100.0,0.0,Apartment,368,0,3,0,High-Value / Luxury Investors,1.904814683253631,-0.6300299066446542
C1153,Individual,Scott,Sanders,9/14/1991,M,USA,California,Home,1,No,Website,1991-09-14,34,3,1007630.0,335876.6666666667,492913.41,1170.3533333333332,3511.06,3,2024-01-02,2025-01-09,66.66666666666666,33.33333333333333,Apartment,373,0,1,1,Home-Focused / First-Time Buyers,-0.4957591576078234,-0.780687487439141
C1154,Individual,Jerry,Brown,07-12-1956,M,USA,Utah,Home,5,Yes,Agency,1956-07-12,70,4,1373889.96,343472.49,518104.03,1135.325,4541.3,4,2024-01-04,2025-01-10,100.0,0.0,Apartment,372,1,1,0,Home-Focused / First-Time Buyers,0.34884343039902954,-0.8226985414319866
C1155,Individual,William,Young,03-03-1977,M,USA,California,Home,5,No,Website,1977-03-03,49,3,1577625.0,525875.0,589821.06,1679.1066666666666,5037.32,3,2024-01-06,2025-01-11,66.66666666666666,33.33333333333333,Apartment,371,0,3,0,High-Value / Luxury Investors,3.39011072380275,-0.5025564741475345
C1156,Individual,Dorothy,Kim,5/16/1956,F,USA,Virginia,Home,4,No,Agency,1956-05-16,70,3,859956.66,286652.22000000003,441602.33,1008.13,3024.39,3,2024-01-05,2025-01-11,100.0,0.0,Apartment,372,0,1,1,Home-Focused / First-Time Buyers,-1.4533278647494963,-1.1226193483491984
C1157,Individual,Kenneth,Davis,11-02-1944,M,Canada,Alberta,Investment,2,No,Website,1944-11-02,81,4,894080.38,223520.095,329573.31,716.4525,2865.81,4,2024-01-02,2025-01-09,100.0,0.0,Apartment,373,0,0,2,Global Investors,-2.8679817372696137,0.5320360031448408
C1158,Individual,Joan,Pierce,5/19/1955,F,USA,California,Investment,2,No,Website,1955-05-19,71,3,941360.29,313786.76333333337,596516.36,972.0533333333332,2916.16,3,2024-01-04,2025-01-05,66.66666666666666,33.33333333333333,Apartment,367,0,0,2,Global Investors,-1.5839409743156407,0.6971895050480491
C1159,Individual,Gerald,Howard,3/24/1940,M,USA,Nevada,Investment,1,Yes,Website,1940-03-24,86,3,1170550.92,390183.64,558548.42,1175.6833333333334,3527.05,3,2024-01-06,2025-01-09,66.66666666666666,33.33333333333333,Apartment,369,1,0,2,Global Investors,-0.06477712402249453,0.7993546163839372
C1160,Individual,Walter,Griffin,11/21/1980,M,USA,Florida,Home,2,Yes,Website,1980-11-21,45,4,1359425.86,339856.465,510079.55,1101.9875,4407.95,4,2024-01-06,2025-01-01,75.0,25.0,Apartment,361,1,1,1,Home-Focused / First-Time Buyers,0.12053007716952838,-0.6751177467140496
C1161,Individual,Stephen,White,02-12-1994,M,Canada,Alberta,Investment,3,Yes,Website,1994-02-12,32,4,2022416.31,505604.0775,724345.49,1486.3275,5945.31,4,2024-01-01,2024-01-11,75.0,25.0,Apartment,10,1,3,2,High-Value / Luxury Investors,3.1737322781022503,1.5802485895203942
C1162,Individual,Charles,Nelson,1/25/1962,M,USA,California,Investment,2,No,Website,1962-01-25,64,4,1116223.63,279055.9075,446838.6,872.6800000000001,3490.7200000000003,4,2024-01-02,2025-01-04,100.0,0.0,Apartment,368,0,0,2,Global Investors,-1.6787541743523557,0.7766188940323294
C1163,Individual,Noah,Morales,10/26/1998,M,USA,California,Home,3,Yes,Website,1998-10-26,27,4,1202709.18,300677.295,498755.52,1059.8375,4239.35,4,2024-01-03,2025-01-07,50.0,50.0,Apartment,370,1,1,1,Home-Focused / First-Time Buyers,-0.5693169336110063,-0.5920804320466384
C1164,Individual,Emma,Watson,04-11-1968,F,Belgium,Wallonia,Home,3,Yes,Agency,1968-04-11,58,4,1315287.03,328821.7575,411818.69,1169.615,4678.46,4,2024-01-07,2025-01-12,50.0,50.0,Apartment,371,1,1,0,Home-Focused / First-Time Buyers,0.1738242323650417,-0.7655720621156116
C1165,Individual,Victoria,Alexander,9/26/1994,F,Russia,Moscow Oblast,Home,1,No,Website,1994-09-26,31,3,970705.4,323568.4666666666,509155.44,1079.9266666666665,3239.78,3,2025-01-03,2025-01-12,100.0,0.0,Apartment,9,0,1,1,Home-Focused / First-Time Buyers,-0.896544224052921,-0.7928365284950802
C1166,Individual,Scott,Hall,11/15/1991,M,USA,New York,Investment,1,No,Website,1991-11-15,34,4,1163601.79,290900.4475,408434.17,939.4875,3757.95,4,2024-01-02,2024-01-11,100.0,0.0,Apartment,9,0,0,2,Global Investors,-1.3945695216690688,1.027857696731127
C1167,Individual,Kevin,Alexander,12/20/1967,M,UK,Scotland,Home,3,No,Website,1967-12-20,58,3,1163104.83,387701.61,662126.19,1193.7733333333333,3581.32,3,2024-01-01,2025-01-08,66.66666666666666,33.33333333333333,Apartment,373,0,1,1,Home-Focused / First-Time Buyers,0.3081014585492587,-0.872973427661236
C1168,Individual,Brittany,Reyes,12/25/1998,F,Germany,Hamburg,Home,2,Yes,Agency,1998-12-25,27,4,1081069.19,270267.2975,382048.18,901.245,3604.98,4,2024-01-01,2024-01-12,100.0,0.0,Apartment,11,1,1,1,Home-Focused / First-Time Buyers,-1.4425959472575416,-0.6810048212274109
C1169,Individual,Noah,Bryant,01-05-1994,M,Russia,Saint Petersburg,Home,5,Yes,Agency,1994-01-05,32,4,900300.22,225075.055,269707.97,832.615,3330.46,4,2024-01-02,2025-01-02,75.0,25.0,Apartment,366,1,1,1,Home-Focused / First-Time Buyers,-2.2203061012108427,-0.7676920945753296
C1170,Individual,Amanda,Collins,02-09-1990,F,USA,Nevada,Home,1,Yes,Website,1990-02-09,36,4,1165955.62,291488.905,366328.69,1009.9325,4039.73,4,2024-01-03,2024-01-12,75.0,25.0,Apartment,9,1,1,1,Home-Focused / First-Time Buyers,-0.8532157395682766,-0.7064923588353302
C1171,Individual,Anna,Patterson,8/21/1984,F,USA,California,Investment,4,Yes,Website,1984-08-21,42,4,1561809.25,390452.3125,527403.68,1276.9875,5107.95,4,2024-01-04,2025-01-11,100.0,0.0,Apartment,373,1,0,2,Global Investors,0.9859688994234782,1.3023654522495003
C1172,Individual,Victoria,Freeman,11-05-1942,F,USA,Nevada,Home,5,No,Website,1942-11-05,83,4,1240274.79,310068.6975,454693.74,990.4475,3961.79,4,2024-01-01,2025-01-05,75.0,25.0,Apartment,370,0,1,1,Home-Focused / First-Time Buyers,-0.4847308134989795,-1.0892158256853306
C1173,Individual,Cheryl,Price,11-02-1984,F,Canada,Manitoba,Investment,1,No,Website,1984-11-02,41,4,1261072.17,315268.0425,468922.65,1014.9825,4059.93,4,2024-01-07,2025-01-08,100.0,0.0,Apartment,367,0,0,2,Global Investors,-0.8325490362774265,1.025695985320491
C1174,Individual,Kenneth,White,07-06-1982,M,USA,Nevada,Home,2,No,Agency,1982-07-06,44,4,1414798.99,353699.7475,446099.24,1244.8049999999998,4979.219999999999,4,2025-01-02,2025-01-10,75.0,25.0,Apartment,8,0,3,0,High-Value / Luxury Investors,0.7042672873332335,-0.7035704885588715
C1175,Individual,Evelyn,Long,9/27/1959,F,USA,California,Home,2,No,Website,1959-09-27,66,4,1766232.62,441558.155,675388.05,1449.3775,5797.51,4,2024-01-02,2025-01-10,100.0,0.0,Apartment,374,0,3,0,High-Value / Luxury Investors,2.5488223090825386,-0.7011579006165152
C1176,Individual,Lauren,Baker,06-03-1975,F,USA,California,Investment,4,Yes,Agency,1975-06-03,51,3,1003328.89,334442.9633333333,441387.41,1170.3533333333332,3511.06,3,2024-01-01,2024-01-10,33.33333333333333,66.66666666666666,Office,9,1,0,2,Global Investors,-0.8047693741068914,1.0281378778987291
C1177,Individual,Larry,Sanders,09-05-1998,M,USA,California,Investment,2,No,Agency,1998-09-05,28,4,1047224.27,261806.0675,321100.73,816.1600000000001,3264.6400000000003,4,2024-01-02,2024-01-08,50.0,50.0,Apartment,6,0,0,2,Global Investors,-2.1319993976852616,1.0157704196512618
C1178,Individual,Jessica,Richardson,7/16/1950,F,USA,California,Home,1,No,Agency,1950-07-16,76,3,744651.07,248217.0233333333,390678.42,801.46,2404.38,3,2024-01-05,2025-01-01,100.0,0.0,Apartment,362,0,1,1,Home-Focused / First-Time Buyers,-2.533880999904376,-1.293976316139434
C1179,Individual,Melissa,Anderson,02-09-1991,F,USA,California,Home,4,No,Agency,1991-02-09,35,3,848152.02,282717.34,361461.89,1045.8666666666668,3137.6000000000004,3,2024-01-08,2024-01-11,100.0,0.0,Apartment,3,0,1,1,Home-Focused / First-Time Buyers,-1.459042582590337,-0.8507771844436728
C1180,Individual,Deborah,Miller,07-11-1995,F,Belgium,Brussels,Home,2,Yes,Website,1995-07-11,31,4,1111089.24,277772.31,413510.38,1050.5725,4202.29,4,2024-01-11,2025-01-12,75.0,25.0,Apartment,367,1,1,1,Home-Focused / First-Time Buyers,-0.9369093310283693,-0.6685077825591157
C1181,Individual,Judith,Hansen,3/23/1956,F,USA,Nevada,Investment,5,No,Website,1956-03-23,70,3,743723.3099999999,247907.77,352725.16,939.33,2817.99,3,2025-01-02,2025-01-06,100.0,0.0,Apartment,4,0,0,2,Global Investors,-2.4752671303856917,0.646229793943891
C1182,Individual,Christopher,Murray,03-11-1961,M,Germany,Bavaria,Investment,3,Yes,Website,1961-03-11,65,4,1522183.38,380545.845,539392.07,1269.065,5076.26,4,2024-01-02,2025-01-07,100.0,0.0,Apartment,371,1,0,2,Global Investors,0.8396304006974652,1.0991740580234617
C1183,Individual,Carl,Rogers,11/14/1993,M,USA,Arizona,Investment,1,No,Website,1993-11-14,32,4,1364593.88,341148.47,546764.12,1088.3825,4353.53,4,2024-01-06,2025-01-11,100.0,0.0,Apartment,371,0,0,2,Global Investors,-0.278438013782108,1.1480765891393516
C1184,Individual,David,Nelson,4/14/1953,M,France,Ile-de-France,Home,2,No,Website,1953-04-14,73,3,500255.63,166751.87666666668,202634.18,624.2366666666667,1872.71,3,2024-01-03,2025-01-08,66.66666666666666,33.33333333333333,Apartment,371,0,1,1,Home-Focused / First-Time Buyers,-4.042084032003658,-1.4018683160298666
C1185,Individual,Ronald,Peterson,6/27/2000,M,USA,California,Home,3,No,Website,2000-06-27,26,4,1218570.99,304642.7475,388613.55,1029.9125,4119.65,4,2024-01-07,2025-01-06,100.0,0.0,Apartment,365,0,1,0,Home-Focused / First-Time Buyers,-0.5808719896821055,-0.6722347868475254
C1186,Individual,Victoria,Bennett,6/27/1978,F,USA,Nevada,Home,3,Yes,Website,1978-06-27,48,3,1141153.96,380384.6533333333,585004.16,1221.6766666666665,3665.03,3,2024-01-03,2025-01-01,66.66666666666666,33.33333333333333,Apartment,364,1,1,0,Home-Focused / First-Time Buyers,0.2602546687099924,-0.7123588892107598
C1187,Individual,Melissa,Pierce,3/18/1962,F,USA,Nevada,Home,4,No,Website,1962-03-18,64,3,1097539.23,365846.41,564972.81,1092.506666666667,3277.52,3,2024-01-03,2025-01-03,100.0,0.0,Apartment,366,0,1,1,Home-Focused / First-Time Buyers,-0.21434624141566527,-0.9580184487641278
C1188,Individual,Matthew,White,11-01-1995,M,Canada,Alberta,Home,1,No,Client,1995-11-01,30,4,1437535.25,359383.8125,581530.71,1190.4075,4761.63,4,2024-01-02,2025-01-11,50.0,50.0,Apartment,375,0,3,0,High-Value / Luxury Investors,0.6063504435725812,-0.6103053865661927
C1189,Individual,Peter,Alexander,1/22/1963,M,USA,Florida,Home,2,Yes,Client,1963-01-22,63,4,1180295.09,295073.7725,382331.32,989.2175,3956.87,4,2024-01-01,2025-01-04,50.0,50.0,Apartment,369,1,1,1,Home-Focused / First-Time Buyers,-0.7973406540651783,-0.9024224512461186
C1190,Individual,Sandra,Baker,08-04-1946,F,USA,Texas,Home,4,No,Client,1946-08-04,80,4,1358669.02,339667.255,495056.58,1115.61,4462.44,4,2024-01-04,2025-01-09,100.0,0.0,Apartment,371,0,1,1,Home-Focused / First-Time Buyers,0.25109606469239154,-1.0069216634082425
C1191,Individual,Mary,Cox,4/17/1950,F,USA,California,Investment,3,No,Website,1950-04-17,76,3,1095538.81,365179.6033333333,409260.76,1357.1933333333334,4071.58,3,2024-01-04,2025-01-09,66.66666666666666,33.33333333333333,Apartment,371,0,0,2,Global Investors,0.11466772620689324,0.8179479207968469
C1192,Individual,Adam,Jones,01-05-2000,M,USA,Florida,Home,5,No,Website,2000-01-05,26,4,1111237.94,277809.485,462493.65,941.135,3764.54,4,2024-01-06,2025-01-11,50.0,50.0,Apartment,371,0,1,0,Home-Focused / First-Time Buyers,-1.169117761004517,-0.7090020147774102
C1193,Individual,Amy,Owens,4/20/1975,F,UK,England,Home,1,No,Website,1975-04-20,51,4,946796.24,236699.06,360341.5,716.4525,2865.81,4,2024-01-02,2025-01-02,50.0,50.0,Apartment,366,0,1,1,Home-Focused / First-Time Buyers,-2.3830148039011076,-1.0514609193877646
C1194,Individual,Melissa,Brooks,6/17/1943,F,USA,Colorado,Home,1,No,Website,1943-06-17,83,3,1084957.53,361652.51,431485.71,1263.8633333333337,3791.59,3,2024-01-11,2025-01-12,66.66666666666666,33.33333333333333,Apartment,367,0,1,0,Home-Focused / First-Time Buyers,0.15796172456079213,-1.1038989990184944
C1195,Individual,Anna,Pierce,06-07-1990,F,USA,California,Home,4,Yes,Agency,1990-06-07,36,4,1118238.91,279559.7275,475030.73,910.925,3643.7,4,2024-01-07,2025-01-07,75.0,25.0,Apartment,366,1,1,1,Home-Focused / First-Time Buyers,-1.2349537812211802,-0.7133197775647454
C1196,Individual,William,Freeman,09-03-1955,M,USA,Nevada,Home,2,No,Agency,1955-09-03,71,4,1731153.76,432788.44,588124.15,1356.32,5425.28,4,2024-01-03,2025-01-11,100.0,0.0,Apartment,374,0,3,0,High-Value / Luxury Investors,2.1856797531311623,-0.7723709773378759
C1197,Individual,Deborah,Roberts,04-10-1959,F,USA,Arizona,Home,4,No,Website,1959-04-10,67,3,1439595.57,479865.19,584272.04,1471.4466666666667,4414.34,3,2024-01-08,2024-01-09,100.0,0.0,Apartment,1,0,3,0,High-Value / Luxury Investors,2.260648439408482,-0.7545843089786064
C1198,Individual,Lisa,Young,1/21/1960,F,USA,New York,Home,1,No,Agency,1960-01-21,66,3,1415391.59,471797.1966666666,674268.09,1493.243333333333,4479.73,3,2024-01-04,2025-01-04,66.66666666666666,33.33333333333333,Apartment,366,0,3,0,High-Value / Luxury Investors,2.1609915947089484,-0.7842624515075153
C1199,Individual,Justin,Campbell,03-03-1943,M,USA,Colorado,Home,2,No,Website,1943-03-03,83,4,1013002.89,253250.7225,367400.47,910.2925,3641.17,4,2024-01-06,2025-01-04,75.0,25.0,Apartment,364,0,1,1,Home-Focused / First-Time Buyers,-1.5699946244163614,-1.2205445635766554
C1200,Individual,Henry,Taylor,11-03-1969,M,USA,Utah,Home,4,No,Agency,1969-11-03,56,4,1789601.3299999998,447400.3325,635580.39,1422.9925,5691.97,4,2024-01-02,2025-01-10,75.0,25.0,Apartment,374,0,3,0,High-Value / Luxury Investors,2.5830492841957358,-0.6004354230797521
C1201,Individual,Timothy,Stewart,3/22/2000,M,USA,Oregon,Investment,1,Yes,Website,2000-03-22,26,4,1063833.91,265958.4775,353358.62,896.2525,3585.01,4,2024-01-02,2025-01-09,100.0,0.0,Apartment,373,1,0,2,Global Investors,-1.8927310183570842,1.130930931028032
C1202,Company,Telnox,Co,05-09-1985,M,Canada,Quebec,Investment,5,Yes,Website,1985-05-09,41,4,1527115.16,381778.79,581236.54,1263.775,5055.1,4,2024-01-07,2025-01-08,100.0,0.0,Apartment,367,1,2,3,Corporate Buyers,0.6486952338313379,6.330505651744015
C1203,Individual,Ashley,Green,1/18/1962,F,USA,Arizona,Home,2,Yes,Website,1962-01-18,64,3,1083378.55,361126.18333333335,437211.33,1329.57,3988.71,3,2024-01-04,2024-01-10,66.66666666666666,33.33333333333333,Apartment,6,1,1,1,Home-Focused / First-Time Buyers,0.30019616907709457,-0.8467947137193467
C1204,Individual,William,Reed,04-03-1992,M,Mexico,Puebla,Investment,2,Yes,Website,1992-04-03,34,3,1231356.24,410452.08,603910.96,1280.28,3840.84,3,2024-01-08,2025-01-03,100.0,0.0,Apartment,361,1,0,2,Global Investors,0.40929717943604804,1.2574330326898735
C1205,Individual,Patrick,Pierce,5/15/1959,M,Belgium,Flanders,Home,4,No,Website,1959-05-15,67,3,968123.38,322707.79333333333,498260.56,1076.69,3230.07,3,2024-01-03,2025-01-12,100.0,0.0,Apartment,375,0,1,1,Home-Focused / First-Time Buyers,-0.8108024909013289,-1.039088669978373
C1206,Individual,Melissa,Baker,12-09-1957,F,USA,California,Investment,5,No,Website,1957-12-09,68,3,941726.19,313908.73,396440.12,1140.4,3421.2,3,2024-01-05,2025-01-10,100.0,0.0,Apartment,371,0,0,2,Global Investors,-1.0961127074648445,0.7887089187089052
C1207,Individual,Lauren,Price,10/24/1973,F,USA,Texas,Home,5,Yes,Agency,1973-10-24,52,4,1084392.98,271098.245,328706.37,1010.095,4040.38,4,2024-01-02,2025-01-09,75.0,25.0,Apartment,373,1,1,1,Home-Focused / First-Time Buyers,-1.057209739954887,-0.8162484242102723
C1208,Individual,Noah,Ward,11/27/1977,M,USA,Colorado,Home,1,No,Website,1977-11-27,48,3,1277019.82,425673.2733333334,561711.27,1477.03,4431.09,3,2024-01-10,2025-01-07,66.66666666666666,33.33333333333333,Apartment,363,0,3,0,High-Value / Luxury Investors,1.4927437429699382,-0.7080097295344575
C1209,Individual,Tiffany,Kim,07-01-1978,F,USA,California,Home,4,Yes,Website,1978-07-01,48,4,1201633.01,300408.2525,401888.63,1123.3175,4493.27,4,2024-01-10,2025-01-09,100.0,0.0,Apartment,365,1,1,1,Home-Focused / First-Time Buyers,-0.3583297580281075,-0.7292826346005667
C1210,Individual,Dennis,Cox,06-04-1991,M,USA,California,Investment,1,No,Website,1991-06-04,35,4,1146800.83,286700.2075,409323.23,897.47,3589.88,4,2024-01-06,2025-01-03,75.0,25.0,Apartment,363,0,0,2,Global Investors,-1.5639470649236984,1.0050088501662875
C1211,Individual,Kathleen,Owens,07-10-1996,F,Canada,British Columbia,Home,5,Yes,Website,1996-07-10,30,4,1447927.02,361981.755,457810.49,1167.105,4668.42,4,2024-01-03,2025-01-10,100.0,0.0,Apartment,373,1,3,0,High-Value / Luxury Investors,0.6397689616420491,-0.48204195564311664
C1212,Individual,Lawrence,Gray,07-11-1957,M,USA,California,Home,1,No,Agency,1957-07-11,69,4,1052290.76,263072.69,396779.8,904.01,3616.04,4,2024-01-06,2024-01-12,100.0,0.0,Apartment,6,0,1,1,Home-Focused / First-Time Buyers,-1.4819649794884193,-1.11087516955623
C1213,Individual,Ruth,Martin,08-06-1993,F,Canada,Manitoba,Home,5,No,Website,1993-08-06,33,3,829461.56,276487.1866666667,351625.35,899.9899999999999,2699.97,3,2024-01-03,2025-01-08,100.0,0.0,Apartment,371,0,1,1,Home-Focused / First-Time Buyers,-1.90766487792386,-0.8643005318190061
C1214,Individual,Jennifer,Peterson,08-10-2000,F,USA,Florida,Home,1,No,Agency,2000-08-10,26,4,1725018.41,431254.6025,563581.06,1446.1125,5784.45,4,2024-01-07,2025-01-11,100.0,0.0,Apartment,370,0,3,0,High-Value / Luxury Investors,2.312827504521569,-0.4203484721604794
C1215,Individual,Charles,Patterson,7/24/1994,M,USA,California,Home,3,No,Website,1994-07-24,32,3,1140423.38,380141.1266666667,664530.42,1104.51,3313.53,3,2024-01-08,2024-01-12,33.33333333333333,66.66666666666666,Office,4,0,1,1,Home-Focused / First-Time Buyers,-0.06312015257936315,-0.7023197288798654
C1216,Individual,Martha,Jordan,07-10-1997,F,France,Normandy,Home,4,No,Website,1997-07-10,29,3,1191384.37,397128.12333333335,551096.05,1464.8466666666666,4394.54,3,2024-01-02,2025-01-12,100.0,0.0,Apartment,376,0,3,0,High-Value / Luxury Investors,1.1120460160125405,-0.5690903885669549
C1217,Individual,William,Carter,01-05-1997,M,USA,California,Investment,4,Yes,Website,1997-01-05,29,3,1007204.78,335734.9266666667,461132.81,1186.4366666666667,3559.31,3,2024-01-11,2025-01-09,100.0,0.0,Apartment,364,1,0,2,Global Investors,-0.7794878792197731,1.2021225282913857
C1218,Individual,Teresa,Smith,12/28/1941,F,USA,California,Home,1,Yes,Website,1941-12-28,84,4,1308613.5699999998,327153.3925,449085.55,1121.525,4486.1,4,2024-01-04,2025-01-09,100.0,0.0,Apartment,371,1,1,0,Home-Focused / First-Time Buyers,0.02980513061136465,-0.9992105444629186
C1219,Individual,Danielle,Howard,12-06-1983,F,USA,Arizona,Home,1,Yes,Website,1983-12-06,42,3,867409.27,289136.42333333334,430666.39,1074.6233333333332,3223.87,3,2024-01-05,2025-01-05,100.0,0.0,Apartment,366,1,1,1,Home-Focused / First-Time Buyers,-1.3510036844939803,-0.834934888423116
C1220,Individual,Christina,Martin,09-08-1967,F,USA,Colorado,Investment,4,Yes,Website,1967-09-08,59,4,1471199.75,367799.9375,508492.43,1254.045,5016.18,4,2024-01-01,2025-01-09,75.0,25.0,Apartment,374,1,0,2,Global Investors,0.6229182290307561,1.134176869262383
C1221,Individual,Cynthia,Thomas,5/23/1984,F,USA,Nevada,Investment,2,No,Agency,1984-05-23,42,3,1354868.93,451622.9766666666,506860.65,1565.3233333333335,4695.97,3,2024-01-05,2025-01-07,100.0,0.0,Apartment,368,0,0,2,Global Investors,1.7118751470346403,1.2228380578614344
C1222,Individual,Christopher,Taylor,01-07-1969,M,USA,Utah,Home,4,No,Website,1969-01-07,57,3,1319349.86,439783.2866666666,626423.06,1362.3833333333334,4087.15,3,2024-01-01,2024-01-10,100.0,0.0,Apartment,9,0,3,0,High-Value / Luxury Investors,1.4401181378309964,-0.752205204146634
C1223,Individual,Sharon,Stone,9/17/1952,F,USA,Washington,Home,4,No,Website,1952-09-17,74,3,1072582.78,357527.5933333333,403699.08,1369.7300000000002,4109.1900000000005,3,2024-01-10,2025-01-05,100.0,0.0,Apartment,361,0,3,1,High-Value / Luxury Investors,0.41811391395953085,-0.9852402752977916
C1224,Individual,Paul,Carter,6/13/1942,M,USA,New York,Investment,5,Yes,Client,1942-06-13,84,3,827238.27,275746.09,432388.36,964.2666666666664,2892.8,3,2024-01-01,2024-01-04,100.0,0.0,Apartment,3,1,0,2,Global Investors,-2.038187437558562,0.666494965402487
C1225,Individual,Larry,James,11-10-1990,M,USA,Oregon,Home,2,No,Website,1990-11-10,35,3,1122587.7,374195.9,606790.94,1168.3366666666668,3505.01,3,2025-01-02,2025-01-09,66.66666666666666,33.33333333333333,Apartment,7,0,1,1,Home-Focused / First-Time Buyers,0.014450952197107063,-0.7296648359132158
C1226,Individual,Michael,Sanders,05-01-1989,M,USA,Utah,Home,4,No,Website,1989-05-01,37,3,972596.13,324198.71,413286.53,1082.8966666666668,3248.69,3,2024-01-07,2024-01-10,100.0,0.0,Apartment,3,0,1,1,Home-Focused / First-Time Buyers,-0.8209739996703397,-0.8055870015151734
C1227,Individual,Alexander,Reyes,3/13/1987,M,USA,Colorado,Home,3,Yes,Agency,1987-03-13,39,4,2151534.73,537883.6825,627385.67,1676.3825,6705.53,4,2024-01-07,2024-01-12,100.0,0.0,Apartment,5,1,3,0,High-Value / Luxury Investors,4.506460697824568,-0.20784713605914645
C1228,Individual,Joseph,Howard,07-07-1954,M,USA,California,Home,2,No,Website,1954-07-07,72,3,1058718.77,352906.25666666665,508674.8,1124.5,3373.5,3,2024-01-06,2025-01-02,100.0,0.0,Apartment,362,0,1,1,Home-Focused / First-Time Buyers,-0.319990882803895,-1.050115851324375
C1229,Individual,Madison,Reyes,11-02-1994,F,UK,Scotland,Home,1,Yes,Website,1994-11-02,31,3,1185126.78,395042.26,556269.12,1303.4733333333334,3910.42,3,2024-01-04,2024-01-07,100.0,0.0,Apartment,3,1,3,0,High-Value / Luxury Investors,0.6047968395409391,-0.5668336846990766
C1230,Individual,Lawrence,Parker,2/18/1985,M,USA,California,Home,5,No,Client,1985-02-18,41,3,759973.15,253324.38333333333,341233.68,801.46,2404.38,3,2024-01-03,2025-01-10,33.33333333333333,66.66666666666666,Office,373,0,1,1,Home-Focused / First-Time Buyers,-2.4536936712540025,-0.976380029120838
C1231,Individual,Betty,Carter,12-09-1954,F,USA,California,Home,2,No,Agency,1954-12-09,71,3,859705.1699999999,286568.39,372010.36,922.6666666666666,2768.0,3,2024-01-07,2025-01-08,33.33333333333333,66.66666666666666,Office,367,0,1,1,Home-Focused / First-Time Buyers,-1.7100876995246785,-1.170159989407301
C1232,Individual,Mary,Jackson,9/23/1989,F,Canada,British Columbia,Home,3,No,Website,1989-09-23,36,4,1527373.03,381843.2575,516863.32,1173.8125,4695.25,4,2024-01-10,2025-01-09,100.0,0.0,Apartment,365,0,3,0,High-Value / Luxury Investors,0.9319051205054948,-0.6062607540086552
C1233,Individual,Brian,Scott,08-05-1979,M,USA,Utah,Home,4,No,Website,1979-08-05,47,3,936287.8,312095.93333333335,421407.86,1078.7866666666666,3236.36,3,2024-01-02,2025-01-09,100.0,0.0,Apartment,373,0,1,1,Home-Focused / First-Time Buyers,-0.9734904894317135,-0.8985568367418817
C1234,Individual,Karen,King,1/20/1957,F,USA,Colorado,Investment,1,No,Website,1957-01-20,69,4,1463190.28,365797.57,539693.29,1278.045,5112.18,4,2024-01-01,2025-01-12,100.0,0.0,Apartment,377,0,0,2,Global Investors,0.6320479755286977,0.94078937149951
C1235,Individual,Michael,Morales,5/27/1957,M,USA,Arizona,Home,2,No,Website,1957-05-27,69,4,1271344.11,317836.0275,611112.1,1025.3225,4101.29,4,2024-01-01,2025-01-02,75.0,25.0,Apartment,367,0,1,1,Home-Focused / First-Time Buyers,-0.35253349095044895,-0.9948388680578671
C1236,Individual,Brandon,Cook,8/24/1972,M,USA,Arizona,Home,4,Yes,Website,1972-08-24,54,4,1747766.02,436941.505,560683.85,1415.4825,5661.93,4,2024-01-04,2024-01-09,100.0,0.0,Apartment,5,1,3,0,High-Value / Luxury Investors,2.3978118906506176,-0.5147479205177711
C1237,Individual,Helen,Cook,9/25/1943,F,UK,Wales,Investment,4,Yes,Website,1943-09-25,82,3,688233.74,229411.24666666667,340807.81,775.5666666666666,2326.7,3,2024-01-09,2025-01-05,66.66666666666666,33.33333333333333,Apartment,362,1,0,2,Global Investors,-3.1527719208821394,0.5716765710646164
C1238,Individual,Joshua,Bennett,4/22/1946,M,USA,Nevada,Home,1,Yes,Agency,1946-04-22,80,4,1648873.57,412218.3925,524988.7,1343.6575,5374.63,4,2024-01-07,2025-01-06,100.0,0.0,Apartment,365,1,3,0,High-Value / Luxury Investors,1.8400763937503857,-0.7974628408317956
C1239,Individual,Catherine,Adams,02-07-1953,F,USA,Oregon,Home,3,No,Agency,1953-02-07,73,4,1457041.08,364260.27,555539.4,1114.2125,4456.85,4,2024-01-01,2025-01-09,100.0,0.0,Apartment,374,0,3,0,High-Value / Luxury Investors,0.5770874233617231,-0.928579821566258
C1240,Individual,Gloria,Wright,11-12-1984,F,USA,Nevada,Investment,4,Yes,Website,1984-11-12,41,3,1018594.44,339531.48000000004,534650.14,1104.51,3313.53,3,2024-01-04,2025-01-02,66.66666666666666,33.33333333333333,Apartment,364,1,0,2,Global Investors,-0.9262298519718009,1.09707022771404
C1241,Individual,Danielle,Martin,8/19/1973,F,USA,California,Home,1,No,Agency,1973-08-19,53,4,1157084.59,289271.1475,410171.8,948.835,3795.34,4,2024-01-04,2024-01-11,100.0,0.0,Apartment,7,0,1,1,Home-Focused / First-Time Buyers,-1.008653954952399,-0.9404969579726916
C1242,Individual,Gerald,Collins,9/22/1961,M,USA,California,Home,3,Yes,Website,1961-09-22,64,3,1055842.78,351947.5933333333,424910.39,1138.4233333333334,3415.27,3,2024-01-03,2024-01-12,100.0,0.0,Apartment,9,1,1,0,Home-Focused / First-Time Buyers,-0.3020408161492852,-0.8892110310494992
C1243,Individual,Jeffrey,Edwards,10-04-1948,M,USA,Colorado,Home,1,No,Website,1948-10-04,77,4,1419502.04,354875.51,541890.18,1246.6175,4986.47,4,2024-01-06,2025-01-06,100.0,0.0,Apartment,366,0,3,0,High-Value / Luxury Investors,0.7595815149504151,-0.9653956718978359
C1244,Individual,Joseph,Phillips,06-10-1992,M,USA,Utah,Investment,5,Yes,Website,1992-06-10,34,3,1438309.93,479436.6433333333,598240.7,1513.17,4539.51,3,2024-01-03,2025-01-03,33.33333333333333,66.66666666666666,Office,366,1,0,2,Global Investors,1.9639164667505353,1.4270947660676638
C1245,Individual,Edward,Reyes,02-10-1963,M,USA,California,Home,3,Yes,Agency,1963-02-10,63,3,1422519.51,474173.17,500160.52,1529.4633333333334,4588.39,3,2024-01-01,2025-01-10,100.0,0.0,Apartment,375,1,3,0,High-Value / Luxury Investors,2.304975054774259,-0.6420622524175977
C1246,Individual,Joyce,Jackson,05-10-1943,F,Canada,Alberta,Home,2,No,Agency,1943-05-10,83,3,859984.47,286661.49,360318.53,980.87,2942.61,3,2024-01-04,2025-01-03,66.66666666666666,33.33333333333333,Apartment,365,0,1,1,Home-Focused / First-Time Buyers,-1.5383375346410513,-1.249538744046191
C1247,Individual,Judy,Moore,04-09-1957,F,USA,Nevada,Investment,2,No,Website,1957-04-09,69,4,1774416.3199999998,443604.08,544990.2,1489.73,5958.92,4,2024-01-01,2025-01-04,100.0,0.0,Apartment,369,0,0,2,Global Investors,2.3325067786722147,1.1097032734387924
C1248,Individual,Sara,Scott,07-04-1976,F,USA,Arizona,Home,3,No,Agency,1976-07-04,50,3,786895.89,262298.63,371938.81,899.62,2698.86,3,2024-01-08,2025-01-02,100.0,0.0,Apartment,360,0,1,1,Home-Focused / First-Time Buyers,-2.1004340469710945,-1.0340715231454247
C1249,Individual,Janet,James,7/14/1971,F,USA,California,Investment,1,No,Website,1971-07-14,55,4,1289938.64,322484.66000000003,465116.85,1146.015,4584.06,4,2024-01-08,2025-01-10,50.0,50.0,Apartment,368,0,0,2,Global Investors,-0.36365533702620984,0.9570558590398726
C1250,Individual,Jordan,Stewart,4/19/1950,M,USA,Nevada,Home,5,No,Agency,1950-04-19,76,3,1582661.61,527553.87,554882.17,1674.54,5023.62,3,2024-01-05,2025-01-01,66.66666666666666,33.33333333333333,Apartment,362,0,3,0,High-Value / Luxury Investors,3.4411203817737865,-0.7086627204434629
C1251,Individual,Aaron,Thompson,11-01-1975,M,USA,Texas,Investment,5,No,Website,1975-11-01,50,4,1246714.37,311678.5925,448815.67,967.0,3868.0,4,2024-01-07,2025-01-07,50.0,50.0,Apartment,366,0,0,2,Global Investors,-0.9291590625054477,0.9835146900757656
C1252,Individual,Margaret,Cook,2/27/1962,F,USA,Arizona,Home,3,Yes,Website,1962-02-27,64,3,1137673.55,379224.51666666666,513716.25,1221.6766666666665,3665.03,3,2024-01-10,2025-01-10,100.0,0.0,Apartment,366,1,1,0,Home-Focused / First-Time Buyers,0.2696029558708116,-0.8366379668594607
C1253,Individual,Jason,Flores,9/24/1991,M,USA,California,Home,2,No,Agency,1991-09-24,34,3,767162.2200000001,255720.74,378213.4,814.3533333333334,2443.06,3,2024-01-05,2025-01-01,66.66666666666666,33.33333333333333,Apartment,362,0,1,1,Home-Focused / First-Time Buyers,-2.450029399908391,-0.9486848921779104
C1254,Individual,Ethan,Freeman,04-04-1956,M,USA,California,Home,5,Yes,Agency,1956-04-04,70,4,1604050.88,401012.72,471923.26,1279.9,5119.6,4,2024-01-07,2025-01-04,100.0,0.0,Apartment,363,1,3,0,High-Value / Luxury Investors,1.5626244785317946,-0.708230049641271
C1255,Individual,Mark,Patterson,9/15/1999,M,USA,California,Home,3,No,Agency,1999-09-15,26,4,1105130.19,276282.5475,469476.95,942.035,3768.14,4,2024-01-03,2025-01-05,75.0,25.0,Apartment,368,0,1,0,Home-Focused / First-Time Buyers,-1.2225884759875523,-0.7322546526249031
C1256,Company,Triton,Co,2/18/1972,F,USA,California,Investment,4,No,Agency,1972-02-18,54,3,1227293.02,409097.6733333333,483098.81,1357.1933333333334,4071.58,3,2025-01-04,2025-01-10,66.66666666666666,33.33333333333333,Apartment,6,0,2,3,Corporate Buyers,0.4756608883454958,6.078275328559506
C1257,Individual,Michael,Scott,12/22/1991,M,USA,California,Home,5,Yes,Agency,1991-12-22,34,3,850550.13,283516.71,426820.06,893.3766666666667,2680.13,3,2024-01-03,2025-01-09,100.0,0.0,Apartment,372,1,1,1,Home-Focused / First-Time Buyers,-1.8428983574678754,-0.7774333124386855
C1258,Individual,Betty,Stone,6/22/1969,F,USA,Nevada,Home,1,No,Website,1969-06-22,57,4,1015636.19,253909.0475,364302.2,821.355,3285.42,4,2024-01-08,2025-01-04,75.0,25.0,Apartment,362,0,1,1,Home-Focused / First-Time Buyers,-1.8495426678215805,-1.0499176030421842
C1259,Individual,William,Edwards,2/19/1971,M,USA,California,Investment,3,Yes,Agency,1971-02-19,55,4,1256766.51,314191.6275,464754.23,1004.1575,4016.63,4,2024-01-05,2025-01-12,75.0,25.0,Apartment,373,1,0,2,Global Investors,-0.8321539083696252,1.0226533962987003
C1260,Individual,Elizabeth,Ward,8/24/1992,F,USA,California,Home,2,No,Agency,1992-08-24,34,4,1633449.34,408362.335,541416.84,1423.1725,5692.69,4,2024-01-08,2025-01-12,75.0,25.0,Apartment,370,0,3,0,High-Value / Luxury Investors,1.949400080745632,-0.509181726340189
C1261,Individual,Patrick,Kim,09-03-1976,M,USA,Utah,Home,3,No,Client,1976-09-03,50,3,1491163.72,497054.5733333333,596435.43,1504.28,4512.84,3,2025-01-02,2025-01-08,100.0,0.0,Apartment,6,0,3,0,High-Value / Luxury Investors,2.526788061274813,-0.6058420900503025
C1262,Individual,Dorothy,Evans,11-10-1950,F,USA,California,Investment,4,No,Agency,1950-11-10,75,3,961425.37,320475.1233333333,443089.55,1077.3233333333335,3231.9700000000003,3,2024-01-01,2025-01-02,100.0,0.0,Apartment,367,0,0,2,Global Investors,-1.182063972850665,0.7190052604256901
C1263,Individual,Lawrence,Alexander,11/17/1951,M,USA,California,Investment,3,No,Agency,1951-11-17,74,4,1975384.2,493846.0500000001,599817.91,1602.67,6410.68,4,2024-01-01,2025-01-10,100.0,0.0,Apartment,375,0,3,2,High-Value / Luxury Investors,3.382002495295888,1.1790141014771538
C1264,Individual,Sarah,Garcia,12-06-1999,F,USA,California,Investment,1,No,Agency,1999-12-06,26,3,1287173.46,429057.82,564663.44,1452.263333333333,4356.79,3,2024-01-01,2024-01-10,66.66666666666666,33.33333333333333,Apartment,9,0,0,2,Global Investors,1.08216959601918,1.2819617256652118
C1265,Individual,Gary,White,3/24/1943,M,USA,Washington,Home,1,Yes,Agency,1943-03-24,83,3,1070432.96,356810.98666666663,421254.04,1325.71,3977.13,3,2024-01-04,2025-01-08,100.0,0.0,Apartment,370,1,1,1,Home-Focused / First-Time Buyers,0.24626537663406392,-1.009552226089844
C1266,Individual,Christopher,Hughes,6/20/1952,M,UK,England,Home,2,No,Website,1952-06-20,74,4,1204291.73,301072.9325,444502.63,1101.9875,4407.95,4,2024-01-04,2025-01-10,100.0,0.0,Apartment,372,0,1,1,Home-Focused / First-Time Buyers,-0.38781391935677023,-1.0408277725487287
C1267,Individual,Dorothy,Peterson,04-07-1965,F,USA,Colorado,Home,3,Yes,Website,1965-04-07,61,3,1399933.88,466644.6266666667,555003.81,1529.4633333333334,4588.39,3,2024-01-01,2024-01-12,100.0,0.0,Apartment,11,1,3,0,High-Value / Luxury Investors,2.2042534893384835,-0.6362425871940582
C1268,Individual,Gloria,Green,10-01-1995,F,UK,Northern Ireland,Investment,1,Yes,Website,1995-10-01,30,3,968928.25,322976.0833333333,396573.07,1003.3133333333334,3009.94,3,2024-01-01,2025-01-01,100.0,0.0,Apartment,366,1,0,2,Global Investors,-1.4729621574598153,1.1067536010270869
C1269,Individual,Jack,Bennett,9/28/1964,M,USA,California,Home,5,No,Website,1964-09-28,61,3,1046535.0,348845.0,535553.54,1169.0466666666669,3507.1400000000003,3,2024-01-04,2025-01-11,100.0,0.0,Apartment,373,0,1,1,Home-Focused / First-Time Buyers,-0.22245783143209003,-0.9293116204585491
C1270,Individual,Cheryl,Ward,10/18/1978,F,USA,Texas,Home,4,No,Agency,1978-10-18,47,3,1310435.53,436811.8433333333,556733.5,1465.92,4397.76,3,2024-01-05,2025-01-01,100.0,0.0,Apartment,362,0,3,0,High-Value / Luxury Investors,1.6571400168121104,-0.656777246620549
C1271,Individual,Noah,Anderson,09-10-1992,M,USA,California,Home,2,Yes,Agency,1992-09-10,33,4,1296911.85,324227.9625,477444.0,1040.5175,4162.07,4,2024-01-09,2025-01-06,75.0,25.0,Apartment,363,1,1,1,Home-Focused / First-Time Buyers,-0.2855183749904106,-0.6189113974293222
C1272,Individual,Ryan,Collins,5/13/1941,M,France,Occitanie,Home,1,Yes,Website,1941-05-13,85,3,778830.7999999999,259610.26666666663,361880.91,899.62,2698.86,3,2024-01-06,2025-01-04,100.0,0.0,Apartment,364,1,1,1,Home-Focused / First-Time Buyers,-2.12624576159332,-1.2402879541884173
C1273,Individual,Gerald,Jordan,5/13/1968,M,Canada,Alberta,Home,5,No,Website,1968-05-13,58,3,1462080.32,487360.1066666667,584971.87,1592.1233333333332,4776.37,3,2024-01-02,2025-01-12,100.0,0.0,Apartment,376,0,3,0,High-Value / Luxury Investors,2.6766390518729026,-0.6392464953335767
C1274,Individual,Linda,Jones,07-09-1979,F,USA,California,Investment,1,Yes,Website,1979-07-09,47,3,1038831.85,346277.2833333334,514067.14,1193.7733333333333,3581.32,3,2024-01-01,2025-01-11,100.0,0.0,Apartment,376,1,0,2,Global Investors,-0.6465520261743346,1.0470359979004966
C1275,Individual,Jessica,Roberts,2/26/1969,F,USA,Georgia,Investment,1,No,Website,1969-02-26,57,4,1737593.0,434398.25,567459.84,1312.8225,5251.29,4,2024-01-01,2025-01-10,75.0,25.0,Apartment,375,0,0,2,Global Investors,1.7009544475692244,1.1395572867312695
C1276,Individual,Arthur,Griffin,03-09-1940,M,Australia,Victoria,Home,1,Yes,Agency,1940-03-09,86,3,1635917.97,545305.99,569679.58,1754.9366666666667,5264.81,3,2024-01-07,2025-01-03,33.33333333333333,66.66666666666666,Office,362,1,3,0,High-Value / Luxury Investors,3.8190134027649165,-0.7009306610976388
C1277,Individual,Lauren,Griffin,04-01-1981,F,USA,California,Investment,2,No,Agency,1981-04-01,45,3,1270250.68,423416.8933333333,534790.76,1267.4066666666668,3802.22,3,2024-01-12,2025-01-12,66.66666666666666,33.33333333333333,Apartment,366,0,0,2,Global Investors,0.5712555317775131,1.0995499927430386
C1278,Individual,Arthur,Griffin,7/25/1997,M,USA,Utah,Home,4,No,Website,1997-07-25,29,3,685587.81,228529.27,366304.94,791.0400000000001,2373.1200000000003,3,2024-01-05,2025-01-05,100.0,0.0,Apartment,366,0,1,1,Home-Focused / First-Time Buyers,-2.8377536561580428,-0.9285429038459357
C1279,Individual,Peter,Martin,10-12-1943,M,USA,California,Home,4,Yes,Website,1943-10-12,82,3,1278123.59,426041.1966666667,498957.88,1366.5633333333335,4099.6900000000005,3,2024-01-05,2025-01-07,100.0,0.0,Apartment,368,1,3,0,High-Value / Luxury Investors,1.300235072011679,-0.8735129629652923
C1280,Individual,Jacob,Bennett,9/19/1953,M,USA,Texas,Home,2,Yes,Website,1953-09-19,73,3,1295836.68,431945.56,522661.73,1445.2933333333333,4335.88,3,2024-01-07,2025-01-06,100.0,0.0,Apartment,365,1,3,0,High-Value / Luxury Investors,1.5353951014441982,-0.801139524018478
C1281,Individual,Deborah,Edwards,06-12-1998,F,Canada,Manitoba,Investment,2,Yes,Website,1998-06-12,28,3,889312.14,296437.38,372974.76,899.9899999999999,2699.97,3,2024-01-02,2025-01-10,100.0,0.0,Apartment,374,1,0,2,Global Investors,-2.073750648255331,1.076738475877078
C1282,Individual,Ashley,Taylor,5/18/1996,F,USA,Colorado,Investment,3,Yes,Agency,1996-05-18,30,4,1302998.6,325749.65,387508.03,1155.47,4621.88,4,2024-01-03,2025-01-09,100.0,0.0,Apartment,372,1,0,2,Global Investors,-0.3066399647040645,1.2640305611023221
C1283,Individual,Janice,Collins,11-08-1945,F,USA,New York,Home,3,No,Agency,1945-11-08,80,4,1479050.94,369762.735,705490.95,1185.59,4742.36,4,2024-01-01,2025-01-05,50.0,50.0,Apartment,370,0,3,0,High-Value / Luxury Investors,0.854373048340776,-0.9588929414474999
C1284,Individual,Patrick,Bennett,10/16/1955,M,USA,California,Home,2,No,Website,1955-10-16,70,4,1443865.51,360966.3775,575967.88,1111.6475,4446.59,4,2024-01-08,2025-01-12,75.0,25.0,Apartment,370,0,3,0,High-Value / Luxury Investors,0.5011433151737579,-0.9214888309226524
C1285,Individual,Steven,Cox,03-02-1954,M,USA,Utah,Home,4,Yes,Website,1954-03-02,72,3,1609592.58,536530.86,634786.2,1680.5266666666666,5041.58,3,2024-01-06,2025-01-11,66.66666666666666,33.33333333333333,Apartment,371,1,3,0,High-Value / Luxury Investors,3.5396603742838133,-0.5888422409506047
C1286,Individual,Stephen,Evans,07-10-1963,M,USA,California,Home,5,No,Agency,1963-07-10,63,3,1203306.91,401102.3033333333,558250.19,1192.5933333333332,3577.78,3,2024-01-05,2025-01-03,100.0,0.0,Apartment,364,0,3,0,High-Value / Luxury Investors,0.5201440128749649,-0.8733998862111945
C1287,Individual,Diane,Hughes,04-07-1998,F,USA,California,Investment,4,No,Website,1998-04-07,28,3,843581.37,281193.79,473066.31,901.6266666666668,2704.88,3,2025-01-05,2025-01-10,33.33333333333333,66.66666666666666,Office,5,0,0,2,Global Investors,-2.2229247653393536,0.9919590592198952
C1288,Individual,Sean,Cooper,1/20/1941,M,Belgium,Wallonia,Home,3,No,Agency,1941-01-20,85,3,971136.69,323712.23000000004,408970.7,1155.4633333333334,3466.39,3,2024-01-06,2025-01-12,100.0,0.0,Apartment,372,0,1,1,Home-Focused / First-Time Buyers,-0.5810993769604527,-1.1695311503312382
C1289,Individual,Samuel,Freeman,7/26/1973,M,Mexico,Jalisco,Investment,1,Yes,Agency,1973-07-26,53,4,1076161.86,269040.465,501437.39,854.58,3418.32,4,2024-01-05,2025-01-07,100.0,0.0,Apartment,368,1,0,2,Global Investors,-1.9158026819603406,0.9191126363026315
C1290,Individual,Teresa,Long,10/24/1973,F,USA,Washington,Home,3,Yes,Website,1973-10-24,52,4,1332432.91,333108.22750000004,498675.17,1195.1875,4780.75,4,2024-01-08,2025-01-12,100.0,0.0,Apartment,370,1,1,0,Home-Focused / First-Time Buyers,0.2938139484295198,-0.7077835913630387
C1291,Individual,Paul,Johnson,11-09-1983,M,USA,California,Investment,5,Yes,Website,1983-11-09,42,3,1123403.46,374467.82,493844.01,1240.6066666666666,3721.82,3,2024-01-03,2025-01-04,100.0,0.0,Apartment,367,1,0,2,Global Investors,-0.09864382332604113,1.1737353179378047
C1292,Individual,Jordan,Evans,5/22/1977,M,USA,Texas,Investment,5,Yes,Website,1977-05-22,49,4,1099365.94,274841.485,398499.79,1000.415,4001.66,4,2024-01-09,2025-01-08,75.0,25.0,Apartment,365,1,0,2,Global Investors,-1.3888964673185205,1.032278464098968
C1293,Individual,Anna,Wright,08-01-1972,F,USA,California,Home,1,No,Agency,1972-08-01,54,4,1853570.08,463392.52,545279.84,1552.15,6208.6,4,2024-01-06,2025-01-04,75.0,25.0,Apartment,364,0,3,0,High-Value / Luxury Investors,3.0996051228748436,-0.5658531711311915
C1294,Individual,Henry,Davis,02-09-1963,M,Canada,Ontario,Investment,3,Yes,Agency,1963-02-09,63,3,1220533.28,406844.4266666667,466941.91,1371.6133333333337,4114.84,3,2024-01-03,2024-01-08,100.0,0.0,Apartment,5,1,0,2,Global Investors,0.6624433396987132,1.06068198770864
C1295,Individual,Anna,Bryant,4/21/1992,F,USA,California,Investment,1,Yes,Website,1992-04-21,34,4,1478836.57,369709.1425,555296.53,1202.265,4809.06,4,2024-01-02,2024-01-06,100.0,0.0,Apartment,4,1,0,2,Global Investors,0.42660364494221537,1.285745383493592
C1296,Individual,Keith,Hughes,06-02-1963,M,USA,Virginia,Home,1,No,Website,1963-06-02,63,3,1025127.71,341709.23666666663,398516.06,1089.46,3268.38,3,2024-01-03,2024-01-08,66.66666666666666,33.33333333333333,Apartment,5,0,1,1,Home-Focused / First-Time Buyers,-0.5874596540098737,-1.0134240773161964
C1297,Company,Vertex,Co,09-06-1983,M,Germany,Berlin,Home,5,No,Website,1983-09-06,43,3,1169866.19,389955.39666666667,475302.44,1267.4066666666668,3802.22,3,2024-01-01,2025-01-11,66.66666666666666,33.33333333333333,Apartment,376,0,2,3,Corporate Buyers,0.34866554047825843,4.307449815068942
C1298,Individual,Margaret,Taylor,08-04-1968,F,USA,California,Home,2,No,Agency,1968-08-04,58,4,1571360.11,392840.0275,531754.05,1276.8225,5107.29,4,2024-01-03,2025-01-10,100.0,0.0,Apartment,373,0,3,0,High-Value / Luxury Investors,1.3777711670549613,-0.747536222890154
C1299,Individual,Karen,James,05-05-1944,F,USA,California,Investment,3,No,Website,1944-05-05,82,3,1296600.42,432200.14,592203.73,1440.1933333333334,4320.58,3,2024-01-05,2024-01-07,100.0,0.0,Apartment,2,0,0,2,Global Investors,1.2104128547029034,0.874730205875774
C1300,Individual,Judith,Collins,01-06-1961,F,USA,California,Home,2,No,Website,1961-01-06,65,3,1428770.88,476256.96,608055.99,1451.5366666666669,4354.610000000001,3,2024-01-05,2025-01-05,33.33333333333333,66.66666666666666,Office,366,0,3,0,High-Value / Luxury Investors,2.125058155127571,-0.7693565183963832
C1301,Individual,Benjamin,Hayes,12/17/1955,M,USA,Virginia,Home,2,No,Agency,1955-12-17,70,3,742139.88,247379.96,361857.17,851.8699999999999,2555.61,3,2024-01-01,2024-01-08,66.66666666666666,33.33333333333333,Apartment,7,0,1,1,Home-Focused / First-Time Buyers,-2.405207524347641,-1.2274391223846954
C1302,Individual,Jerry,Anderson,4/19/1996,M,USA,Arizona,Investment,5,No,Website,1996-04-19,30,4,1709532.6,427383.15,562560.39,1486.3275,5945.31,4,2024-01-06,2024-01-09,75.0,25.0,Apartment,3,0,0,2,Global Investors,2.0790439386525934,1.4167395006777506
C1303,Individual,Christian,Miller,8/22/1962,M,USA,Arizona,Home,3,Yes,Website,1962-08-22,64,3,979418.98,326472.99333333335,461029.16,1106.3533333333332,3319.06,3,2024-01-08,2025-01-07,100.0,0.0,Apartment,365,1,1,1,Home-Focused / First-Time Buyers,-0.7164215530679547,-0.9284122037139353
C1304,Individual,Angela,Cook,06-08-1985,F,USA,California,Investment,1,No,Website,1985-06-08,41,3,965747.81,321915.9366666667,399943.02,1049.38,3148.14,3,2024-01-01,2025-01-04,100.0,0.0,Apartment,369,0,0,2,Global Investors,-1.3387870606790393,0.9438847555851091
C1305,Individual,Catherine,Anderson,9/17/1978,F,USA,Georgia,Home,4,No,Website,1978-09-17,47,4,1034190.9,258547.725,354247.08,853.07,3412.28,4,2024-01-11,2025-01-10,100.0,0.0,Apartment,365,0,1,1,Home-Focused / First-Time Buyers,-1.663995596684371,-0.9277247966266244
C1306,Individual,Kathleen,Morales,3/18/1948,F,USA,Washington,Home,5,No,Website,1948-03-18,78,3,967094.76,322364.92,448817.69,1090.7733333333333,3272.32,3,2024-01-05,2025-01-05,66.66666666666666,33.33333333333333,Apartment,366,0,1,1,Home-Focused / First-Time Buyers,-0.7448132362703632,-1.1102827116383858
C1307,Individual,Rachel,Rogers,2/14/1993,F,USA,Colorado,Home,5,No,Agency,1993-02-14,33,3,920439.02,306813.00666666665,357710.2,1012.96,3038.88,3,2024-01-08,2025-01-11,100.0,0.0,Apartment,369,0,1,1,Home-Focused / First-Time Buyers,-1.218736133364085,-0.8014285764751659
C1308,Individual,Timothy,Sanders,03-04-2000,M,USA,California,Investment,5,No,Agency,2000-03-04,26,4,1363559.13,340889.7825,599958.23,1042.1975,4168.79,4,2024-01-10,2025-01-12,75.0,25.0,Apartment,368,0,0,2,Global Investors,-0.3448504199886996,1.2262321924977
C1309,Individual,David,Reyes,12-06-1999,M,USA,California,Home,5,No,Website,1999-12-06,26,3,1460171.41,486723.8033333334,541188.53,1674.54,5023.62,3,2024-01-05,2025-01-07,100.0,0.0,Apartment,368,0,3,0,High-Value / Luxury Investors,2.835163094698481,-0.3765741081701108
C1310,Individual,Ann,Roberts,05-04-1955,F,USA,New York,Home,5,No,Agency,1955-05-04,71,4,1244334.14,311083.53500000003,411257.15,1077.195,4308.78,4,2024-01-01,2024-01-12,100.0,0.0,Apartment,11,0,1,1,Home-Focused / First-Time Buyers,-0.26138657158392725,-0.9768459076363368
C1311,Individual,Christopher,Ward,8/14/1940,M,UK,England,Home,4,Yes,Client,1940-08-14,86,3,1352275.64,450758.5466666667,660723.3,1330.2166666666667,3990.65,3,2024-01-01,2025-01-08,100.0,0.0,Apartment,373,1,3,0,High-Value / Luxury Investors,1.5319335391418578,-0.8807971136179087
C1312,Individual,Timothy,Stone,09-03-1942,M,USA,New York,Home,5,No,Website,1942-09-03,84,3,786877.06,262292.35333333333,375142.73,801.46,2404.38,3,2024-01-01,2025-01-05,100.0,0.0,Apartment,370,0,1,1,Home-Focused / First-Time Buyers,-2.2717743921829103,-1.2950786053995764
C1313,Individual,Heather,Reed,3/17/1972,F,Australia,Western Australia,Investment,3,No,Website,1972-03-17,54,3,997579.61,332526.5366666667,408030.78,1138.4233333333334,3415.27,3,2024-01-07,2025-01-09,100.0,0.0,Apartment,368,0,0,2,Global Investors,-0.914744400703242,0.8980696644462661
C1314,Individual,Rachel,Miller,9/17/1964,F,USA,Arizona,Home,3,No,Website,1964-09-17,61,3,803329.23,267776.41,446138.39,1037.11,3111.33,3,2024-01-01,2024-01-12,100.0,0.0,Apartment,11,0,1,1,Home-Focused / First-Time Buyers,-1.6529599893219378,-1.0817780240542445
C1315,Individual,Joshua,Garcia,12/24/1948,M,USA,Colorado,Home,3,No,Agency,1948-12-24,77,3,1066308.48,355436.16,500985.77,1136.21,3408.63,3,2024-01-04,2025-01-09,100.0,0.0,Apartment,371,0,1,1,Home-Focused / First-Time Buyers,-0.23208931860416493,-1.0721331589006315
C1316,Individual,Emma,King,05-09-1993,F,USA,Colorado,Home,2,Yes,Website,1993-05-09,33,4,1238162.97,309540.7425,476167.41,1052.8325,4211.33,4,2024-01-03,2025-01-12,100.0,0.0,Apartment,375,1,1,1,Home-Focused / First-Time Buyers,-0.46659786390024616,-0.6374654398931281
C1317,Company,Atlas,Co,11/27/1973,M,USA,Utah,Home,2,Yes,Website,1973-11-27,52,3,1315200.12,438400.04,510290.62,1460.493333333333,4381.48,3,2024-01-08,2025-01-03,100.0,0.0,Apartment,361,1,2,3,Corporate Buyers,1.4348124988444455,4.396753717113267
C1318,Individual,William,Montgomery,1/18/1943,M,USA,Texas,Home,1,No,Website,1943-01-18,83,4,1423923.98,355980.995,453584.44,1169.615,4678.46,4,2024-01-02,2025-01-04,75.0,25.0,Apartment,368,0,3,0,High-Value / Luxury Investors,0.5833694971335333,-1.0265364924869054
C1319,Individual,Grace,James,8/17/1954,F,USA,Florida,Home,3,Yes,Client,1954-08-17,72,4,1424704.13,356176.0325,477046.12,1227.645,4910.58,4,2024-01-05,2025-01-03,100.0,0.0,Apartment,364,1,3,0,High-Value / Luxury Investors,0.7442095161982109,-0.820931839376849
C1320,Individual,Peter,Reyes,05-03-1969,M,USA,California,Investment,1,No,Website,1969-05-03,57,3,1077693.04,359231.01333333337,429318.55,1129.1766666666665,3387.53,3,2024-01-03,2024-01-11,100.0,0.0,Apartment,8,0,0,2,Global Investors,-0.6215554748139559,0.8856075297088949
C1321,Individual,Christopher,Reed,09-11-1990,M,USA,Colorado,Investment,5,No,Client,1990-09-11,35,3,787847.37,262615.79,334266.66,853.8133333333334,2561.44,3,2024-01-02,2024-01-07,100.0,0.0,Apartment,5,0,0,2,Global Investors,-2.5615124879304574,0.9149694233635368
C1322,Individual,Barbara,Reyes,12/26/1994,F,USA,California,Home,5,No,Agency,1994-12-26,31,3,1094026.34,364675.4466666666,461651.6,1255.12,3765.36,3,2024-01-06,2025-01-04,100.0,0.0,Apartment,364,0,1,0,Home-Focused / First-Time Buyers,0.16231247621705072,-0.660350255703128
C1323,Individual,Nicholas,Moore,7/28/1963,M,USA,Utah,Home,3,No,Website,1963-07-28,63,4,1180654.6,295163.65,496038.87,975.4225,3901.69,4,2024-01-10,2025-01-10,100.0,0.0,Apartment,366,0,1,0,Home-Focused / First-Time Buyers,-0.8046364721637366,-0.9817369025709225
C1324,Individual,Carl,Edwards,4/21/1992,M,USA,Arizona,Investment,2,Yes,Agency,1992-04-21,34,3,1323306.51,441102.17,487388.83,1471.62,4414.860000000001,3,2024-01-06,2025-01-09,100.0,0.0,Apartment,369,1,0,2,Global Investors,1.3074257535340497,1.3376961796559748
C1325,Individual,George,Jones,12-09-1974,M,Canada,Alberta,Home,5,Yes,Agency,1974-12-09,51,4,1380292.56,345073.14,448348.86,1098.1675,4392.67,4,2024-01-05,2025-01-06,100.0,0.0,Apartment,367,1,1,0,Home-Focused / First-Time Buyers,0.24592119775490867,-0.6825994972316838
C1326,Individual,Brandon,Mitchell,5/22/1944,M,USA,Colorado,Investment,4,No,Website,1944-05-22,82,4,1489578.01,372394.5025,578726.68,1239.145,4956.58,4,2024-01-08,2025-01-02,75.0,25.0,Apartment,360,0,0,2,Global Investors,0.6963993102967511,0.8739716565334493
C1327,Individual,Betty,Carter,5/14/1993,F,USA,California,Home,4,Yes,Website,1993-05-14,33,3,664017.81,221339.27,294967.99,775.5666666666666,2326.7,3,2024-01-03,2025-01-06,100.0,0.0,Apartment,369,1,1,1,Home-Focused / First-Time Buyers,-2.976064578190718,-0.884625159115402
C1328,Individual,Sandra,Cooper,7/23/1956,F,USA,Washington,Home,4,No,Website,1956-07-23,70,4,1337283.29,334320.8225,477048.94,1173.8125,4695.25,4,2024-01-12,2025-01-12,100.0,0.0,Apartment,366,0,1,1,Home-Focused / First-Time Buyers,0.31044474438537756,-0.9252797003804611
C1329,Individual,Scott,Parker,4/28/1968,M,USA,California,Investment,3,Yes,Agency,1968-04-28,58,3,1041797.56,347265.85333333333,457406.52,1127.15,3381.45,3,2024-01-03,2024-01-12,100.0,0.0,Apartment,9,1,0,2,Global Investors,-0.7575690990479641,0.9706613557238574
C1330,Individual,Kelly,James,05-02-1975,F,USA,Colorado,Investment,2,No,Agency,1975-05-02,51,4,835096.87,208774.2175,237035.97,699.545,2798.18,4,2024-01-04,2025-01-01,75.0,25.0,Apartment,363,0,0,2,Global Investors,-3.1720992982625367,0.7373347399301547
C1331,Individual,Christina,Bennett,10-06-1986,F,USA,California,Investment,1,No,Agency,1986-10-06,39,3,1047958.11,349319.37,512206.73,1113.29,3339.87,3,2024-01-10,2025-01-11,0.0,100.0,Office,367,0,0,2,Global Investors,-0.8191484067720362,1.0077780997062125
C1332,Individual,Michael,Howard,12-11-1995,M,USA,Washington,Investment,5,Yes,Agency,1995-12-11,30,3,1227353.63,409117.87666666665,463019.11,1350.493333333333,4051.48,3,2024-01-02,2024-01-08,100.0,0.0,Apartment,6,1,0,2,Global Investors,0.6200208628891738,1.3335216624618955
C1333,Individual,Jack,Hansen,3/27/1988,M,USA,Nevada,Investment,2,Yes,Website,1988-03-27,38,4,1364310.45,341077.6125,521531.29,1146.9925,4587.97,4,2024-01-04,2024-01-12,75.0,25.0,Apartment,8,1,0,2,Global Investors,-0.11084311260969282,1.2123161501803632
C1334,Individual,Victoria,Nelson,12-08-1965,F,USA,California,Home,5,Yes,Agency,1965-12-08,60,4,1906641.78,476660.445,586460.03,1552.15,6208.6,4,2024-01-04,2025-01-12,75.0,25.0,Apartment,374,1,3,0,High-Value / Luxury Investors,3.358078356578395,-0.4631769329124242
C1335,Individual,Elizabeth,Hall,05-01-1982,F,USA,Oregon,Investment,2,Yes,Website,1982-05-01,44,3,1001510.58,333836.86000000004,565457.28,1070.1933333333334,3210.58,3,2024-01-04,2025-01-05,100.0,0.0,Apartment,367,1,0,2,Global Investors,-1.1189467602195498,1.038156772956243
C1336,Individual,Joyce,Thompson,12-09-1948,F,USA,California,Home,5,No,Client,1948-12-09,77,4,1371591.4,342897.85,469331.42,1182.3725,4729.49,4,2024-01-06,2025-01-07,75.0,25.0,Apartment,367,0,3,1,High-Value / Luxury Investors,0.4848930086403466,-0.9541404145561962
C1337,Individual,Jennifer,Johnson,9/20/1953,F,USA,California,Investment,5,No,Website,1953-09-20,72,4,1310989.71,327747.4275,472750.27,1073.905,4295.62,4,2024-01-07,2025-01-02,75.0,25.0,Apartment,361,0,0,2,Global Investors,-0.3826217755496558,0.8610327097250482
C1338,Individual,Christine,James,12-01-1968,F,USA,California,Home,2,Yes,Website,1968-12-01,57,3,1096818.64,365606.2133333333,596755.57,1169.0466666666669,3507.1400000000003,3,2024-01-03,2025-01-04,100.0,0.0,Apartment,367,1,1,0,Home-Focused / First-Time Buyers,-0.07223872252906544,-0.8221742506043491
C1339,Company,Rexon,Co,2/24/1961,M,USA,Nevada,Home,4,Yes,Website,1961-02-24,65,4,1532340.63,383085.1575,480760.06,1338.9,5355.6,4,2024-01-03,2025-01-08,75.0,25.0,Apartment,371,1,2,3,Corporate Buyers,1.2400976836464799,4.331646243394863
C1340,Company,Forsyte,Co,12-05-1988,M,USA,Colorado,Home,5,No,Website,1988-12-05,37,4,1746049.93,436512.4825,528732.35,1421.465,5685.860000000001,4,2024-01-06,2025-01-12,75.0,25.0,Apartment,372,0,2,3,Corporate Buyers,2.216733813773355,4.565198548824979
C1341,Individual,Julie,Cox,9/23/1952,F,USA,Colorado,Home,5,Yes,Website,1952-09-23,73,3,756694.8300000001,252231.61,432814.05,952.2633333333332,2856.79,3,2024-01-02,2024-01-11,100.0,0.0,Apartment,9,1,1,1,Home-Focused / First-Time Buyers,-2.0352723764633165,-1.1036331514236077
C1342,Individual,Maria,Griffin,2/21/1964,F,USA,California,Home,1,Yes,Agency,1964-02-21,62,3,922722.19,307574.0633333333,392025.92,1003.3133333333334,3009.94,3,2024-01-03,2025-01-01,100.0,0.0,Apartment,364,1,1,1,Home-Focused / First-Time Buyers,-1.2678295911579895,-0.9805554271026572
C1343,Individual,Megan,Turner,3/13/1995,F,Canada,Ontario,Home,5,No,Agency,1995-03-13,31,3,1005148.64,335049.54666666663,503297.17,1161.5433333333333,3484.63,3,2024-01-06,2025-01-10,100.0,0.0,Apartment,370,0,1,1,Home-Focused / First-Time Buyers,-0.46680858203092856,-0.7181340601917202
C1344,Individual,Carl,Phillips,5/24/1974,M,USA,Florida,Home,1,No,Agency,1974-05-24,52,4,1319490.92,329872.73,531318.81,1139.4675,4557.87,4,2024-01-06,2025-01-10,100.0,0.0,Apartment,370,0,1,0,Home-Focused / First-Time Buyers,0.07808725901178384,-0.8328489965595213
C1345,Individual,Mary,Parker,4/25/1956,F,USA,Texas,Home,5,No,Website,1956-04-25,70,3,942467.41,314155.80333333334,476279.51,1049.3066666666666,3147.92,3,2024-01-01,2025-01-09,66.66666666666666,33.33333333333333,Apartment,374,0,1,1,Home-Focused / First-Time Buyers,-0.971978602934353,-1.0682555420914428
C1346,Company,Triton,Co,3/18/1987,F,USA,Colorado,Investment,4,No,Agency,1987-03-18,39,3,1037623.39,345874.4633333334,402065.13,1088.5866666666668,3265.76,3,2024-01-01,2024-01-04,33.33333333333333,66.66666666666666,Office,3,0,2,3,Corporate Buyers,-1.070036743509497,6.055165568861684
C1347,Individual,Mark,James,2/13/1956,M,USA,Washington,Home,2,No,Client,1956-02-13,70,3,1001705.48,333901.82666666666,375916.09,1090.9466666666667,3272.84,3,2024-01-04,2025-01-02,100.0,0.0,Apartment,364,0,1,1,Home-Focused / First-Time Buyers,-0.6573606716625875,-1.0660954880918219
C1348,Individual,Peter,Harris,7/16/1998,M,USA,Oregon,Home,4,Yes,Client,1998-07-16,28,3,1021309.93,340436.6433333333,398340.41,1186.05,3558.15,3,2025-01-04,2025-01-09,100.0,0.0,Apartment,5,1,1,0,Home-Focused / First-Time Buyers,-0.3648742739181035,-0.6065214780107624
C1349,Individual,Joyce,Johnson,2/14/1982,F,USA,Virginia,Investment,3,No,Website,1982-02-14,44,3,773186.34,257728.78,313612.06,952.0733333333334,2856.2200000000003,3,2024-01-07,2025-01-01,66.66666666666666,33.33333333333333,Apartment,360,0,0,2,Global Investors,-2.3878204752250034,0.8397503569529832
C1350,Individual,Julia,King,5/17/1991,F,Germany,Hamburg,Home,5,No,Website,1991-05-17,35,4,743296.88,185824.22,213732.45,632.215,2528.86,4,2024-01-09,2025-01-09,100.0,0.0,Apartment,366,0,1,1,Home-Focused / First-Time Buyers,-3.299272871414902,-0.9779318853821947
C1351,Individual,Judith,Long,6/24/1987,F,Australia,South Australia,Home,2,No,Client,1987-06-24,39,4,1400457.41,350114.3525,482951.02,1234.8075,4939.2300000000005,4,2024-01-01,2025-01-11,100.0,0.0,Apartment,376,0,3,0,High-Value / Luxury Investors,0.6184238627824793,-0.6725391985001625
C1352,Individual,Benjamin,Gray,3/16/1989,M,USA,California,Home,2,Yes,Agency,1989-03-16,37,3,1535963.18,511987.7266666666,629513.2,1635.6233333333332,4906.87,3,2024-01-03,2025-01-07,66.66666666666666,33.33333333333333,Apartment,370,1,3,0,High-Value / Luxury Investors,3.0167720181431403,-0.3822385726339249
C1353,Individual,Debra,Jackson,10/15/1997,F,Canada,Alberta,Home,1,No,Agency,1997-10-15,28,3,532598.24,177532.74666666667,256968.41,564.01,1692.03,3,2024-01-06,2025-01-02,100.0,0.0,Apartment,362,0,1,1,Home-Focused / First-Time Buyers,-4.145201806440797,-1.06648528094492
C1354,Individual,Patrick,Johnson,04-09-1941,M,USA,Florida,Home,5,No,Website,1941-04-09,85,3,1545799.94,515266.64666666667,693830.82,1685.2766666666666,5055.83,3,2025-01-01,2025-01-12,66.66666666666666,33.33333333333333,Apartment,11,0,3,0,High-Value / Luxury Investors,3.3235205332124242,-0.7909735666887482
C1355,Individual,Shirley,Owens,11/22/1966,F,USA,California,Investment,2,Yes,Client,1966-11-22,59,3,1245446.7799999998,415148.9266666666,565996.94,1523.6933333333334,4571.08,3,2025-01-05,2025-01-11,66.66666666666666,33.33333333333333,Apartment,6,1,0,2,Global Investors,1.1450535449609254,1.1242295357228418
C1356,Individual,Jonathan,Morales,3/26/1994,M,USA,Oregon,Investment,4,No,Agency,1994-03-26,32,3,1490237.62,496745.87333333335,615554.68,1648.5966666666666,4945.79,3,2024-01-05,2025-01-06,100.0,0.0,Apartment,367,0,0,2,Global Investors,2.5334968393205965,1.3960073086732447
C1357,Individual,Danielle,Patterson,03-01-1987,F,USA,California,Home,5,Yes,Website,1987-03-01,39,3,1077383.54,359127.8466666667,617600.77,1104.51,3313.53,3,2024-01-07,2025-01-04,100.0,0.0,Apartment,363,1,1,0,Home-Focused / First-Time Buyers,-0.3020687565523312,-0.6743361307716478
C1358,Individual,Gregory,Taylor,01-05-1943,M,USA,Texas,Home,4,No,Agency,1943-01-05,83,3,965180.83,321726.9433333333,442609.68,1078.7866666666666,3236.36,3,2024-01-12,2025-01-12,66.66666666666666,33.33333333333333,Apartment,366,0,1,1,Home-Focused / First-Time Buyers,-0.7936439616166944,-1.1626864686368543
C1359,Individual,Gary,Owens,7/25/1975,M,USA,Virginia,Home,3,No,Agency,1975-07-25,51,4,1381335.3,345333.825,558406.39,1093.05,4372.2,4,2024-01-03,2024-01-07,100.0,0.0,Apartment,4,0,1,0,Home-Focused / First-Time Buyers,0.21332832947987765,-0.7916488932169762
C1360,Individual,Billy,Nelson,11/27/1990,M,USA,Virginia,Home,4,No,Agency,1990-11-27,35,3,1001006.54,333668.8466666667,490050.27,1111.2966666666666,3333.89,3,2024-01-06,2025-01-11,100.0,0.0,Apartment,371,0,1,1,Home-Focused / First-Time Buyers,-0.6268769219589381,-0.7720924108531695
C1361,Individual,Ashley,Owens,7/21/1943,F,USA,California,Home,3,No,Client,1943-07-21,83,4,1529260.3,382315.075,425691.8,1296.5625,5186.25,4,2024-01-01,2024-01-07,75.0,25.0,Apartment,6,0,3,0,High-Value / Luxury Investors,1.3315079884415542,-0.9397375853804707
C1362,Individual,Laura,Jordan,4/13/1965,F,USA,California,Investment,1,Yes,Agency,1965-04-13,61,4,993131.84,248282.96,443196.31,894.905,3579.62,4,2024-01-02,2025-01-07,100.0,0.0,Apartment,371,1,0,2,Global Investors,-2.099570943099481,0.8364511761465678
C1363,Individual,James,Stone,06-04-1981,M,USA,Georgia,Home,5,Yes,Agency,1981-06-04,45,4,1109919.36,277479.84,468875.36,942.035,3768.14,4,2024-01-01,2025-01-04,75.0,25.0,Apartment,369,1,1,1,Home-Focused / First-Time Buyers,-1.1532341189064967,-0.7680445640115044
C1364,Individual,Andrea,Watson,12/23/1998,F,USA,California,Investment,1,No,Website,1998-12-23,27,4,1201578.93,300394.7325,375792.14,1120.62,4482.48,4,2024-01-01,2024-01-09,100.0,0.0,Apartment,8,0,0,2,Global Investors,-0.7935761353717476,1.1345524823108668
C1365,Individual,Tiffany,Sanders,3/16/1969,F,Belgium,Brussels,Investment,5,Yes,Website,1969-03-16,57,4,1443894.02,360973.505,549656.89,1260.0625,5040.25,4,2025-01-04,2025-01-06,100.0,0.0,Apartment,2,1,0,2,Global Investors,0.5532980838974038,1.1515887395934703
C1366,Individual,George,Thompson,7/27/1995,M,USA,California,Home,1,No,Website,1995-07-27,31,3,1488525.13,496175.0433333333,568157.47,1678.6133333333337,5035.84,3,2024-01-03,2024-01-11,100.0,0.0,Apartment,8,0,3,0,High-Value / Luxury Investors,2.9087578325836954,-0.44458643702633927
C1367,Individual,Stephanie,Jordan,01-11-1953,F,Germany,Berlin,Home,2,No,Client,1953-01-11,73,3,1035889.5,345296.5,511596.53,1124.5,3373.5,3,2024-01-02,2025-01-04,66.66666666666666,33.33333333333333,Apartment,368,0,1,1,Home-Focused / First-Time Buyers,-0.4171911952205996,-1.0674259330589704
C1368,Individual,Jose,Gray,11/22/1947,M,USA,California,Home,5,Yes,Client,1947-11-22,78,4,1378979.49,344744.8725,508149.11,1042.6625,4170.65,4,2024-01-01,2025-01-05,50.0,50.0,Apartment,370,1,1,0,Home-Focused / First-Time Buyers,0.13714309964676402,-0.9023425820575542
C1369,Individual,Peter,Garcia,10-07-1983,M,France,Brittany,Home,4,Yes,Agency,1983-10-07,42,4,1615394.12,403848.53,581627.97,1338.9,5355.6,4,2024-01-03,2025-01-12,100.0,0.0,Apartment,375,1,3,0,High-Value / Luxury Investors,1.6986096260715262,-0.4870514101699404
C1370,Individual,Frank,Evans,06-04-1965,M,USA,Colorado,Investment,1,No,Agency,1965-06-04,61,4,834659.23,208664.8075,234080.49,700.7825,2803.13,4,2024-01-06,2025-01-08,100.0,0.0,Apartment,368,0,0,2,Global Investors,-3.17202677908784,0.650067717177042
C1371,Individual,Timothy,Thomas,6/19/1989,M,UK,England,Home,2,Yes,Website,1989-06-19,37,4,1036681.19,259170.2975,312372.65,948.835,3795.34,4,2024-01-11,2025-01-12,100.0,0.0,Apartment,367,1,1,1,Home-Focused / First-Time Buyers,-1.4640186317003325,-0.7634844453430467
C1372,Individual,Lisa,Turner,11/21/1981,F,USA,Washington,Investment,2,No,Website,1981-11-21,44,3,874872.8,291624.26666666666,394401.98,1049.3066666666666,3147.92,3,2024-01-07,2024-01-12,100.0,0.0,Apartment,5,0,0,2,Global Investors,-1.7105682348646802,0.8931113880970445
C1373,Individual,Melissa,Evans,10-11-1992,F,USA,California,Home,3,Yes,Website,1992-10-11,33,3,1275663.27,425221.09,609943.05,1221.6766666666665,3665.03,3,2024-01-04,2025-01-03,100.0,0.0,Apartment,365,1,3,0,High-Value / Luxury Investors,0.819066350035712,-0.5404584573195719
C1374,Company,Quasar,Co,1/25/1990,M,France,Ile-de-France,Home,3,Yes,Agency,1990-01-25,36,3,1230590.28,410196.76,525078.29,1321.5233333333333,3964.57,3,2024-01-06,2025-01-11,66.66666666666666,33.33333333333333,Apartment,371,1,2,3,Corporate Buyers,0.6978379715326359,4.46436645562297
C1375,Individual,Carolyn,Flores,11/22/1972,F,USA,California,Investment,4,Yes,Agency,1972-11-22,53,4,1097182.39,274295.59750000003,385581.71,987.505,3950.02,4,2024-01-06,2025-01-07,75.0,25.0,Apartment,367,1,0,2,Global Investors,-1.441318052706502,0.9873692244527645
C1376,Individual,Carolyn,Edwards,6/23/1987,F,USA,Arizona,Investment,3,Yes,Agency,1987-06-23,39,3,1272387.2999999998,424129.0999999999,540188.44,1493.243333333333,4479.73,3,2025-01-04,2025-01-08,66.66666666666666,33.33333333333333,Apartment,4,1,0,2,Global Investors,1.168235624833896,1.2931348067912116
C1377,Individual,Laura,Long,01-04-1984,F,USA,Utah,Investment,2,No,Website,1984-01-04,42,3,828441.4099999999,276147.13666666666,333823.75,862.1066666666666,2586.32,3,2024-01-09,2025-01-10,100.0,0.0,Apartment,367,0,0,2,Global Investors,-2.40407111996676,0.8483064903645431
C1378,Individual,Maria,Morales,11/19/1976,F,USA,California,Investment,1,No,Website,1976-11-19,49,3,1399739.87,466579.9566666667,657622.51,1464.8466666666666,4394.54,3,2025-01-02,2025-01-08,100.0,0.0,Apartment,6,0,0,2,Global Investors,1.6369518414891449,1.1556538586551572
C1379,Individual,Kevin,Gray,06-11-1970,M,UK,Scotland,Home,2,No,Website,1970-06-11,56,3,827767.69,275922.5633333333,353529.48,1077.3233333333335,3231.9700000000003,3,2024-01-01,2024-01-10,100.0,0.0,Apartment,9,0,1,1,Home-Focused / First-Time Buyers,-1.4665394082065817,-1.034993771757461
C1380,Individual,Michael,Hughes,10/15/1949,M,Canada,Alberta,Investment,4,No,Website,1949-10-15,76,3,1012542.18,337514.06,349143.67,1052.4533333333334,3157.36,3,2024-01-02,2025-01-08,66.66666666666666,33.33333333333333,Apartment,372,0,0,2,Global Investors,-1.0245367796395852,0.7275133530188974
C1381,Individual,Eric,Cox,6/16/1962,M,Germany,Hesse,Home,3,Yes,Website,1962-06-16,64,3,1082639.91,360879.97,537510.16,1131.0966666666666,3393.29,3,2024-01-01,2025-01-01,100.0,0.0,Apartment,366,1,1,0,Home-Focused / First-Time Buyers,-0.20532092737510194,-0.8794895586486918
C1382,Individual,Adam,James,5/19/1951,M,USA,Oregon,Home,2,No,Website,1951-05-19,75,4,1176910.13,294227.5325,348186.07,1024.3375,4097.35,4,2024-01-05,2025-01-04,100.0,0.0,Apartment,365,0,1,1,Home-Focused / First-Time Buyers,-0.688809372745614,-1.0752193479880294
C1383,Individual,Noah,Moore,11-11-1992,M,USA,California,Home,2,No,Agency,1992-11-11,33,3,864768.8300000001,288256.2766666667,340376.82,899.9899999999999,2699.97,3,2024-01-09,2025-01-11,66.66666666666666,33.33333333333333,Apartment,368,0,1,1,Home-Focused / First-Time Buyers,-1.8054538019490733,-0.8812620410223028
C1384,Individual,Mary,Young,03-10-1988,F,USA,California,Home,2,Yes,Agency,1988-03-10,38,3,905480.04,301826.68,344081.34,1016.7633333333332,3050.29,3,2024-01-04,2025-01-09,100.0,0.0,Apartment,371,1,1,1,Home-Focused / First-Time Buyers,-1.3269859707496328,-0.7900816848612947
C1385,Individual,Kenneth,Owens,06-01-1946,M,USA,California,Home,1,No,Agency,1946-06-01,80,3,1182983.03,394327.6766666667,666248.73,1186.4366666666667,3559.31,3,2024-01-01,2025-01-03,66.66666666666666,33.33333333333333,Apartment,368,0,3,0,High-Value / Luxury Investors,0.3747730964253644,-1.0562794677237883
C1386,Individual,Harold,Howard,8/23/1947,M,USA,Washington,Home,4,Yes,Website,1947-08-23,79,3,1284366.78,428122.26,551266.41,1431.79,4295.37,3,2024-01-02,2025-01-09,66.66666666666666,33.33333333333333,Apartment,373,1,3,0,High-Value / Luxury Investors,1.4932727052605281,-0.8337184351188799
C1387,Individual,Jose,Reed,5/27/1943,M,Germany,Hamburg,Investment,4,No,Website,1943-05-27,83,3,804550.47,268183.49,463001.84,901.6266666666668,2704.88,3,2024-01-06,2024-01-10,100.0,0.0,Apartment,4,0,0,2,Global Investors,-2.307841339086864,0.5533268812864828
C1388,Individual,Hannah,Stone,4/20/1999,F,USA,Washington,Home,3,No,Website,1999-04-20,27,3,1183031.06,394343.6866666667,567781.4,1283.46,3850.38,3,2024-01-07,2025-01-12,100.0,0.0,Apartment,371,0,3,0,High-Value / Luxury Investors,0.5815927967208583,-0.6071865756099548
C1389,Individual,Jordan,Montgomery,07-03-1952,M,UK,Scotland,Home,2,No,Website,1952-07-03,74,4,1742522.83,435630.7075,705388.85,1282.79,5131.16,4,2024-01-03,2025-01-07,75.0,25.0,Apartment,370,0,3,0,High-Value / Luxury Investors,2.0391979412990078,-0.807222904017313
C1390,Individual,Lauren,Thomas,7/21/1979,F,USA,Nevada,Home,3,No,Website,1979-07-21,47,3,906492.19,302164.0633333333,378139.97,971.19,2913.57,3,2024-01-10,2025-01-09,66.66666666666666,33.33333333333333,Apartment,365,0,1,1,Home-Focused / First-Time Buyers,-1.4006081318094172,-0.9450651327043599
C1391,Individual,Barbara,Campbell,03-06-1974,F,USA,Utah,Home,1,No,Website,1974-03-06,52,4,1579627.98,394906.995,578903.12,1343.6575,5374.63,4,2024-01-04,2025-01-08,100.0,0.0,Apartment,370,0,3,0,High-Value / Luxury Investors,1.5566341131457124,-0.6946350164383833
C1392,Individual,Jose,Johnson,06-05-1990,M,USA,Colorado,Home,4,Yes,Agency,1990-06-05,36,4,1434978.2000000002,358744.55000000005,520703.06,1125.515,4502.06,4,2024-01-02,2025-01-12,75.0,25.0,Apartment,376,1,1,0,Home-Focused / First-Time Buyers,0.4762947693832643,-0.5524054860054841
C1393,Individual,Virginia,Miller,07-09-1981,F,Mexico,Baja California,Investment,1,No,Agency,1981-07-09,45,4,1187799.99,296949.9975,459972.28,1027.325,4109.3,4,2024-01-03,2025-01-02,100.0,0.0,Apartment,365,0,0,2,Global Investors,-1.0601846149010032,0.9711989561325578
C1394,Individual,Debra,Hansen,2/26/1977,F,USA,Nevada,Home,4,No,Website,1977-02-26,49,4,1325404.6,331351.15,439396.11,967.0,3868.0,4,2024-01-04,2025-01-07,100.0,0.0,Apartment,369,0,1,0,Home-Focused / First-Time Buyers,-0.30566657083808724,-0.8131929002474021
C1395,Individual,Megan,Campbell,9/27/1988,F,Canada,Alberta,Investment,4,No,Website,1988-09-27,37,4,1497964.92,374491.23,548965.53,1278.045,5112.18,4,2024-01-07,2025-01-07,75.0,25.0,Apartment,366,0,0,2,Global Investors,0.7599764231760407,1.2308337886305676
C1396,Individual,Steven,Foster,06-02-1971,M,Canada,Manitoba,Investment,3,Yes,Website,1971-06-02,55,3,977070.12,325690.04,451060.97,1075.8333333333333,3227.5,3,2024-01-02,2024-01-09,100.0,0.0,Apartment,7,1,0,2,Global Investors,-1.176287383572656,0.955252994037156
C1397,Individual,Linda,Chavez,03-10-1983,F,USA,Nevada,Home,4,No,Website,1983-03-10,43,4,1551369.83,387842.4575,583905.11,1175.235,4700.94,4,2024-01-12,2025-01-05,100.0,0.0,Apartment,359,0,3,0,High-Value / Luxury Investors,1.0502478492106884,-0.640392814055413
C1398,Individual,Alexander,Jones,12/13/1966,M,USA,California,Home,5,Yes,Website,1966-12-13,59,3,926545.71,308848.57,338606.44,1182.08,3546.24,3,2024-01-03,2025-01-05,100.0,0.0,Apartment,368,1,1,1,Home-Focused / First-Time Buyers,-0.7209680532973123,-0.874698449730473
C1399,Individual,Lauren,Evans,8/23/1978,F,Canada,British Columbia,Home,5,No,Agency,1978-08-23,48,4,1259614.96,314903.74,619157.65,1061.1325,4244.53,4,2024-01-06,2025-01-11,100.0,0.0,Apartment,371,0,1,0,Home-Focused / First-Time Buyers,-0.2829973138680486,-0.798266427345803
C1400,Individual,Maria,Jones,10/24/1991,F,UK,Northern Ireland,Home,4,No,Client,1991-10-24,34,4,1146194.54,286548.635,426811.39,939.4875,3757.95,4,2024-01-09,2025-01-04,100.0,0.0,Apartment,361,0,1,0,Home-Focused / First-Time Buyers,-1.0511402106161278,-0.7687570862948796
C1401,Individual,Virginia,Brooks,3/24/1999,F,USA,Virginia,Investment,1,No,Website,1999-03-24,27,4,1223523.71,305880.9275,368829.15,1005.5625,4022.25,4,2024-01-05,2025-01-12,50.0,50.0,Apartment,373,0,0,2,Global Investors,-1.0148607149947821,1.11754995831093
C1402,Individual,Helen,Jordan,9/28/1968,F,USA,Utah,Home,3,No,Agency,1968-09-28,57,4,1394159.93,348539.9825,491592.98,1132.7375,4530.95,4,2024-01-02,2025-01-08,100.0,0.0,Apartment,372,0,1,0,Home-Focused / First-Time Buyers,0.3728496418048157,-0.8244707916243075
C1403,Individual,Pamela,Scott,9/22/1983,F,USA,Oregon,Home,2,No,Website,1983-09-22,42,4,1463350.69,365837.6725,607483.38,1210.7375000000002,4842.950000000001,4,2024-01-03,2025-01-12,100.0,0.0,Apartment,375,0,3,0,High-Value / Luxury Investors,0.788377132143292,-0.6780619525537716
C1404,Individual,Sharon,Williams,7/22/1950,F,USA,California,Home,4,No,Agency,1950-07-22,76,4,1193678.04,298419.51,368901.23,1024.3375,4097.35,4,2024-01-04,2025-01-05,100.0,0.0,Apartment,367,0,1,1,Home-Focused / First-Time Buyers,-0.5927571080463584,-1.0555964844527295
C1405,Individual,Ryan,Williams,06-08-1955,M,USA,Oregon,Home,5,No,Agency,1955-06-08,71,3,1306722.36,435574.12,556748.94,1438.2933333333333,4314.88,3,2024-01-08,2025-01-12,66.66666666666666,33.33333333333333,Apartment,370,0,3,0,High-Value / Luxury Investors,1.6222432702443221,-0.8379249915800046
C1406,Individual,Sara,Wood,09-01-1970,F,USA,California,Home,3,No,Website,1970-09-01,56,4,1364413.45,341103.3625,474806.32,1151.61,4606.4400000000005,4,2024-01-03,2025-01-10,75.0,25.0,Apartment,373,0,1,0,Home-Focused / First-Time Buyers,0.3126929283236103,-0.8234515719280193
C1407,Individual,Sharon,Hansen,3/22/1956,F,USA,California,Home,1,No,Agency,1956-03-22,70,4,1429717.09,357429.2725,517271.54,1123.3175,4493.27,4,2024-01-09,2025-01-09,50.0,50.0,Apartment,366,0,3,0,High-Value / Luxury Investors,0.4634766625600146,-0.9346918601103528
C1408,Company,Grandis,Co,11/13/1963,F,USA,California,Home,2,No,Agency,1963-11-13,62,4,1345035.74,336258.935,595268.86,1103.3025,4413.21,4,2024-01-04,2025-01-08,100.0,0.0,Apartment,370,0,2,3,Corporate Buyers,-0.08374729388946056,4.127646584474784
C1409,Individual,Katherine,Price,08-01-1957,F,USA,Oregon,Investment,2,No,Website,1957-08-01,69,3,1072801.12,357600.3733333333,395005.44,1117.9399999999998,3353.82,3,2024-01-01,2025-01-02,66.66666666666666,33.33333333333333,Apartment,367,0,0,2,Global Investors,-0.6369778037821483,0.799621296447575
C1410,Individual,Jennifer,Edwards,12/16/1965,F,USA,Nevada,Home,2,No,Agency,1965-12-16,60,4,1439196.49,359799.1225,577676.3,1164.015,4656.06,4,2024-01-02,2024-01-12,100.0,0.0,Apartment,10,0,3,0,High-Value / Luxury Investors,0.6059205316151792,-0.8350724313215133
C1411,Individual,Anthony,Watson,04-04-1987,M,USA,California,Home,2,No,Client,1987-04-04,39,4,1318823.16,329705.79000000004,461367.86,1099.4925,4397.97,4,2024-01-07,2025-01-11,75.0,25.0,Apartment,370,0,1,0,Home-Focused / First-Time Buyers,-0.03189929304068129,-0.7313477228088388
C1412,Company,Optima,Co,6/28/1985,F,USA,Nevada,Home,2,No,Agency,1985-06-28,41,4,1498125.2,374531.3,573336.74,1158.7275,4634.91,4,2024-01-01,2025-01-12,75.0,25.0,Apartment,377,0,2,3,Corporate Buyers,0.5850060848265403,4.356145986315869
C1413,Individual,Margaret,Rogers,9/18/1968,F,USA,California,Home,4,No,Agency,1968-09-18,57,4,1489065.16,372266.29,530069.18,1425.7675,5703.07,4,2024-01-01,2025-01-10,100.0,0.0,Apartment,375,0,3,0,High-Value / Luxury Investors,1.5007152676450826,-0.7160750861879217
C1414,Individual,Michelle,Wright,05-01-1975,F,USA,Florida,Home,4,No,Website,1975-05-01,51,4,1188718.7,297179.675,479065.61,972.335,3889.34,4,2024-01-02,2025-01-07,50.0,50.0,Apartment,371,0,1,0,Home-Focused / First-Time Buyers,-0.784909569125786,-0.8767644683488723
C1415,Individual,Tyler,Murray,7/14/1959,M,USA,California,Investment,1,No,Website,1959-07-14,67,3,748797.26,249599.08666666667,318935.71,879.3433333333332,2638.03,3,2024-01-05,2025-01-07,66.66666666666666,33.33333333333333,Apartment,368,0,0,2,Global Investors,-2.6821076700538904,0.6159179820703801
C1416,Individual,Bryan,Peterson,07-01-1954,M,USA,Oregon,Home,2,No,Agency,1954-07-01,72,3,1418066.39,472688.7966666667,606381.67,1452.263333333333,4356.79,3,2024-01-03,2024-01-12,100.0,0.0,Apartment,9,0,3,0,High-Value / Luxury Investors,2.091342000063791,-0.8274460863041395
C1417,Individual,Dennis,Williams,10/26/1953,M,UK,Scotland,Home,5,No,Website,1953-10-26,72,3,1023021.48,341007.16,575664.65,1066.59,3199.77,3,2024-01-04,2025-01-11,100.0,0.0,Apartment,373,0,1,1,Home-Focused / First-Time Buyers,-0.5753641581279131,-1.0458664590268842
C1418,Individual,Kyle,Cox,04-06-1954,M,USA,Ohio,Investment,2,No,Website,1954-04-06,72,3,1443234.89,481078.2966666667,542134.93,1529.4633333333334,4588.39,3,2024-01-06,2025-01-08,100.0,0.0,Apartment,368,0,0,2,Global Investors,2.045963621077656,1.0220912392721138
C1419,Individual,Jason,Peterson,08-08-1971,M,Germany,Hamburg,Investment,4,Yes,Website,1971-08-08,55,4,1143605.72,285901.43,451642.29,928.745,3714.98,4,2024-01-09,2025-01-02,50.0,50.0,Apartment,359,1,0,2,Global Investors,-1.423423899988378,0.9760561509538638
C1420,Company,Terova,Co,10/20/1981,M,UK,Wales,Home,5,No,Website,1981-10-20,44,4,1196856.69,299214.1725,431727.12,929.6975,3718.79,4,2024-01-08,2025-01-02,25.0,75.0,Office,360,0,2,3,Corporate Buyers,-1.0527952866116033,4.206526590092198
C1421,Individual,James,Jones,11/14/1957,M,USA,Colorado,Home,1,No,Website,1957-11-14,68,3,938557.19,312852.39666666667,396446.03,1098.0666666666666,3294.2,3,2024-01-03,2024-01-09,100.0,0.0,Apartment,6,0,1,1,Home-Focused / First-Time Buyers,-0.9316969144049904,-1.0864720660720169
C1422,Individual,Billy,Hansen,1/15/1955,M,USA,Florida,Investment,1,Yes,Website,1955-01-15,71,4,2032565.11,508141.2775,649524.31,1555.2975,6221.1900000000005,4,2024-01-03,2024-01-11,100.0,0.0,Apartment,8,1,3,2,High-Value / Luxury Investors,3.4168066140615307,1.2782673280248165
C1423,Individual,Jack,Brooks,9/21/1955,M,UK,Northern Ireland,Home,4,Yes,Website,1955-09-21,70,4,1822778.36,455694.59,588224.19,1504.0975,6016.389999999999,4,2024-01-12,2025-01-10,75.0,25.0,Apartment,364,1,3,0,High-Value / Luxury Investors,2.9263395861685275,-0.5912603748310767
C1424,Individual,Judy,Harris,03-12-1954,F,USA,Utah,Home,2,Yes,Agency,1954-03-12,72,3,1382756.57,460918.8566666667,602654.49,1465.1466666666663,4395.44,3,2024-01-10,2025-01-11,100.0,0.0,Apartment,367,1,3,0,High-Value / Luxury Investors,1.961686050888722,-0.7524801541735665
C1425,Individual,Raymond,Taylor,12/16/1971,M,Belgium,Flanders,Home,3,No,Website,1971-12-16,54,3,1449563.3199999998,483187.77333333326,576814.21,1521.64,4564.92,3,2024-01-05,2025-01-11,66.66666666666666,33.33333333333333,Apartment,372,0,3,0,High-Value / Luxury Investors,2.3983954588414225,-0.6503394761970837
C1426,Individual,Christina,Campbell,5/20/1964,F,USA,Washington,Home,2,No,Website,1964-05-20,62,4,1709098.18,427274.545,507717.69,1510.65,6042.6,4,2024-01-02,2025-01-12,100.0,0.0,Apartment,376,0,3,0,High-Value / Luxury Investors,2.495562768728329,-0.6778184201968191
C1427,Individual,Julia,Richardson,05-10-1955,F,Australia,Victoria,Home,5,No,Website,1955-05-10,71,4,1378636.21,344659.0525,487252.76,1184.9475,4739.79,4,2024-01-08,2025-01-08,75.0,25.0,Apartment,366,0,3,1,High-Value / Luxury Investors,0.5080553770273671,-0.9049837729929748
C1428,Individual,Nicole,Allen,12-05-1953,F,USA,Oregon,Home,4,Yes,Agency,1953-12-05,72,4,1136052.54,284013.135,474549.83,946.6525,3786.61,4,2024-01-11,2025-01-11,75.0,25.0,Apartment,366,1,1,1,Home-Focused / First-Time Buyers,-1.0219290012411135,-0.9754667370987351
C1429,Individual,Jesse,Stewart,10-01-1991,M,USA,Nevada,Investment,5,No,Agency,1991-10-01,34,4,1697550.01,424387.5025,499234.71,1421.465,5685.860000000001,4,2024-01-05,2024-01-08,50.0,50.0,Apartment,3,0,0,2,Global Investors,1.8719788872985934,1.3676544206029297
C1430,Individual,Patrick,Allen,09-11-1963,M,USA,Nevada,Home,4,No,Website,1963-09-11,63,3,928463.2,309487.73333333334,438596.72,1022.67,3068.01,3,2024-01-07,2025-01-09,100.0,0.0,Apartment,368,0,1,1,Home-Focused / First-Time Buyers,-1.1297133924053848,-1.0368282090429275
C1431,Individual,Melissa,Griffin,07-01-1943,F,Germany,Hesse,Home,3,Yes,Website,1943-07-01,83,4,1620159.73,405039.9325,567788.73,1365.9450000000002,5463.780000000001,4,2024-01-06,2025-01-10,75.0,25.0,Apartment,370,1,3,0,High-Value / Luxury Investors,1.832351460458484,-0.8047919338626573
C1432,Individual,Larry,Weaver,12/26/1951,M,USA,Utah,Home,3,No,Agency,1951-12-26,74,3,863383.74,287794.58,301035.57,1033.62,3100.86,3,2024-01-07,2025-01-12,66.66666666666666,33.33333333333333,Apartment,371,0,1,1,Home-Focused / First-Time Buyers,-1.3825583730818578,-1.1569732699001731
C1433,Individual,Christian,Mitchell,04-12-1953,M,Germany,Hamburg,Home,4,No,Website,1953-04-12,73,3,1358111.0699999998,452703.69,626692.98,1493.243333333333,4479.73,3,2024-01-04,2025-01-03,100.0,0.0,Apartment,365,0,3,0,High-Value / Luxury Investors,1.974431818660046,-0.8303036166462486
C1434,Company,Terova,Co,6/25/1985,F,USA,California,Investment,5,No,Agency,1985-06-25,41,4,1038640.05,259660.0125,531069.6,894.905,3579.62,4,2024-01-08,2025-01-12,100.0,0.0,Apartment,370,0,2,3,Corporate Buyers,-2.0789458818979973,5.987049501646918
C1435,Individual,Zachary,Morales,04-08-1967,M,USA,Texas,Investment,2,No,Agency,1967-04-08,59,3,903765.87,301255.29,410695.68,945.65,2836.95,3,2024-01-01,2025-01-07,66.66666666666666,33.33333333333333,Apartment,372,0,0,2,Global Investors,-1.8338810643770849,0.7677106756497682
C1436,Individual,Kyle,Wright,10-09-1998,M,USA,California,Home,2,No,Website,1998-10-09,27,3,969917.19,323305.73,363203.22,992.22,2976.66,3,2024-01-06,2025-01-10,66.66666666666666,33.33333333333333,Apartment,370,0,1,1,Home-Focused / First-Time Buyers,-1.1186424434284252,-0.7708496049344572
C1437,Individual,Gerald,Stewart,04-08-1997,M,USA,Arizona,Investment,5,No,Agency,1997-04-08,29,4,1668948.58,417237.145,614304.54,1332.2825,5329.13,4,2024-01-05,2025-01-07,75.0,25.0,Apartment,368,0,0,2,Global Investors,1.527239371713255,1.3763772680076711
C1438,Individual,Benjamin,Taylor,08-04-1988,M,USA,California,Home,2,Yes,Agency,1988-08-04,38,3,1255115.0,418371.6666666667,574838.1,1321.503333333333,3964.51,3,2024-01-02,2025-01-06,66.66666666666666,33.33333333333333,Apartment,370,1,3,0,High-Value / Luxury Investors,0.9821221946967433,-0.5764993993545616
C1439,Individual,Helen,Morales,10/14/2000,F,USA,Virginia,Home,2,No,Agency,2000-10-14,25,3,1040682.81,346894.27,420285.34,1138.4233333333334,3415.27,3,2024-01-04,2025-01-07,100.0,0.0,Apartment,369,0,1,1,Home-Focused / First-Time Buyers,-0.4332411578912026,-0.6939554358537993
C1440,Individual,Mary,Phillips,7/20/1952,F,USA,Colorado,Investment,2,No,Agency,1952-07-20,74,3,901013.42,300337.80666666664,472362.72,1010.53,3031.59,3,2024-01-10,2025-01-04,66.66666666666666,33.33333333333333,Apartment,360,0,0,2,Global Investors,-1.6532026399152544,0.6654721839089125
C1441,Individual,Helen,Campbell,09-08-1945,F,USA,California,Investment,5,No,Website,1945-09-08,81,3,1201777.78,400592.5933333333,424676.81,1334.84,4004.52,3,2024-01-04,2025-01-10,100.0,0.0,Apartment,372,0,0,2,Global Investors,0.5569038564628545,0.840802756368184
C1442,Individual,Timothy,Foster,6/17/2000,M,USA,Colorado,Home,2,Yes,Client,2000-06-17,26,3,1007348.75,335782.9166666667,534107.07,1110.6233333333332,3331.87,3,2024-01-02,2025-01-12,100.0,0.0,Apartment,376,1,1,1,Home-Focused / First-Time Buyers,-0.6592436209536318,-0.6346463032078711
C1443,Individual,Betty,Hughes,11/22/1979,F,USA,Florida,Home,2,No,Website,1979-11-22,46,3,1045348.11,348449.37000000005,618238.68,1072.4833333333331,3217.45,3,2024-01-03,2025-01-03,100.0,0.0,Apartment,366,0,1,1,Home-Focused / First-Time Buyers,-0.5535216012598512,-0.8674624617214235
C1444,Individual,Frank,Alexander,6/25/1981,M,USA,Colorado,Home,3,No,Website,1981-06-25,45,3,1089631.7,363210.56666666665,387724.0,1186.05,3558.15,3,2024-01-03,2025-01-08,100.0,0.0,Apartment,371,0,1,1,Home-Focused / First-Time Buyers,-0.04965982187110868,-0.8058707502344048
C1445,Individual,Gregory,Hall,7/26/1988,M,USA,Florida,Home,5,No,Website,1988-07-26,38,4,1249138.91,312284.7275,404402.26,976.9675,3907.87,4,2024-01-03,2025-01-03,100.0,0.0,Apartment,366,0,1,0,Home-Focused / First-Time Buyers,-0.556431856389922,-0.7435306265899874
C1446,Individual,Amber,Gray,12-09-1951,F,USA,Ohio,Home,4,No,Website,1951-12-09,74,4,1550820.49,387705.1225,605564.38,1385.6475,5542.59,4,2024-01-01,2025-01-01,100.0,0.0,Apartment,366,0,3,0,High-Value / Luxury Investors,1.6459044602350392,-0.8329454962219824
C1447,Individual,Janet,Rogers,5/14/1972,F,USA,Nevada,Investment,4,Yes,Client,1972-05-14,54,4,1372408.9,343102.225,470911.04,1151.37,4605.48,4,2024-01-09,2025-01-09,100.0,0.0,Apartment,366,1,0,2,Global Investors,-0.01194129746859351,1.114621126159907
C1448,Individual,Henry,Ward,3/15/1959,M,Russia,Tatarstan,Home,1,No,Website,1959-03-15,67,4,1221304.62,305326.155,456799.28,984.9525,3939.81,4,2024-01-07,2025-01-09,75.0,25.0,Apartment,368,0,1,1,Home-Focused / First-Time Buyers,-0.6596764571261603,-1.0169315070420615
C1449,Individual,Nicole,Cox,6/14/1999,F,USA,California,Investment,5,No,Website,1999-06-14,27,3,1110557.49,370185.83,543452.8,1221.6766666666665,3665.03,3,2024-01-01,2025-01-01,100.0,0.0,Apartment,366,0,0,2,Global Investors,-0.21592846404137067,1.1922710935853376
C1450,Individual,Pamela,White,04-06-1996,F,USA,Virginia,Home,5,No,Website,1996-04-06,30,3,1028509.6,342836.5333333333,374768.98,1037.5833333333333,3112.75,3,2024-01-03,2025-01-08,100.0,0.0,Apartment,371,0,1,1,Home-Focused / First-Time Buyers,-0.6915519365078914,-0.7274583505251729
C1451,Individual,Hannah,Turner,10/19/1983,F,USA,California,Home,1,No,Website,1983-10-19,42,4,1529673.3199999998,382418.33,483688.37,1259.875,5039.5,4,2024-01-04,2025-01-12,100.0,0.0,Apartment,374,0,3,0,High-Value / Luxury Investors,1.1408702267978756,-0.6540775391565493
C1452,Individual,Kelly,Edwards,08-05-1993,F,Belgium,Wallonia,Home,3,No,Client,1993-08-05,33,3,1320005.77,440001.9233333333,545747.26,1487.66,4462.98,3,2024-01-01,2025-01-07,100.0,0.0,Apartment,372,0,3,0,High-Value / Luxury Investors,1.7172174788010512,-0.5511895922229155
C1453,Individual,Kenneth,Stone,10-07-1981,M,USA,California,Home,2,No,Agency,1981-10-07,44,3,1145044.9,381681.6333333333,526401.55,1243.8233333333333,3731.47,3,2025-01-01,2025-01-06,100.0,0.0,Apartment,5,0,1,0,Home-Focused / First-Time Buyers,0.3227427857062072,-0.7729122893837478
C1454,Individual,Ann,Kim,5/23/1948,F,USA,California,Investment,1,No,Client,1948-05-23,78,3,1188825.44,396275.14666666667,478984.35,1321.503333333333,3964.51,3,2024-01-06,2024-01-10,100.0,0.0,Apartment,4,0,0,2,Global Investors,0.3941312549679915,0.8129912495954424
C1455,Individual,Christina,Nelson,6/15/1989,F,USA,Colorado,Home,3,Yes,Agency,1989-06-15,37,3,985992.43,328664.1433333333,472251.6,983.4266666666668,2950.28,3,2024-01-02,2025-01-06,66.66666666666666,33.33333333333333,Apartment,370,1,1,1,Home-Focused / First-Time Buyers,-1.0507085844152013,-0.7450305977024171
C1456,Company,Quasar,Co,6/26/1992,F,USA,Oregon,Investment,1,Yes,Website,1992-06-26,34,4,1598853.55,399713.3875,586824.88,1313.38,5253.52,4,2024-01-07,2025-01-09,100.0,0.0,Apartment,368,1,2,3,Corporate Buyers,0.9609234009554405,6.378415303140372
C1457,Individual,Julie,Foster,1/27/1949,F,USA,California,Home,3,Yes,Agency,1949-01-27,77,4,1537205.06,384301.265,538355.66,1227.17,4908.68,4,2024-01-04,2025-01-10,50.0,50.0,Apartment,372,1,3,0,High-Value / Luxury Investors,1.1590343331428083,-0.8187732813871514
C1458,Individual,Keith,Reed,9/16/1950,M,USA,Arizona,Home,1,No,Website,1950-09-16,76,3,917921.54,305973.8466666667,344813.48,979.0866666666668,2937.26,3,2024-01-01,2025-01-07,66.66666666666666,33.33333333333333,Apartment,372,0,1,1,Home-Focused / First-Time Buyers,-1.3199529441532283,-1.182365612732364
C1459,Individual,Terry,Hall,9/28/1949,M,USA,Arizona,Home,5,No,Website,1949-09-28,76,4,1556253.48,389063.37,530674.29,1385.6475,5542.59,4,2024-01-01,2025-01-12,100.0,0.0,Apartment,377,0,3,0,High-Value / Luxury Investors,1.685504345596842,-0.8357135299795442
C1460,Individual,Pamela,Long,12-05-1972,F,UK,England,Home,1,Yes,Agency,1972-12-05,53,4,1569390.69,392347.6725,517417.7,1294.645,5178.58,4,2024-01-04,2025-01-07,100.0,0.0,Apartment,369,1,3,0,High-Value / Luxury Investors,1.3821320598844906,-0.6295524742879458
C1461,Individual,Gloria,Reyes,1/13/1944,F,USA,California,Home,5,No,Website,1944-01-13,82,4,1507966.87,376991.7175,538246.86,1294.645,5178.58,4,2024-01-02,2025-01-05,100.0,0.0,Apartment,369,0,3,0,High-Value / Luxury Investors,1.2813103655992826,-0.9189281361718017
C1462,Individual,Virginia,Allen,4/19/1984,F,Germany,Hamburg,Investment,3,No,Agency,1984-04-19,42,4,1220331.12,305082.78,563520.95,956.6725,3826.69,4,2024-01-11,2025-01-12,50.0,50.0,Apartment,367,0,0,2,Global Investors,-1.0978089071647492,1.0119101990459787
C1463,Individual,Lawrence,Ward,12/28/1943,M,USA,California,Home,2,Yes,Website,1943-12-28,82,4,1639044.0,409761.0,560165.35,1386.5875,5546.35,4,2024-01-02,2025-01-06,100.0,0.0,Apartment,370,1,3,0,High-Value / Luxury Investors,1.9365567635674952,-0.7964425395262029
C1464,Individual,Terry,Weaver,1/25/1940,M,USA,Arizona,Home,1,No,Website,1940-01-25,86,3,1094818.68,364939.56,516866.8,1086.24,3258.7200000000003,3,2024-01-01,2025-01-07,100.0,0.0,Apartment,372,0,1,1,Home-Focused / First-Time Buyers,-0.25942930268818964,-1.1612504483485862
C1465,Individual,Edward,Stewart,07-09-1990,M,USA,Ohio,Home,3,Yes,Website,1990-07-09,36,3,1312191.47,437397.1566666667,561841.89,1457.8333333333333,4373.5,3,2025-01-07,2025-01-08,100.0,0.0,Apartment,1,1,3,0,High-Value / Luxury Investors,1.5993240733499035,-0.49690098271389765
C1466,Individual,Ashley,Howard,8/28/1999,F,Belgium,Flanders,Investment,2,No,Website,1999-08-28,27,4,1387827.15,346956.7875,536046.25,1053.27,4213.08,4,2024-01-08,2025-01-09,100.0,0.0,Apartment,367,0,0,2,Global Investors,-0.27673166730760007,1.1978602755462928
C1467,Individual,Rebecca,Adams,7/19/1951,F,USA,California,Home,5,No,Client,1951-07-19,75,3,761353.26,253784.42,375027.09,849.6366666666667,2548.91,3,2024-01-02,2024-01-10,100.0,0.0,Apartment,8,0,1,1,Home-Focused / First-Time Buyers,-2.2698607802780577,-1.226330845645302
C1468,Individual,Jason,Martin,8/24/1940,M,Canada,Manitoba,Home,3,No,Website,1940-08-24,86,3,1072452.07,357484.0233333334,438900.24,1185.3533333333332,3556.06,3,2024-01-02,2024-01-06,33.33333333333333,66.66666666666666,Office,4,0,1,1,Home-Focused / First-Time Buyers,-0.06325218276510122,-1.1279731874568495
C1469,Individual,Keith,Richardson,5/17/1970,M,USA,Colorado,Home,1,No,Website,1970-05-17,56,3,1512121.64,504040.5466666667,581837.55,1538.7766666666666,4616.33,3,2024-01-10,2025-01-09,100.0,0.0,Apartment,365,0,3,0,High-Value / Luxury Investors,2.6831533350963843,-0.6568180507255326
C1470,Individual,Alexander,Richardson,5/27/1940,M,USA,Colorado,Investment,3,Yes,Agency,1940-05-27,86,3,1440682.21,480227.4033333333,555106.11,1590.8633333333337,4772.59,3,2024-01-01,2024-01-05,100.0,0.0,Apartment,4,1,0,2,Global Investors,2.2230459475999242,1.0245552825818627
C1471,Individual,Judith,Williams,5/24/1940,F,UK,Northern Ireland,Home,1,Yes,Website,1940-05-24,86,4,1048588.76,262147.19,354725.76,801.0649999999999,3204.26,4,2024-01-02,2025-01-12,75.0,25.0,Apartment,376,1,1,1,Home-Focused / First-Time Buyers,-1.7494124556843669,-1.1779278023307476
C1472,Individual,Paul,Flores,3/23/1991,M,USA,Washington,Home,1,No,Website,1991-03-23,35,4,1610320.87,402580.2175,566227.62,1237.1025,4948.41,4,2024-01-05,2025-01-07,100.0,0.0,Apartment,368,0,3,0,High-Value / Luxury Investors,1.3634259087400347,-0.5761492123979947
C1473,Individual,Maria,Freeman,3/14/1974,F,USA,California,Home,2,No,Agency,1974-03-14,52,4,1415300.74,353825.185,736652.27,1009.23,4036.92,4,2024-01-01,2025-01-02,100.0,0.0,Apartment,367,0,1,0,Home-Focused / First-Time Buyers,0.10209356323401081,-0.8158370600487551
C1474,Individual,Kevin,Brown,04-10-1969,M,USA,Oregon,Home,3,No,Website,1969-04-10,57,4,1563434.47,390858.6175,517206.46,1307.3,5229.2,4,2024-01-06,2025-01-11,100.0,0.0,Apartment,371,0,3,0,High-Value / Luxury Investors,1.4440169288980444,-0.7254993404336302
C1475,Individual,Raymond,Brown,08-02-1944,M,Mexico,Jalisco,Home,4,Yes,Agency,1944-08-02,82,4,1579186.25,394796.5625,661652.26,1287.055,5148.22,4,2024-01-02,2025-01-10,100.0,0.0,Apartment,374,1,3,0,High-Value / Luxury Investors,1.4925414633590388,-0.8183901685840799
C1476,Individual,Kevin,Jackson,06-08-2000,M,USA,Nevada,Home,1,No,Agency,2000-06-08,26,4,1505369.42,376342.355,610193.44,1141.225,4564.9,4,2024-01-02,2025-01-10,75.0,25.0,Apartment,374,0,3,0,High-Value / Luxury Investors,0.7178803240826417,-0.5657550017702977
C1477,Company,Zynex,Co,04-10-1968,F,USA,California,Investment,1,No,Agency,1968-04-10,58,4,1051466.92,262866.73,458559.81,920.7075,3682.83,4,2024-01-07,2025-01-11,75.0,25.0,Apartment,370,0,2,3,Corporate Buyers,-2.006261453119554,5.8243052745697295
C1478,Individual,Emily,Reed,09-12-1958,F,Canada,British Columbia,Investment,1,No,Agency,1958-09-12,68,3,965772.74,321924.24666666664,398549.19,1082.8966666666668,3248.69,3,2024-01-04,2025-01-02,100.0,0.0,Apartment,364,0,0,2,Global Investors,-1.209835615371277,0.7439150945572861
C1479,Individual,Paul,Carter,3/26/1968,M,USA,California,Investment,1,No,Website,1968-03-26,58,4,1275455.51,318863.8775,612698.53,1018.5225,4074.09,4,2024-01-05,2025-01-12,100.0,0.0,Apartment,373,0,0,2,Global Investors,-0.745145422303555,0.9011729134900595
C1480,Individual,Danielle,White,04-09-1985,F,USA,Virginia,Investment,3,No,Client,1985-04-09,41,4,1466467.79,366616.9475,573332.74,1220.42,4881.68,4,2024-01-03,2025-01-09,75.0,25.0,Apartment,372,0,0,2,Global Investors,0.4841685271652886,1.1656468272291998
C1481,Company,Caldera,Co,12-04-1984,F,USA,Arizona,Investment,3,No,Website,1984-12-04,41,4,1059700.88,264925.22000000003,367368.12,901.245,3604.98,4,2024-01-02,2025-01-05,25.0,75.0,Office,369,0,2,3,Corporate Buyers,-2.019549726549876,5.97478990553939
C1482,Individual,Kimberly,Murray,1/24/1953,F,USA,Oregon,Home,2,Yes,Website,1953-01-24,73,4,1665015.1700000002,416253.7925,610377.15,1312.8225,5251.29,4,2024-01-03,2025-01-10,75.0,25.0,Apartment,373,1,3,0,High-Value / Luxury Investors,1.8241747041117709,-0.733962838350773
C1483,Individual,Gary,Hall,06-01-1975,M,USA,Colorado,Home,3,Yes,Agency,1975-06-01,51,4,1831769.62,457942.405,623318.65,1486.3275,5945.31,4,2024-01-06,2025-01-11,100.0,0.0,Apartment,371,1,3,0,High-Value / Luxury Investors,2.866702553037542,-0.45664610709326264
C1484,Individual,Christina,Nelson,10-09-1971,F,USA,Colorado,Home,3,No,Client,1971-10-09,54,4,1117191.81,279297.9525,452777.15,995.0275,3980.11,4,2024-01-05,2025-01-11,100.0,0.0,Apartment,372,0,1,0,Home-Focused / First-Time Buyers,-0.9974862667133372,-0.9313334701330905
C1485,Individual,Rachel,Scott,6/26/1984,F,USA,Washington,Investment,4,No,Website,1984-06-26,42,4,1604885.52,401221.38,526180.38,1350.2175,5400.87,4,2024-01-01,2024-01-07,75.0,25.0,Apartment,6,0,0,2,Global Investors,1.3445659912254604,1.246717250682375
C1486,Individual,Madison,Campbell,6/14/1996,F,UK,Wales,Home,5,Yes,Website,1996-06-14,30,3,1019385.69,339795.23,416556.23,1156.5633333333333,3469.69,3,2024-01-03,2024-01-07,66.66666666666666,33.33333333333333,Apartment,4,1,1,0,Home-Focused / First-Time Buyers,-0.4304490840123583,-0.6184531460422577
C1487,Individual,Sandra,Martin,12-10-1965,F,USA,New York,Home,3,No,Agency,1965-12-10,60,4,1553533.51,388383.3775,506031.7,1294.645,5178.58,4,2024-01-01,2025-01-10,100.0,0.0,Apartment,375,0,3,0,High-Value / Luxury Investors,1.3795439129444802,-0.7548448696953755
C1488,Individual,Keith,Scott,09-07-1975,M,USA,Florida,Investment,2,No,Website,1975-09-07,51,3,1029238.79,343079.5966666667,554297.11,1140.1866666666667,3420.5600000000004,3,2024-01-01,2024-01-12,100.0,0.0,Apartment,11,0,0,2,Global Investors,-0.7946217800207319,0.9242188631030775
C1489,Individual,Gloria,Montgomery,3/19/1951,F,USA,Arizona,Home,5,No,Agency,1951-03-19,75,3,1056549.47,352183.1566666667,416649.42,1240.6066666666666,3721.82,3,2024-01-04,2024-01-07,66.66666666666666,33.33333333333333,Apartment,3,0,1,1,Home-Focused / First-Time Buyers,0.029379150609914608,-1.017039183110197
C1490,Individual,Dennis,Hall,11-06-1994,M,UK,Wales,Investment,5,Yes,Client,1994-11-06,31,3,861119.76,287039.92,357655.99,939.33,2817.99,3,2024-01-03,2025-01-02,100.0,0.0,Apartment,365,1,0,2,Global Investors,-2.037716589486905,1.082199601832947
C1491,Individual,Rebecca,Evans,07-10-1997,F,USA,Georgia,Home,4,No,Agency,1997-07-10,29,4,1056750.03,264187.5075,415532.62,901.245,3604.98,4,2024-01-06,2025-01-05,100.0,0.0,Apartment,365,0,1,0,Home-Focused / First-Time Buyers,-1.4835306957080179,-0.7709758016349697
C1492,Individual,Mary,Taylor,12/18/1984,F,Germany,Bavaria,Home,2,No,Agency,1984-12-18,41,3,1309655.49,436551.83,472764.91,1579.3133333333335,4737.9400000000005,3,2024-01-11,2025-01-11,100.0,0.0,Apartment,366,0,3,0,High-Value / Luxury Investors,1.9075704076951832,-0.6077246289751024
C1493,Individual,Thomas,Bennett,3/16/1992,M,USA,Washington,Home,4,Yes,Agency,1992-03-16,34,3,864605.61,288201.87,449252.81,1037.11,3111.33,3,2024-01-05,2025-01-12,100.0,0.0,Apartment,373,1,1,1,Home-Focused / First-Time Buyers,-1.4229762994242747,-0.7509791438719162
C1494,Individual,Nicholas,Cooper,04-09-1996,M,USA,New York,Home,1,No,Client,1996-04-09,30,3,913338.07,304446.0233333333,424747.54,934.8733333333332,2804.62,3,2024-01-03,2025-01-11,100.0,0.0,Apartment,374,0,1,1,Home-Focused / First-Time Buyers,-1.5255713629367802,-0.8408002334922198
C1495,Individual,Jason,Hughes,11-09-1991,M,Denmark,Capital Region,Home,1,No,Website,1991-11-09,34,4,2059292.68,514823.17,650190.52,1591.4725,6365.889999999999,4,2024-01-04,2025-01-08,75.0,25.0,Apartment,370,0,3,0,High-Value / Luxury Investors,3.9188523396895656,-0.3295052586549821
C1496,Individual,Bryan,Patterson,11/15/1986,M,USA,Florida,Home,5,No,Agency,1986-11-15,39,3,1119013.61,373004.5366666666,617811.07,1151.5466666666669,3454.6400000000003,3,2024-01-06,2025-01-01,66.66666666666666,33.33333333333333,Apartment,361,0,1,0,Home-Focused / First-Time Buyers,0.011652265503754554,-0.7336517499279177
C1497,Individual,Samuel,Parker,1/13/1940,M,USA,California,Investment,4,No,Agency,1940-01-13,86,3,794765.34,264921.78,355085.18,880.66,2641.98,3,2024-01-05,2025-01-12,66.66666666666666,33.33333333333333,Apartment,373,0,0,2,Global Investors,-2.400424942014292,0.5216275158773998
C1498,Individual,Nicole,Carter,02-03-1967,F,Mexico,Puebla,Investment,5,No,Website,1967-02-03,59,4,1142631.83,285657.9575,431607.68,889.8725000000001,3559.49,4,2024-01-01,2025-01-05,100.0,0.0,Apartment,370,0,0,2,Global Investors,-1.4950562630136224,0.860123845018777
C1499,Individual,Lauren,Gray,11-04-1997,F,Russia,Saint Petersburg,Home,3,Yes,Agency,1997-11-04,28,3,1321905.54,440635.18,565905.82,1523.6933333333334,4571.08,3,2024-01-01,2025-01-08,100.0,0.0,Apartment,373,1,3,0,High-Value / Luxury Investors,1.8014033633101716,-0.41712623378858105
C1500,Individual,Shirley,Ward,01-04-1995,F,Australia,Victoria,Home,2,No,Agency,1995-01-04,31,4,1020299.92,255074.98,363010.65,841.385,3365.54,4,2024-01-02,2024-01-11,100.0,0.0,Apartment,9,0,1,1,Home-Focused / First-Time Buyers,-1.8030418709948304,-0.833705594743594
C1501,Individual,Brenda,White,12/16/1951,F,USA,Oregon,Investment,4,No,Agency,1951-12-16,74,3,761279.08,253759.69333333333,340778.92,851.4266666666667,2554.28,3,2024-01-02,2025-01-03,33.33333333333333,66.66666666666666,Office,367,0,0,2,Global Investors,-2.6400017265207323,0.5932692338581275
C1502,Individual,Elizabeth,Weaver,10/27/1994,F,UK,Wales,Home,5,Yes,Website,1994-10-27,31,4,1045772.34,261443.085,352637.6,911.0425,3644.17,4,2024-01-03,2025-01-01,100.0,0.0,Apartment,364,1,1,1,Home-Focused / First-Time Buyers,-1.4885410536467147,-0.6904731929584074
C1503,Company,Triton,Co,8/21/1986,M,USA,Arizona,Investment,5,No,Website,1986-08-21,40,4,1299971.48,324992.87,570156.97,1050.5725,4202.29,4,2024-01-04,2025-01-07,50.0,50.0,Apartment,369,0,2,3,Corporate Buyers,-0.7245083551026407,6.122857071797143
C1504,Individual,Patrick,Hughes,8/19/1946,M,USA,California,Home,4,No,Website,1946-08-19,80,3,871805.96,290601.98666666663,384006.83,979.0866666666668,2937.26,3,2024-01-09,2025-01-06,100.0,0.0,Apartment,363,0,1,1,Home-Focused / First-Time Buyers,-1.4628047670254671,-1.2006680089043393
C1505,Individual,William,Cook,5/14/1994,M,USA,Virginia,Home,3,No,Agency,1994-05-14,32,4,1012922.06,253230.515,380365.78,799.9225,3199.69,4,2025-01-07,2025-01-12,50.0,50.0,Apartment,5,0,1,1,Home-Focused / First-Time Buyers,-1.9199313555433755,-0.842409555844041
C1506,Individual,Larry,Price,01-11-1950,M,USA,Utah,Investment,3,No,Website,1950-01-11,76,3,1010109.4,336703.13333333336,369810.4,1155.4633333333334,3466.39,3,2024-01-04,2024-01-08,66.66666666666666,33.33333333333333,Apartment,4,0,0,2,Global Investors,-0.7824385515973455,0.7381854860299043
C1507,Individual,Joyce,Cooper,3/28/1951,F,USA,Florida,Home,3,No,Agency,1951-03-28,75,4,1499666.44,374916.61,572514.83,1220.915,4883.66,4,2024-01-02,2025-01-07,100.0,0.0,Apartment,371,0,3,0,High-Value / Luxury Investors,1.0139940970321735,-0.9054136504573658
C1508,Individual,Benjamin,Morris,12-03-1994,M,UK,Scotland,Home,3,No,Agency,1994-12-03,31,4,965283.79,241320.9475,288985.79,783.64,3134.56,4,2024-01-01,2025-01-06,75.0,25.0,Apartment,371,0,1,1,Home-Focused / First-Time Buyers,-2.137000620183697,-0.855470673920769
C1509,Individual,Rebecca,Campbell,12/16/1946,F,USA,California,Home,3,No,Website,1946-12-16,79,4,1821912.87,455478.2175,601608.38,1482.5875,5930.35,4,2024-01-01,2024-01-09,100.0,0.0,Apartment,8,0,3,0,High-Value / Luxury Investors,2.874490533192433,-0.7630110387876469
C1510,Company,Altira,Co,12-01-1962,M,USA,California,Home,5,No,Agency,1962-12-01,63,3,804243.22,268081.0733333333,356271.34,842.68,2528.04,3,2024-01-05,2025-01-12,100.0,0.0,Apartment,373,0,2,3,Corporate Buyers,-2.312933560330458,3.9076095663707844
C1511,Individual,Ann,Hansen,7/20/1989,F,France,Provence,Home,2,Yes,Website,1989-07-20,37,3,1093080.86,364360.2866666666,556945.98,1152.6466666666668,3457.94,3,2024-01-06,2025-01-03,66.66666666666666,33.33333333333333,Apartment,363,1,1,0,Home-Focused / First-Time Buyers,-0.16179951981682597,-0.6737922692739877
C1512,Individual,Anna,Young,6/18/1955,F,USA,Nevada,Home,4,Yes,Client,1955-06-18,71,4,1209056.95,302264.2375,387618.51,1046.42,4185.68,4,2024-01-02,2024-01-12,75.0,25.0,Apartment,10,1,1,1,Home-Focused / First-Time Buyers,-0.49744386322662393,-0.9198021781794414
C1513,Individual,Danielle,Morales,06-08-1995,F,USA,Florida,Home,2,No,Website,1995-06-08,31,3,1452266.37,484088.79,552490.44,1538.7766666666666,4616.33,3,2025-01-03,2025-01-12,100.0,0.0,Apartment,9,0,3,0,High-Value / Luxury Investors,2.40301013587202,-0.47956656271700643
C1514,Individual,Linda,Bryant,12-08-1986,F,USA,New York,Home,4,No,Website,1986-12-08,39,3,1211908.53,403969.51,458308.65,1386.32,4158.96,3,2024-01-09,2025-01-04,66.66666666666666,33.33333333333333,Apartment,361,0,3,0,High-Value / Luxury Investors,1.0106497104895664,-0.654199763723056
C1515,Individual,Angela,Williams,10/16/1946,F,USA,Nevada,Investment,5,No,Website,1946-10-16,79,4,1433703.52,358425.88,499781.62,1227.17,4908.68,4,2024-01-01,2025-01-07,75.0,25.0,Apartment,372,0,0,2,Global Investors,0.4744702308381583,0.8848405428958229
C1516,Individual,Grace,Wood,5/23/1953,F,USA,Texas,Home,4,No,Website,1953-05-23,73,3,690456.91,230152.30333333332,355876.81,801.46,2404.38,3,2024-01-04,2025-01-09,66.66666666666666,33.33333333333333,Apartment,371,0,1,1,Home-Focused / First-Time Buyers,-2.7223433835623956,-1.2619585524932369
C1517,Individual,Benjamin,Chavez,2/23/1978,M,USA,California,Investment,2,No,Agency,1978-02-23,48,4,1328693.42,332173.355,442491.43,1076.59,4306.36,4,2024-01-02,2025-01-08,75.0,25.0,Apartment,372,0,0,2,Global Investors,-0.3983984060330972,1.0203632145179489
C1518,Individual,Teresa,Rogers,10-08-1994,F,Australia,Victoria,Home,5,Yes,Agency,1994-10-08,31,4,961942.88,240485.72,280586.67,886.4275,3545.71,4,2024-01-02,2025-01-06,100.0,0.0,Apartment,370,1,1,1,Home-Focused / First-Time Buyers,-1.8572753768262524,-0.7260890363445724
C1519,Individual,Kyle,Freeman,8/19/1972,M,USA,California,Home,1,No,Agency,1972-08-19,54,4,1366990.13,341747.53250000003,630466.93,1072.985,4291.9400000000005,4,2024-01-07,2025-01-12,100.0,0.0,Apartment,371,0,1,0,Home-Focused / First-Time Buyers,0.07968767673491503,-0.8454466760605801
C1520,Individual,Patrick,Griffin,12-05-1945,M,USA,Utah,Home,1,No,Website,1945-12-05,80,4,1425469.02,356367.255,556062.8,1187.8925,4751.57,4,2024-01-03,2025-01-05,100.0,0.0,Apartment,368,0,3,0,High-Value / Luxury Investors,0.6322125708994988,-0.998991202051895
C1521,Individual,Bryan,Foster,12/25/1973,M,USA,Nevada,Home,4,No,Agency,1973-12-25,52,3,913579.41,304526.47,346864.73,1032.28,3096.84,3,2024-01-01,2025-01-12,100.0,0.0,Apartment,377,0,1,1,Home-Focused / First-Time Buyers,-1.1857160067728543,-0.9565952004004141
C1522,Individual,Debra,Mitchell,9/14/1964,F,USA,Washington,Home,5,No,Website,1964-09-14,62,4,1598304.98,399576.245,568937.95,1378.985,5515.94,4,2024-01-04,2025-01-10,75.0,25.0,Apartment,372,0,3,0,High-Value / Luxury Investors,1.7993986927141385,-0.7145074976609783
C1523,Company,Horizon,Co,7/22/1981,M,Australia,Victoria,Investment,3,No,Website,1981-07-22,45,4,1652083.92,413020.98,563972.46,1334.8775,5339.51,4,2025-01-05,2025-01-12,100.0,0.0,Apartment,7,0,2,3,Corporate Buyers,1.2714934120497252,6.252035358145291
C1524,Individual,Jordan,Wilson,7/24/1967,M,USA,Virginia,Home,2,No,Client,1967-07-24,59,4,1434208.3,358552.075,582397.59,1164.015,4656.06,4,2024-01-02,2025-01-06,50.0,50.0,Apartment,370,0,3,0,High-Value / Luxury Investors,0.586285600957397,-0.8291987165826278
C1525,Individual,Timothy,Brown,8/24/1959,M,USA,California,Home,1,No,Agency,1959-08-24,67,3,1336757.18,445585.7266666666,544081.2,1511.63,4534.89,3,2025-01-02,2025-01-12,100.0,0.0,Apartment,10,0,3,0,High-Value / Luxury Investors,1.8705558490130425,-0.821139604978436
C1526,Individual,Victoria,Howard,08-05-1956,F,USA,California,Home,3,No,Website,1956-08-05,70,3,1429330.15,476443.3833333333,559747.82,1600.9133333333332,4802.74,3,2024-01-03,2025-01-05,100.0,0.0,Apartment,368,0,3,0,High-Value / Luxury Investors,2.54265213086142,-0.7645122038562598
C1527,Individual,Martha,Thomas,5/13/1989,F,USA,California,Home,1,No,Agency,1989-05-13,37,3,993447.06,331149.02,403651.55,1200.35,3601.05,3,2024-01-03,2025-01-06,100.0,0.0,Apartment,369,0,1,1,Home-Focused / First-Time Buyers,-0.47405599175882795,-0.8032004560385974
C1528,Individual,Jennifer,Weaver,09-02-1997,F,Germany,Hamburg,Home,1,Yes,Website,1997-09-02,29,3,1058452.68,352817.56,522641.04,1125.17,3375.51,3,2024-01-10,2025-01-12,66.66666666666666,33.33333333333333,Apartment,368,1,1,0,Home-Focused / First-Time Buyers,-0.41244490304866804,-0.643575055575036
C1529,Company,Helios,Co,4/19/1989,M,USA,California,Home,4,No,Website,1989-04-19,37,4,1614522.9,403630.725,559177.67,1350.98,5403.92,4,2024-01-01,2025-01-11,100.0,0.0,Apartment,376,0,2,3,Corporate Buyers,1.5380225603010562,4.491793074517236
C1530,Individual,Sarah,Wright,11/20/1988,F,USA,California,Home,2,No,Website,1988-11-20,37,3,1011087.75,337029.25,506418.4,1107.81,3323.43,3,2024-01-01,2025-01-06,100.0,0.0,Apartment,371,0,1,1,Home-Focused / First-Time Buyers,-0.6230011054904254,-0.8051859621026491
C1531,Individual,Bryan,Cox,3/15/1964,M,France,Brittany,Investment,2,No,Website,1964-03-15,62,4,1272471.05,318117.7625,509367.59,1065.415,4261.66,4,2024-01-04,2024-01-12,50.0,50.0,Apartment,8,0,0,2,Global Investors,-0.6103987491334637,0.8901732153412002
C1532,Individual,Linda,Freeman,9/26/1998,F,USA,Texas,Home,3,Yes,Website,1998-09-26,27,4,1446462.79,361615.6975,553937.2,1164.015,4656.06,4,2024-01-05,2025-01-06,100.0,0.0,Apartment,367,1,3,0,High-Value / Luxury Investors,0.588145326776141,-0.48145477315616625
C1533,Individual,Anthony,Bryant,10-05-1988,M,Canada,British Columbia,Home,4,No,Agency,1988-10-05,37,4,1019127.09,254781.7725,479088.84,727.265,2909.06,4,2024-01-09,2025-01-07,50.0,50.0,Apartment,364,0,1,1,Home-Focused / First-Time Buyers,-2.0630043359059407,-0.8836685263761654
C1534,Individual,Sandra,Pierce,06-08-1996,F,USA,California,Home,4,Yes,Website,1996-06-08,30,3,1195359.88,398453.2933333333,552866.95,1303.4733333333334,3910.42,3,2024-01-04,2025-01-10,100.0,0.0,Apartment,372,1,3,0,High-Value / Luxury Investors,0.6980003201508564,-0.5229775241824672
C1535,Individual,Jeremy,Stone,09-03-1994,M,UK,England,Investment,3,No,Agency,1994-09-03,32,4,1967005.46,491751.365,621748.81,1591.4725,6365.889999999999,4,2024-01-08,2025-01-09,100.0,0.0,Apartment,367,0,3,2,High-Value / Luxury Investors,3.258245269610633,1.495938142582014
C1536,Individual,Sara,Baker,06-05-1982,F,USA,Washington,Home,3,No,Website,1982-06-05,44,3,1076884.84,358961.61333333334,687894.92,1050.6433333333332,3151.93,3,2024-01-05,2025-01-06,66.66666666666666,33.33333333333333,Apartment,367,0,1,1,Home-Focused / First-Time Buyers,-0.4604927095453347,-0.8329134932773741
C1537,Individual,Lisa,Foster,08-04-1999,F,USA,Arizona,Home,5,No,Website,1999-08-04,27,3,1637300.41,545766.8033333333,581950.52,1579.3133333333335,4737.9400000000005,3,2024-01-11,2025-01-06,66.66666666666666,33.33333333333333,Apartment,361,0,3,0,High-Value / Luxury Investors,3.353598133590311,-0.33013055215904014
C1538,Individual,Jessica,Kim,01-07-1947,F,USA,California,Investment,5,No,Website,1947-01-07,79,3,775544.78,258514.92666666667,394524.62,941.38,2824.14,3,2024-01-05,2025-01-09,66.66666666666666,33.33333333333333,Apartment,370,0,0,2,Global Investors,-2.3185682305228354,0.5910225365341871
C1539,Individual,Terry,Brown,5/13/1997,M,USA,Nevada,Home,1,No,Agency,1997-05-13,29,3,811448.36,270482.7866666667,281239.32,995.51,2986.53,3,2024-01-05,2025-01-06,100.0,0.0,Apartment,367,0,1,1,Home-Focused / First-Time Buyers,-1.8091110702864392,-0.8629859122448673
C1540,Individual,Roger,Cox,12-02-1957,M,USA,California,Home,2,Yes,Client,1957-12-02,68,3,842510.7,280836.9,433230.74,908.2333333333332,2724.7,3,2024-01-10,2025-01-06,100.0,0.0,Apartment,362,1,1,1,Home-Focused / First-Time Buyers,-1.8374309984466684,-1.0704408445898
C1541,Individual,Carl,Adams,11/20/1964,M,USA,California,Home,2,No,Website,1964-11-20,61,4,1173616.46,293404.115,412683.22,995.0275,3980.11,4,2024-01-10,2025-01-03,75.0,25.0,Apartment,359,0,1,1,Home-Focused / First-Time Buyers,-0.7987830432181534,-0.9753008414117184
C1542,Individual,Gary,Cook,7/27/1989,M,USA,Nevada,Home,1,Yes,Website,1989-07-27,37,3,1261648.92,420549.64,589311.2,1356.746666666667,4070.24,3,2024-01-02,2025-01-01,100.0,0.0,Apartment,365,1,3,0,High-Value / Luxury Investors,1.0842142927732636,-0.569050676821354
C1543,Individual,Virginia,Peterson,11-10-1955,F,USA,New York,Investment,3,No,Agency,1955-11-10,70,3,1199490.31,399830.1033333333,586216.96,1267.4066666666668,3802.22,3,2024-01-07,2025-01-02,66.66666666666666,33.33333333333333,Apartment,361,0,0,2,Global Investors,0.32020110312931493,0.8884172009709639
C1544,Individual,Heather,Evans,4/27/1947,F,Russia,Tatarstan,Home,3,No,Website,1947-04-27,79,3,1551623.3,517207.76666666666,596353.18,1679.1066666666666,5037.32,3,2024-01-02,2025-01-02,100.0,0.0,Apartment,366,0,3,0,High-Value / Luxury Investors,3.2897647807871846,-0.7650402917806168
C1545,Individual,Elizabeth,Price,11/23/1992,F,USA,California,Investment,1,Yes,Website,1992-11-23,33,3,1101811.15,367270.3833333333,494550.09,1254.503333333333,3763.51,3,2024-01-01,2024-01-04,100.0,0.0,Apartment,3,1,0,2,Global Investors,-0.2366953568858732,1.194232132293823
C1546,Individual,Sarah,Scott,06-06-1966,F,Mexico,Puebla,Home,4,Yes,Agency,1966-06-06,60,4,1161022.51,290255.6275,519316.1,874.9925000000001,3499.9700000000003,4,2024-01-06,2024-01-12,75.0,25.0,Apartment,6,1,1,1,Home-Focused / First-Time Buyers,-1.1370148005043874,-0.8898656862331088
C1547,Individual,Margaret,Martin,04-03-1975,F,USA,Florida,Home,2,Yes,Agency,1975-04-03,51,4,1199337.46,299834.365,455404.07,997.415,3989.66,4,2024-01-01,2025-01-12,75.0,25.0,Apartment,377,1,1,1,Home-Focused / First-Time Buyers,-0.7250632472422194,-0.8016597329992676
C1548,Company,Telnox,Co,12/26/1967,M,USA,California,Home,2,Yes,Website,1967-12-26,58,3,615223.03,205074.34333333332,249761.11,678.9699999999999,2036.91,3,2024-01-12,2025-01-12,100.0,0.0,Apartment,366,1,2,3,Corporate Buyers,-3.627327085279318,3.8859597482523305
C1549,Individual,Gary,Reyes,6/15/1961,M,Mexico,Nuevo Leon,Home,4,No,Client,1961-06-15,65,3,837044.35,279014.7833333333,334152.7,983.4266666666668,2950.28,3,2024-01-03,2024-01-11,100.0,0.0,Apartment,8,0,1,1,Home-Focused / First-Time Buyers,-1.624653700886233,-1.0992631630662781
C1550,Individual,Jason,Rogers,10-01-1998,M,USA,California,Home,2,No,Agency,1998-10-01,27,4,1368767.79,342191.9475,579944.58,1164.015,4656.06,4,2024-01-02,2025-01-06,100.0,0.0,Apartment,370,0,1,0,Home-Focused / First-Time Buyers,0.2999005891612525,-0.6072178192833195
C1551,Individual,Aaron,Howard,5/17/1991,M,USA,California,Home,2,No,Agency,1991-05-17,35,3,1252240.69,417413.5633333333,487577.71,1438.2933333333333,4314.88,3,2024-01-02,2024-01-10,66.66666666666666,33.33333333333333,Apartment,8,0,3,0,High-Value / Luxury Investors,1.281263208342376,-0.6164562443679095
C1552,Individual,Peter,Wilson,4/20/1947,M,USA,California,Investment,2,Yes,Agency,1947-04-20,79,4,1356450.7000000002,339112.67500000005,570187.06,1074.0525,4296.21,4,2024-01-10,2025-01-09,75.0,25.0,Apartment,365,1,0,2,Global Investors,-0.26764481293032727,0.8789714751228175
C1553,Company,Horizon,Co,3/27/1990,M,USA,Utah,Home,4,No,Agency,1990-03-27,36,3,979536.36,326512.12,505829.79,1038.7166666666667,3116.15,3,2024-01-02,2025-01-08,100.0,0.0,Apartment,372,0,2,3,Corporate Buyers,-1.1001023010861903,4.220684512579292
C1554,Individual,Gregory,Cox,03-04-1998,M,Germany,Bavaria,Home,1,No,Website,1998-03-04,28,3,742034.24,247344.74666666667,293555.19,678.9699999999999,2036.91,3,2024-01-06,2025-01-08,100.0,0.0,Apartment,368,0,1,1,Home-Focused / First-Time Buyers,-2.938793368962657,-0.9531901112273755
C1555,Individual,Julia,Martin,4/25/1946,F,UK,England,Home,5,No,Website,1946-04-25,80,4,1233852.38,308463.095,488976.07,1012.5575,4050.23,4,2024-01-07,2025-01-08,100.0,0.0,Apartment,367,0,1,1,Home-Focused / First-Time Buyers,-0.4547894288620644,-1.0637182879474776
C1556,Individual,Grace,Wood,11/20/1982,F,USA,Colorado,Investment,2,No,Agency,1982-11-20,43,4,1215734.71,303933.6775,410418.36,1020.3875,4081.55,4,2024-01-01,2025-01-05,100.0,0.0,Apartment,370,0,0,2,Global Investors,-0.9631369234137043,1.0057588177462249
C1557,Individual,Joan,Griffin,3/15/1942,F,USA,New York,Home,2,Yes,Website,1942-03-15,84,3,955054.18,318351.3933333333,528144.96,1072.4833333333331,3217.45,3,2024-01-05,2025-01-10,100.0,0.0,Apartment,371,1,1,1,Home-Focused / First-Time Buyers,-0.8967071554925686,-1.1101668584825708
C1558,Individual,Tyler,Phillips,03-12-1944,M,Mexico,Baja California,Home,4,No,Website,1944-03-12,82,3,1482069.56,494023.1866666667,578692.29,1680.5266666666666,5041.58,3,2024-01-06,2024-01-10,33.33333333333333,66.66666666666666,Office,4,0,3,0,High-Value / Luxury Investors,3.014093646813727,-0.8064920629828592
C1559,Individual,Sara,Mitchell,3/27/1975,F,UK,England,Home,2,No,Website,1975-03-27,51,3,1345808.87,448602.9566666667,527049.84,1445.2933333333333,4335.88,3,2024-01-01,2025-01-01,100.0,0.0,Apartment,366,0,3,0,High-Value / Luxury Investors,1.7286084616591986,-0.6982620335342126
C1560,Individual,Christina,Hughes,7/15/1940,F,USA,California,Home,4,Yes,Client,1940-07-15,86,3,1052677.5699999998,350892.52333333326,415366.42,1148.0433333333333,3444.13,3,2024-01-10,2025-01-03,66.66666666666666,33.33333333333333,Apartment,359,1,1,1,Home-Focused / First-Time Buyers,-0.24019148075296176,-1.0467059029447248
C1561,Individual,Jeffrey,Green,4/28/1964,M,Mexico,Nuevo Leon,Investment,5,No,Agency,1964-04-28,62,3,1135294.51,378431.50333333336,661640.07,1193.7733333333333,3581.32,3,2024-01-05,2025-01-06,100.0,0.0,Apartment,367,0,0,2,Global Investors,-0.1285665036744768,0.9280172860039823
C1562,Individual,Maria,Morris,07-05-1987,F,USA,California,Home,4,No,Client,1987-07-05,39,3,1179775.32,393258.44,534178.9,1268.0466666666669,3804.14,3,2024-01-02,2024-01-11,100.0,0.0,Apartment,9,0,3,0,High-Value / Luxury Investors,0.5623212011729323,-0.693387275880496
C1563,Individual,Susan,Baker,6/18/1987,F,USA,Utah,Home,5,No,Website,1987-06-18,39,3,979729.05,326576.35000000003,428024.76,1090.7733333333333,3272.32,3,2025-01-07,2025-01-11,66.66666666666666,33.33333333333333,Apartment,4,0,1,1,Home-Focused / First-Time Buyers,-0.7496495753128382,-0.8056007375157624
C1564,Individual,Jason,Wood,11-06-1964,M,USA,Washington,Investment,5,No,Website,1964-11-06,61,3,1595925.43,531975.1433333333,634070.07,1635.6233333333332,4906.87,3,2024-01-10,2025-01-12,100.0,0.0,Apartment,368,0,3,2,High-Value / Luxury Investors,3.017658684404198,1.2258258842537255
C1565,Individual,Kenneth,Bennett,08-08-1980,M,Mexico,Jalisco,Home,4,No,Agency,1980-08-08,46,4,1140899.22,285224.805,422684.36,994.0725,3976.29,4,2024-01-02,2025-01-01,75.0,25.0,Apartment,365,0,1,0,Home-Focused / First-Time Buyers,-0.9092874064719242,-0.8509505801963312
C1566,Individual,Anthony,Wilson,01-01-1995,M,USA,California,Home,3,No,Website,1995-01-01,31,4,1450240.65,362560.1625,530764.64,1175.235,4700.94,4,2024-01-12,2025-01-08,100.0,0.0,Apartment,362,0,3,0,High-Value / Luxury Investors,0.6479666769159337,-0.5954375263726999
C1567,Individual,Frank,Wilson,10-11-1977,M,USA,Georgia,Home,4,No,Client,1977-10-11,48,4,1594452.62,398613.155,537350.96,1276.9875,5107.95,4,2024-01-01,2025-01-05,75.0,25.0,Apartment,370,0,3,0,High-Value / Luxury Investors,1.4804423830750681,-0.6411608574232074
C1568,Individual,Betty,Owens,03-06-1990,F,USA,California,Home,5,No,Website,1990-03-06,36,3,1373808.09,457936.03,570859.46,1357.1933333333334,4071.58,3,2024-01-12,2025-01-06,66.66666666666666,33.33333333333333,Apartment,360,0,3,0,High-Value / Luxury Investors,1.6468484510138162,-0.5585380752841596
C1569,Individual,Pamela,Turner,11-05-1993,F,USA,California,Investment,1,Yes,Website,1993-11-05,32,3,1175242.5499999998,391747.5166666666,624932.71,1258.29,3774.87,3,2024-01-02,2025-01-09,100.0,0.0,Apartment,373,1,0,2,Global Investors,0.0892388803313348,1.233717861907671
C1570,Individual,Amanda,Williams,12/27/1963,F,USA,Ohio,Home,5,No,Website,1963-12-27,62,4,1469638.4,367409.6,493931.35,1333.5625,5334.25,4,2024-01-01,2024-01-03,100.0,0.0,Apartment,2,0,3,0,High-Value / Luxury Investors,1.2134537626944484,-0.7708286615826075
C1571,Individual,Ethan,Morales,06-03-1978,M,USA,California,Home,2,No,Website,1978-06-03,48,4,1243439.96,310859.99,396729.97,1092.085,4368.34,4,2024-01-12,2025-01-11,100.0,0.0,Apartment,365,0,1,0,Home-Focused / First-Time Buyers,-0.3112344862061142,-0.8292648307327053
C1572,Individual,Donald,Baker,06-10-1960,M,Australia,Queensland,Home,3,No,Agency,1960-06-10,66,4,886149.52,221537.38,284177.91,748.33,2993.32,4,2024-01-01,2025-01-05,100.0,0.0,Apartment,370,0,1,1,Home-Focused / First-Time Buyers,-2.463290163904748,-1.1603552145290577
C1573,Individual,Amanda,Richardson,05-07-1946,F,USA,California,Home,1,No,Website,1946-05-07,80,4,1175839.94,293959.985,410772.92,1059.9375,4239.75,4,2025-01-01,2025-01-05,50.0,50.0,Apartment,4,0,1,1,Home-Focused / First-Time Buyers,-0.6087759521455532,-1.1168912447430726
C1574,Individual,Gary,Morris,8/14/1984,M,USA,California,Home,4,No,Website,1984-08-14,42,3,1195224.9,398408.3,488398.75,1255.6333333333334,3766.9,3,2024-01-02,2025-01-03,100.0,0.0,Apartment,367,0,3,0,High-Value / Luxury Investors,0.6012382126477436,-0.7125837799276236
C1575,Individual,Paul,Freeman,12/19/2000,M,USA,California,Home,2,No,Website,2000-12-19,25,4,1395067.16,348766.79000000004,494892.28,1158.7275,4634.91,4,2024-01-05,2025-01-10,100.0,0.0,Apartment,371,0,1,0,Home-Focused / First-Time Buyers,0.3785018249173893,-0.58351184317605
C1576,Individual,Heather,Cook,9/28/1977,F,USA,Nevada,Investment,3,Yes,Website,1977-09-28,48,4,1359536.24,339884.06,516417.01,1098.1675,4392.67,4,2024-01-02,2025-01-07,75.0,25.0,Apartment,371,1,0,2,Global Investors,-0.2238133765800392,1.1338766978739108
C1577,Individual,Ethan,Edwards,2/15/1983,M,Germany,Bavaria,Home,3,No,Website,1983-02-15,43,3,1427933.58,475977.86,574268.12,1471.9,4415.7,3,2024-01-07,2025-01-11,66.66666666666666,33.33333333333333,Apartment,370,0,3,0,High-Value / Luxury Investors,2.157977782849117,-0.5858129315477856
C1578,Individual,Mark,Turner,03-12-1996,M,USA,California,Investment,2,No,Website,1996-03-12,30,3,765431.01,255143.67,334041.57,934.8733333333332,2804.62,3,2024-01-09,2025-01-12,100.0,0.0,Apartment,369,0,0,2,Global Investors,-2.5045231173604976,0.929589012853744
C1579,Individual,Robert,Bell,10-03-1945,M,USA,Arizona,Investment,4,No,Website,1945-10-03,80,4,1101753.59,275438.3975,300464.18,952.0525,3808.21,4,2024-01-10,2025-01-10,75.0,25.0,Apartment,366,0,0,2,Global Investors,-1.4656239390317067,0.6870206329754538
C1580,Individual,Jordan,Martin,12-05-1997,M,USA,Georgia,Investment,1,Yes,Website,1997-12-05,28,4,1008834.66,252208.665,458458.71,872.2,3488.8,4,2024-01-01,2025-01-12,75.0,25.0,Apartment,377,1,0,2,Global Investors,-2.1522739984719363,1.0905002691850558
C1581,Individual,James,Reyes,11-08-1950,M,USA,California,Investment,1,No,Website,1950-11-08,75,3,1123364.22,374454.74,518409.3,1023.9266666666666,3071.78,3,2025-01-01,2025-01-04,33.33333333333333,66.66666666666666,Office,3,0,0,2,Global Investors,-0.6719041164760217,0.743915380642735
C1582,Individual,Harold,Baker,8/20/1955,M,France,Ile-de-France,Home,4,Yes,Client,1955-08-20,71,3,1030269.01,343423.00333333336,446919.96,1050.08,3150.24,3,2024-01-04,2024-01-10,66.66666666666666,33.33333333333333,Apartment,6,1,1,1,Home-Focused / First-Time Buyers,-0.6162150810885911,-0.9622541526471403
C1583,Individual,Peter,Scott,01-03-1968,M,USA,California,Home,2,No,Agency,1968-01-03,58,4,1378030.61,344507.6525,456061.7,1170.135,4680.54,4,2024-01-03,2025-01-05,75.0,25.0,Apartment,368,0,1,0,Home-Focused / First-Time Buyers,0.3968117375617484,-0.8404905916968523
C1584,Company,Nexus,Co,08-12-1985,M,France,Brittany,Investment,1,Yes,Website,1985-08-12,41,3,1199226.44,399742.14666666667,491267.17,1361.743333333333,4085.23,3,2025-01-05,2025-01-08,100.0,0.0,Apartment,3,1,2,3,Corporate Buyers,0.28523099116785766,6.22241386920117
C1585,Individual,Kevin,Watson,10-10-1960,M,Canada,Ontario,Home,5,No,Website,1960-10-10,65,4,1480011.91,370002.9775,478106.01,1276.8225,5107.29,4,2024-01-06,2025-01-02,100.0,0.0,Apartment,362,0,3,0,High-Value / Luxury Investors,1.1072752107991708,-0.8024022872243748
C1586,Individual,Carolyn,Roberts,1/21/1967,F,Germany,Berlin,Home,3,No,Website,1967-01-21,59,3,1116579.83,372193.2766666667,419816.08,1224.68,3674.04,3,2024-01-01,2025-01-04,100.0,0.0,Apartment,369,0,1,1,Home-Focused / First-Time Buyers,0.18927163061448612,-0.8935869807893152
C1587,Individual,Carl,Cooper,12-02-1943,M,Canada,Quebec,Investment,4,Yes,Agency,1943-12-02,82,3,743057.13,247685.71,358380.74,850.2466666666668,2550.74,3,2024-01-09,2024-01-10,100.0,0.0,Apartment,1,1,0,2,Global Investors,-2.72034699600471,0.6109943358120168
C1588,Individual,Patricia,Thomas,10/25/1980,F,USA,Utah,Investment,5,No,Website,1980-10-25,45,3,957201.31,319067.10333333333,503642.95,1104.51,3313.53,3,2024-01-01,2025-01-02,100.0,0.0,Apartment,367,0,0,2,Global Investors,-1.1581422331595226,0.9640031278320814
C1589,Individual,Christina,Ward,08-12-1953,F,USA,California,Investment,4,No,Agency,1953-08-12,73,3,1380536.7000000002,460178.9000000001,593745.43,1396.87,4190.61,3,2024-01-04,2024-01-06,66.66666666666666,33.33333333333333,Apartment,2,0,0,2,Global Investors,1.4631750123938705,0.9804675441793803
C1590,Company,Elara,Co,6/19/1979,F,USA,Oregon,Home,1,No,Website,1979-06-19,47,4,1470403.6,367600.9,497116.96,1228.8325,4915.33,4,2024-01-07,2025-01-07,75.0,25.0,Apartment,366,0,2,3,Corporate Buyers,0.6600596065230818,4.304647221547792
C1591,Individual,Christine,Brooks,8/15/1971,F,USA,California,Investment,4,No,Website,1971-08-15,55,4,1676312.98,419078.245,523585.37,1341.715,5366.86,4,2024-01-05,2025-01-10,100.0,0.0,Apartment,371,0,0,2,Global Investors,1.601472790240632,1.1708940069617422
C1592,Individual,Heather,Allen,06-01-1975,F,USA,Texas,Investment,2,Yes,Agency,1975-06-01,51,4,878452.1900000001,219613.0475,273978.28,735.11,2940.44,4,2024-01-04,2025-01-08,75.0,25.0,Apartment,370,1,0,2,Global Investors,-2.9323246893476416,0.8477782886867131
C1593,Individual,Anthony,Williams,08-05-1975,M,USA,California,Home,1,No,Website,1975-08-05,51,4,825960.49,206490.1225,280450.33,666.135,2664.54,4,2024-01-04,2024-01-09,100.0,0.0,Apartment,5,0,1,1,Home-Focused / First-Time Buyers,-2.953333241271053,-1.1060138978586436
C1594,Individual,Kathleen,Green,10/24/1969,F,USA,Colorado,Home,2,No,Agency,1969-10-24,56,4,1522994.53,380748.6325,524785.88,1259.875,5039.5,4,2024-01-07,2025-01-05,75.0,25.0,Apartment,364,0,3,0,High-Value / Luxury Investors,1.1547969495143344,-0.7533285189702705
C1595,Individual,Charles,Reed,8/20/1955,M,USA,California,Home,5,No,Website,1955-08-20,71,4,1310147.86,327536.965,583134.02,1186.5225,4746.09,4,2024-01-07,2025-01-07,100.0,0.0,Apartment,366,0,1,1,Home-Focused / First-Time Buyers,0.26352337541343274,-0.929383154258439
C1596,Individual,Frank,Hall,11-10-1979,M,Germany,Berlin,Investment,4,No,Website,1979-11-10,46,3,1642954.44,547651.48,634487.77,1649.26,4947.78,3,2024-01-04,2025-01-05,100.0,0.0,Apartment,367,0,3,2,High-Value / Luxury Investors,3.21700585029001,1.3531418103634367
C1597,Individual,Rachel,Cox,12/28/1949,F,USA,Nevada,Investment,4,Yes,Website,1949-12-28,76,4,1155778.2,288944.55,356644.67,947.7475,3790.99,4,2024-01-04,2025-01-07,100.0,0.0,Apartment,369,1,0,2,Global Investors,-1.2975017742570665,0.8233821661340187
C1598,Individual,Angela,Adams,6/23/1940,F,USA,Georgia,Home,4,Yes,Agency,1940-06-23,86,3,1163931.67,387977.2233333333,523992.65,1310.3966666666663,3931.19,3,2024-01-07,2025-01-09,100.0,0.0,Apartment,368,1,3,0,High-Value / Luxury Investors,0.665595975723173,-0.9645767485292122
C1599,Individual,Stephanie,Thompson,11/19/1980,F,USA,Virginia,Investment,5,Yes,Website,1980-11-19,45,3,1321031.17,440343.7233333333,584321.85,1337.1733333333334,4011.52,3,2024-01-10,2025-01-11,100.0,0.0,Apartment,367,1,0,2,Global Investors,1.0131629319990805,1.2550348767498898
C1600,Individual,Jennifer,Rogers,2/13/1968,F,Belgium,Wallonia,Home,5,No,Website,1968-02-13,58,4,1237164.36,309291.09,430028.88,984.6475,3938.59,4,2024-01-06,2025-01-02,100.0,0.0,Apartment,362,0,1,0,Home-Focused / First-Time Buyers,-0.5493185037914553,-0.8997050881093392
C1601,Individual,Tiffany,Parker,8/13/1996,F,Russia,Krasnodar Krai,Home,3,No,Website,1996-08-13,30,3,829078.01,276359.33666666667,324581.41,913.67,2741.01,3,2024-01-04,2025-01-12,100.0,0.0,Apartment,374,0,1,1,Home-Focused / First-Time Buyers,-1.9117657910809835,-0.8597126767640167
C1602,Individual,Harold,Turner,11-01-1986,M,USA,Nevada,Investment,4,No,Website,1986-11-01,39,4,1676863.99,419215.9975,534260.23,1425.28,5701.12,4,2024-01-10,2025-01-12,100.0,0.0,Apartment,368,0,0,2,Global Investors,1.7976554395704996,1.3120095833838592
C1603,Individual,Hannah,Rogers,09-07-1962,F,UK,England,Home,5,No,Website,1962-09-07,64,4,1077719.71,269429.9275,371548.46,976.205,3904.82,4,2024-01-06,2025-01-08,50.0,50.0,Apartment,368,0,1,1,Home-Focused / First-Time Buyers,-1.1411267948632904,-1.0051857735841347
C1604,Individual,Ronald,Kim,09-10-1949,M,USA,Texas,Home,4,No,Website,1949-09-10,77,3,1050264.24,350088.08,539529.66,1243.8233333333333,3731.47,3,2024-01-03,2025-01-06,66.66666666666666,33.33333333333333,Apartment,369,0,1,1,Home-Focused / First-Time Buyers,-0.003162698577043024,-1.0449666481087114
C1605,Individual,Joshua,Collins,1/21/1999,M,UK,England,Investment,4,Yes,Website,1999-01-21,27,4,1170783.34,292695.835,573983.92,874.9925000000001,3499.9700000000003,4,2024-01-05,2025-01-08,50.0,50.0,Apartment,369,1,0,2,Global Investors,-1.508053244100829,1.1891450282633442
C1606,Individual,Zachary,Howard,3/20/1965,M,USA,Washington,Home,1,Yes,Agency,1965-03-20,61,3,917562.71,305854.23666666663,396586.67,1033.4833333333331,3100.45,3,2025-01-02,2025-01-12,66.66666666666666,33.33333333333333,Apartment,10,1,1,1,Home-Focused / First-Time Buyers,-1.2127508803785954,-0.9685201785589018
C1607,Individual,Emma,Hall,03-11-1963,F,USA,California,Home,3,No,Agency,1963-03-11,63,3,829294.5700000001,276431.5233333334,345524.63,927.6066666666666,2782.82,3,2024-01-05,2025-01-07,100.0,0.0,Apartment,368,0,1,1,Home-Focused / First-Time Buyers,-1.8240514215394534,-1.1098977700217754
C1608,Individual,Heather,Pierce,11/14/1999,F,UK,England,Home,4,Yes,Website,1999-11-14,26,3,1431381.65,477127.2166666666,609069.59,1447.82,4343.46,3,2025-01-09,2025-01-11,66.66666666666666,33.33333333333333,Apartment,2,1,3,0,High-Value / Luxury Investors,2.0901460857509284,-0.36139273329809496
C1609,Individual,Justin,Reed,10-02-1964,M,USA,California,Investment,2,No,Website,1964-10-02,61,3,804844.43,268281.4766666667,327614.46,900.46,2701.38,3,2024-01-09,2025-01-01,100.0,0.0,Apartment,358,0,0,2,Global Investors,-2.3768210876972584,0.700820987561075
C1610,Individual,Kenneth,White,3/23/1967,M,USA,California,Investment,3,No,Website,1967-03-23,59,4,1249167.74,312291.935,464148.93,1114.2125,4456.85,4,2024-01-03,2025-01-11,75.0,25.0,Apartment,374,0,0,2,Global Investors,-0.5551128684546661,0.9259758175795567
C1611,Individual,Sarah,Bryant,09-02-1975,F,USA,Nevada,Investment,4,No,Website,1975-09-02,51,4,1072189.52,268047.38,300261.31,842.75,3371.0,4,2024-01-03,2025-01-02,100.0,0.0,Apartment,365,0,0,2,Global Investors,-1.9030854001919197,0.8752516868105942
C1612,Individual,Jason,Price,2/25/1990,M,USA,California,Home,1,No,Agency,1990-02-25,36,3,766554.56,255518.18666666668,389142.71,839.1433333333334,2517.4300000000003,3,2024-01-03,2024-01-09,100.0,0.0,Apartment,6,0,1,1,Home-Focused / First-Time Buyers,-2.4015890690096837,-0.9695419473973403
C1613,Individual,Ryan,Griffin,01-08-1998,M,Denmark,Southern Denmark,Home,2,Yes,Agency,1998-01-08,28,4,1608368.22,402092.055,536339.3,1400.6975,5602.79,4,2024-01-03,2025-01-02,75.0,25.0,Apartment,365,1,3,0,High-Value / Luxury Investors,1.7797460649033416,-0.3899819028110138
C1614,Individual,Julie,Williams,5/16/1968,F,USA,Utah,Investment,4,No,Website,1968-05-16,58,3,822155.05,274051.68333333335,375800.81,1059.3466666666666,3178.04,3,2025-01-03,2025-01-10,100.0,0.0,Apartment,7,0,0,2,Global Investors,-1.8572850115613742,0.7868210668863234
C1615,Individual,Jason,Mitchell,08-01-1963,M,USA,Utah,Home,5,No,Agency,1963-08-01,63,3,857125.52,285708.50666666665,475179.93,903.87,2711.61,3,2024-01-01,2025-01-09,100.0,0.0,Apartment,374,0,1,1,Home-Focused / First-Time Buyers,-1.7321342779495363,-1.0820543158304046
C1616,Individual,Aaron,Nelson,09-01-1991,M,UK,Wales,Investment,5,Yes,Website,1991-09-01,35,4,1344053.71,336013.4275,542250.95,1128.1275,4512.51,4,2024-01-01,2025-01-12,100.0,0.0,Apartment,377,1,0,2,Global Investors,-0.1878314417622368,1.2557999578260894
C1617,Individual,Michelle,Baker,10-09-1952,F,USA,California,Home,3,No,Website,1952-10-09,73,3,776005.5,258668.5,389944.98,839.1433333333334,2517.4300000000003,3,2024-01-02,2025-01-03,100.0,0.0,Apartment,367,0,1,1,Home-Focused / First-Time Buyers,-2.2706447422779683,-1.228310910859369
C1618,Individual,Linda,Price,11/22/1962,F,USA,Washington,Home,2,Yes,Website,1962-11-22,63,4,1356655.6800000002,339163.92000000004,567758.66,1103.3025,4413.21,4,2024-01-02,2025-01-10,75.0,25.0,Apartment,374,1,1,0,Home-Focused / First-Time Buyers,0.1413616501749439,-0.8139950722032222
C1619,Individual,Jason,Baker,10/24/1952,M,Belgium,Wallonia,Home,2,No,Website,1952-10-24,73,4,1390206.46,347551.615,466648.29,1164.015,4656.06,4,2024-01-04,2025-01-11,50.0,50.0,Apartment,373,0,3,0,High-Value / Luxury Investors,0.4478832644877267,-0.9525528694730238
C1620,Individual,Jacob,Morales,05-07-1944,M,USA,California,Home,1,Yes,Website,1944-05-07,82,3,788250.3500000001,262750.1166666667,306030.71,979.0866666666668,2937.26,3,2024-01-03,2024-01-12,66.66666666666666,33.33333333333333,Apartment,9,1,1,1,Home-Focused / First-Time Buyers,-1.8822242878224966,-1.1960675142876143
C1621,Individual,Carl,Wood,6/15/1954,M,USA,Oregon,Investment,2,No,Agency,1954-06-15,72,3,739739.97,246579.99,330239.65,973.09,2919.27,3,2024-01-07,2025-01-08,100.0,0.0,Apartment,367,0,0,2,Global Investors,-2.451612292824556,0.6046503965526414
C1622,Individual,Angela,Taylor,02-01-1961,F,USA,Oregon,Home,1,Yes,Website,1961-02-01,65,3,1054193.36,351397.7866666666,466599.16,1107.81,3323.43,3,2024-01-10,2025-01-03,100.0,0.0,Apartment,359,1,1,1,Home-Focused / First-Time Buyers,-0.42137451012292154,-0.9254571269908722
C1623,Individual,Julia,Hall,01-12-1994,F,USA,Oregon,Home,4,No,Website,1994-01-12,32,3,1060233.46,353411.1533333333,508317.94,1111.2966666666666,3333.89,3,2024-01-08,2024-01-10,100.0,0.0,Apartment,2,0,1,0,Home-Focused / First-Time Buyers,-0.3753247411174968,-0.7240704591519368
C1624,Individual,Jennifer,Stewart,01-04-1951,F,USA,California,Home,4,Yes,Website,1951-01-04,75,4,1943363.94,485840.985,663848.64,1602.67,6410.68,4,2024-01-03,2025-01-11,100.0,0.0,Apartment,374,1,3,0,High-Value / Luxury Investors,3.6295954670660047,-0.5647204323588826
C1625,Individual,Harold,Wright,02-03-2000,M,Australia,Western Australia,Home,4,No,Agency,2000-02-03,26,3,910587.85,303529.2833333333,437096.17,1094.84,3284.52,3,2024-01-09,2025-01-08,100.0,0.0,Apartment,365,0,1,1,Home-Focused / First-Time Buyers,-1.0746633475119247,-0.7447359649937599
C1626,Individual,Jennifer,Morales,2/24/1970,F,France,Provence,Home,2,Yes,Website,1970-02-24,56,3,1225657.22,408552.4066666667,506351.81,1464.8466666666666,4394.54,3,2024-01-08,2024-01-11,100.0,0.0,Apartment,3,1,3,0,High-Value / Luxury Investors,1.257125227663755,-0.6960341689660097
C1627,Individual,David,Bryant,8/14/1973,M,USA,California,Investment,1,No,Website,1973-08-14,53,3,1275226.77,425075.59,487397.65,1527.8633333333337,4583.59,3,2024-01-05,2025-01-11,100.0,0.0,Apartment,372,0,0,2,Global Investors,1.269427365379825,1.0860580975599066
C1628,Company,Lumina,Co,10/13/1993,F,France,Normandy,Home,4,Yes,Website,1993-10-13,32,3,800299.08,266766.36,369992.93,842.73,2528.19,3,2024-01-04,2025-01-04,66.66666666666666,33.33333333333333,Apartment,366,1,2,3,Corporate Buyers,-2.4046155599349786,4.220356106611332
C1629,Individual,Stephanie,Roberts,8/26/1956,F,USA,Utah,Home,5,No,Agency,1956-08-26,70,3,789150.05,263050.01666666666,370439.82,1008.13,3024.39,3,2024-01-09,2025-01-11,66.66666666666666,33.33333333333333,Apartment,368,0,1,1,Home-Focused / First-Time Buyers,-1.7427062183685125,-1.1418806071304075
C1630,Company,Grandis,Co,05-06-1994,F,USA,Virginia,Investment,1,Yes,Website,1994-05-06,32,3,1206881.92,402293.9733333333,466289.68,1338.1466666666668,4014.44,3,2024-01-01,2024-01-08,66.66666666666666,33.33333333333333,Apartment,7,1,2,3,Corporate Buyers,0.24289056847847365,6.289612667248944
C1631,Individual,Joan,Patterson,03-12-1966,F,UK,Northern Ireland,Home,5,No,Website,1966-03-12,60,4,1683720.2,420930.05,605216.52,1267.07,5068.28,4,2024-01-01,2025-01-02,75.0,25.0,Apartment,367,0,3,0,High-Value / Luxury Investors,1.8137179199470967,-0.6925498659855779
C1632,Individual,Victoria,Wright,07-12-1963,F,USA,California,Investment,3,Yes,Agency,1963-07-12,63,4,1425130.6800000002,356282.67000000004,587752.9,1152.755,4611.02,4,2024-01-01,2025-01-11,100.0,0.0,Apartment,376,1,0,2,Global Investors,0.1799910679392455,1.0542649430310913
C1633,Individual,Sara,Bennett,07-03-1977,F,Canada,Ontario,Home,2,No,Website,1977-07-03,49,3,847190.3300000001,282396.7766666667,430268.83,976.8166666666666,2930.45,3,2024-01-07,2025-01-05,66.66666666666666,33.33333333333333,Apartment,364,0,1,1,Home-Focused / First-Time Buyers,-1.6561167603365332,-0.9948445672509755
C1634,Individual,Sara,King,01-11-1944,F,USA,Georgia,Investment,2,No,Website,1944-01-11,82,4,1044217.01,261054.2525,444069.92,872.2,3488.8,4,2024-01-01,2025-01-10,100.0,0.0,Apartment,375,0,0,2,Global Investors,-1.9139855264557282,0.6123417610004841
C1635,Individual,Lawrence,Moore,4/27/1948,M,France,Brittany,Home,1,No,Website,1948-04-27,78,4,1104480.44,276120.11,557253.35,919.7425,3678.97,4,2024-01-02,2025-01-08,100.0,0.0,Apartment,372,0,1,1,Home-Focused / First-Time Buyers,-1.2376104742273766,-1.1576942113035467
C1636,Company,Zynex,Co,01-10-1987,F,USA,Arizona,Home,5,Yes,Website,1987-01-10,39,3,1171439.72,390479.9066666667,480665.23,1308.513333333333,3925.54,3,2024-01-01,2024-01-08,66.66666666666666,33.33333333333333,Apartment,7,1,2,3,Corporate Buyers,0.44623590753000913,4.434799104548741
C1637,Individual,Jacob,Cook,02-11-1969,M,Mexico,Nuevo Leon,Home,5,No,Agency,1969-02-11,57,3,1333020.46,444340.1533333333,558806.02,1525.18,4575.54,3,2024-01-04,2025-01-02,100.0,0.0,Apartment,364,0,3,0,High-Value / Luxury Investors,1.9418901009830607,-0.7005416701030733
C1638,Individual,Cynthia,Peterson,12/14/1978,F,France,Occitanie,Investment,1,Yes,Agency,1978-12-14,47,3,1047895.71,349298.57,487075.17,1175.6833333333334,3527.05,3,2024-01-08,2025-01-06,33.33333333333333,66.66666666666666,Office,364,1,0,2,Global Investors,-0.6546734551554728,1.0469415301167124
C1639,Individual,Ronald,Smith,9/26/1943,M,USA,Colorado,Home,1,No,Website,1943-09-26,82,4,1088561.44,272140.36,434288.76,975.4225,3901.69,4,2024-01-01,2025-01-01,100.0,0.0,Apartment,366,0,1,1,Home-Focused / First-Time Buyers,-1.1436631511622712,-1.1820829974965277
C1640,Individual,Helen,Adams,11-04-1966,F,USA,California,Home,1,Yes,Website,1966-11-04,59,4,1172146.65,293036.6625,383671.53,1047.99,4191.96,4,2024-01-02,2024-01-08,100.0,0.0,Apartment,6,1,1,1,Home-Focused / First-Time Buyers,-0.6961174841155694,-0.8725496588759388
C1641,Individual,Charles,Phillips,2/14/1972,M,USA,Utah,Home,1,No,Agency,1972-02-14,54,4,1898878.08,474719.52,649429.33,1504.0975,6016.389999999999,4,2024-01-02,2025-01-11,50.0,50.0,Apartment,375,0,3,0,High-Value / Luxury Investors,3.1384077513492983,-0.5598978374935133
C1642,Individual,Maria,Adams,7/20/1981,F,Canada,British Columbia,Home,5,No,Website,1981-07-20,45,4,1441785.62,360446.405,590849.87,1167.16,4668.639999999999,4,2024-01-05,2025-01-07,50.0,50.0,Apartment,368,0,3,0,High-Value / Luxury Investors,0.6511479260701564,-0.6864591414842739
C1643,Individual,Carl,Rogers,01-09-1978,M,France,Ile-de-France,Home,4,No,Agency,1978-01-09,48,3,1182889.92,394296.64,522875.6,1468.6933333333334,4406.08,3,2024-01-11,2025-01-11,100.0,0.0,Apartment,366,0,3,0,High-Value / Luxury Investors,1.1143476925514075,-0.7176789560029293
C1644,Individual,Megan,Freeman,6/22/1944,F,USA,California,Home,1,No,Client,1944-06-22,82,4,1312822.17,328205.5425,406698.29,1024.3375,4097.35,4,2024-01-02,2024-01-09,100.0,0.0,Apartment,7,0,1,1,Home-Focused / First-Time Buyers,-0.2015216269985216,-1.0904727997405035
C1645,Individual,Shirley,Chavez,02-08-1995,F,Australia,New South Wales,Investment,1,No,Website,1995-02-08,31,4,1503973.21,375993.3025,503034.95,1238.115,4952.46,4,2024-01-03,2025-01-08,75.0,25.0,Apartment,371,0,0,2,Global Investors,0.6177196772464999,1.2385443912522753
C1646,Individual,Billy,Patterson,06-10-1998,M,USA,Washington,Investment,4,Yes,Agency,1998-06-10,28,3,972186.46,324062.1533333333,356950.7,1052.4533333333334,3157.36,3,2024-01-05,2024-01-08,100.0,0.0,Apartment,3,1,0,2,Global Investors,-1.2829107640206585,1.1659891507220783
C1647,Individual,Paul,Stone,11/25/1945,M,USA,Ohio,Home,4,Yes,Agency,1945-11-25,80,3,1316368.95,438789.65,474177.38,1471.9,4415.7,3,2024-01-08,2025-01-05,100.0,0.0,Apartment,363,1,3,0,High-Value / Luxury Investors,1.7381071605359046,-0.8191977325046608
C1648,Individual,Julia,Wood,9/21/1949,F,Australia,New South Wales,Home,3,No,Website,1949-09-21,76,3,1282946.7,427648.9,515026.76,1476.9433333333334,4430.83,3,2024-01-07,2025-01-04,66.66666666666666,33.33333333333333,Apartment,363,0,3,0,High-Value / Luxury Investors,1.5944969378045226,-0.899203922925731
C1649,Individual,Melissa,Price,03-02-1982,F,USA,Oregon,Home,4,Yes,Agency,1982-03-02,44,4,1540887.81,385221.9525,440680.26,1254.045,5016.18,4,2024-01-02,2025-01-07,75.0,25.0,Apartment,371,1,3,0,High-Value / Luxury Investors,1.209203414925683,-0.5477030226594707
C1650,Individual,Edward,Griffin,04-01-1969,M,USA,Washington,Investment,2,No,Website,1969-04-01,57,3,1065238.5,355079.5,573660.29,1057.95,3173.8500000000004,3,2024-01-04,2025-01-01,66.66666666666666,33.33333333333333,Apartment,363,0,0,2,Global Investors,-0.8448981109726249,0.8755392123719442
C1651,Individual,Ryan,Bell,11/19/1945,M,USA,California,Investment,4,No,Website,1945-11-19,80,3,962066.42,320688.80666666664,453763.04,880.66,2641.98,3,2024-01-08,2025-01-12,100.0,0.0,Apartment,370,0,0,2,Global Investors,-1.6860804926080983,0.6382859985168154
C1652,Individual,Paul,Weaver,1/15/1964,M,USA,Nevada,Investment,4,Yes,Client,1964-01-15,62,3,1078933.8,359644.60000000003,468522.56,1168.3833333333334,3505.15,3,2024-01-01,2025-01-12,66.66666666666666,33.33333333333333,Apartment,377,1,0,2,Global Investors,-0.46619403302433854,0.9751858595855994
C1653,Individual,Sara,White,08-02-1974,F,USA,Colorado,Investment,4,Yes,Website,1974-08-02,52,4,957106.48,239276.62,394592.34,860.9325,3443.73,4,2024-01-09,2025-01-08,100.0,0.0,Apartment,365,1,0,2,Global Investors,-2.282474883194557,0.917019215844665
C1654,Individual,Judith,Brooks,04-05-1968,F,USA,California,Home,1,No,Website,1968-04-05,58,4,1250065.38,312516.34500000003,579412.56,951.6375,3806.55,4,2024-01-11,2025-01-11,75.0,25.0,Apartment,366,0,1,1,Home-Focused / First-Time Buyers,-0.6561253922726457,-0.9446796845080891
C1655,Individual,Sara,Cox,5/16/1965,F,USA,Texas,Investment,2,No,Website,1965-05-16,61,3,974749.8,324916.60000000003,398928.35,1088.5866666666668,3265.76,3,2024-01-05,2025-01-01,66.66666666666666,33.33333333333333,Apartment,362,0,0,2,Global Investors,-1.1499805036045305,0.8132866109382217
C1656,Individual,Jacob,Baker,05-05-1991,M,Belgium,Wallonia,Investment,4,Yes,Website,1991-05-05,35,4,1401657.84,350414.46,531573.93,1182.3725,4729.49,4,2024-01-09,2025-01-10,75.0,25.0,Apartment,367,1,0,2,Global Investors,0.1463682499015044,1.2777415680006905
C1657,Individual,Donald,Kim,5/19/1958,M,USA,California,Home,2,No,Website,1958-05-19,68,4,1316624.69,329156.1725,487604.6,1023.9675,4095.87,4,2024-01-04,2025-01-05,75.0,25.0,Apartment,367,0,1,1,Home-Focused / First-Time Buyers,-0.19320842257098628,-0.9710997210014033
C1658,Individual,Ronald,Patterson,08-07-1970,M,USA,California,Home,5,No,Agency,1970-08-07,56,4,1243178.6,310794.65,488058.16,984.12,3936.48,4,2024-01-03,2024-01-10,100.0,0.0,Apartment,7,0,1,0,Home-Focused / First-Time Buyers,-0.5319130872326104,-0.882295523119927
C1659,Individual,Joshua,Thompson,09-05-1946,M,Denmark,Zealand,Home,4,No,Website,1946-09-05,80,4,1576416.87,394104.2175,536988.38,1307.3,5229.2,4,2024-01-01,2025-01-07,100.0,0.0,Apartment,372,0,3,0,High-Value / Luxury Investors,1.5430496009726498,-0.8867287150154891
C1660,Individual,Henry,Richardson,4/27/1940,M,USA,Nevada,Home,4,Yes,Website,1940-04-27,86,4,1330046.48,332511.62,529448.55,1068.57,4274.28,4,2024-01-06,2025-01-06,100.0,0.0,Apartment,366,1,1,0,Home-Focused / First-Time Buyers,0.022629349751855092,-0.9864314070389524
C1661,Individual,Ronald,Cox,8/20/1975,M,USA,Washington,Home,4,No,Agency,1975-08-20,51,3,1511063.27,503687.75666666665,626977.89,1599.3433333333332,4798.03,3,2024-01-06,2025-01-07,66.66666666666666,33.33333333333333,Apartment,367,0,3,0,High-Value / Luxury Investors,2.879851590474377,-0.573901416850433
C1662,Individual,Gary,Montgomery,5/16/1967,M,Russia,Tatarstan,Home,4,No,Website,1967-05-16,59,4,1505862.74,376465.685,536177.39,1320.35,5281.4,4,2024-01-07,2025-01-07,75.0,25.0,Apartment,366,0,3,0,High-Value / Luxury Investors,1.2890087451109906,-0.7481995361758728
C1663,Individual,Joshua,Garcia,5/13/1977,M,USA,Colorado,Investment,3,No,Agency,1977-05-13,49,3,926064.21,308688.07,399712.39,1042.71,3128.13,3,2024-01-07,2024-01-10,66.66666666666666,33.33333333333333,Apartment,3,0,0,2,Global Investors,-1.4819958067074515,0.8855283735883852
C1664,Individual,Judith,Hayes,7/25/1969,F,France,Occitanie,Investment,5,No,Agency,1969-07-25,57,3,1390001.73,463333.91,559963.06,1445.2933333333333,4335.88,3,2024-01-10,2025-01-06,66.66666666666666,33.33333333333333,Apartment,362,0,0,2,Global Investors,1.6231935793401917,1.12838492106159
C1665,Individual,Harold,Bell,12/16/1995,M,USA,Arizona,Home,5,No,Website,1995-12-16,30,4,966971.19,241742.7975,324550.9,827.2,3308.8,4,2024-01-06,2025-01-10,100.0,0.0,Apartment,370,0,1,1,Home-Focused / First-Time Buyers,-1.9848089475613395,-0.8165059241952984
C1666,Individual,Brenda,Edwards,09-08-1962,F,USA,Ohio,Home,2,No,Website,1962-09-08,64,3,706503.5900000001,235501.19666666668,272425.15,736.0433333333334,2208.13,3,2024-01-02,2025-01-07,100.0,0.0,Apartment,371,0,1,1,Home-Focused / First-Time Buyers,-2.8714351061235055,-1.2215210317825644
C1667,Individual,Stephanie,Cook,11/14/1967,F,USA,California,Investment,4,No,Agency,1967-11-14,58,3,831811.52,277270.50666666665,312521.87,862.11,2586.33,3,2024-01-06,2025-01-06,100.0,0.0,Apartment,366,0,0,2,Global Investors,-2.3314387745584573,0.748160488624008
C1668,Individual,Scott,Green,11-12-1957,M,Australia,Victoria,Home,5,No,Website,1957-11-12,68,4,1046863.21,261715.8025,439078.0,872.2,3488.8,4,2024-01-12,2025-01-05,100.0,0.0,Apartment,359,0,1,1,Home-Focused / First-Time Buyers,-1.5191001818228258,-1.0695699538322205
C1669,Individual,Steven,Collins,04-07-1960,M,Canada,Alberta,Investment,3,Yes,Agency,1960-04-07,66,4,948271.34,237067.835,330897.08,837.5225,3350.09,4,2024-01-02,2025-01-02,50.0,50.0,Apartment,366,1,0,2,Global Investors,-2.3712608637408397,0.7906756816410407
C1670,Individual,Angela,Watson,12-09-1970,F,USA,Colorado,Home,3,Yes,Website,1970-12-09,55,4,1356021.03,339005.2575,441253.62,1076.59,4306.36,4,2024-01-04,2025-01-10,75.0,25.0,Apartment,372,1,1,0,Home-Focused / First-Time Buyers,0.07381090409228112,-0.7479864246751711
C1671,Individual,Ashley,Howard,9/13/1948,F,USA,California,Home,3,No,Agency,1948-09-13,78,4,1329236.75,332309.1875,442394.76,1120.62,4482.48,4,2024-01-02,2025-01-11,75.0,25.0,Apartment,375,0,1,1,Home-Focused / First-Time Buyers,0.13746980568813147,-1.011737567204599
C1672,Individual,Jacqueline,Morales,04-09-1974,F,USA,Nevada,Investment,4,No,Website,1974-04-09,52,3,728363.1699999999,242787.7233333333,361228.37,889.9166666666666,2669.75,3,2024-01-02,2025-01-04,100.0,0.0,Apartment,368,0,0,2,Global Investors,-2.71521725924511,0.7565818728818873
C1673,Individual,Katherine,Martin,03-04-1992,F,USA,Washington,Home,1,Yes,Website,1992-03-04,34,4,1803634.76,450908.69,726903.51,1422.9925,5691.97,4,2024-01-01,2025-01-05,75.0,25.0,Apartment,370,1,3,0,High-Value / Luxury Investors,2.5393166845798576,-0.3712878522608869
C1674,Individual,Emily,Jackson,12/22/1941,F,USA,California,Home,5,Yes,Website,1941-12-22,84,4,1614623.53,403655.8825,551658.47,1268.7075,5074.83,4,2024-01-04,2025-01-11,75.0,25.0,Apartment,373,1,3,0,High-Value / Luxury Investors,1.5930823468688777,-0.8142948960000654
C1675,Individual,Emma,Reyes,04-08-1985,F,Canada,Alberta,Investment,5,No,Website,1985-04-08,41,3,918037.68,306012.56,362023.29,1012.96,3038.88,3,2024-01-01,2024-01-12,100.0,0.0,Apartment,11,0,0,2,Global Investors,-1.573073262490458,0.9583414144088963
C1676,Individual,Amy,Allen,9/19/1999,F,USA,Washington,Home,2,No,Website,1999-09-19,26,4,1251637.0,312909.25,474039.53,1019.1225,4076.49,4,2024-01-02,2025-01-10,100.0,0.0,Apartment,374,0,1,0,Home-Focused / First-Time Buyers,-0.5058721210802865,-0.6732486082734602
C1677,Individual,Kevin,Thomas,12/20/1964,M,USA,Texas,Home,1,Yes,Website,1964-12-20,61,3,942915.18,314305.06,380233.97,975.9433333333332,2927.83,3,2024-01-01,2025-01-07,100.0,0.0,Apartment,372,1,1,1,Home-Focused / First-Time Buyers,-1.2536217658365394,-0.9702882455944863
C1678,Individual,Gary,Sanders,03-06-1961,M,USA,California,Home,1,Yes,Agency,1961-03-06,65,3,1377654.29,459218.0966666667,501738.52,1650.4733333333334,4951.42,3,2024-01-09,2025-01-09,66.66666666666666,33.33333333333333,Apartment,366,1,3,0,High-Value / Luxury Investors,2.3968815364785683,-0.6713693337704604
C1679,Individual,Christina,Nelson,2/28/1986,F,USA,Nevada,Investment,4,No,Website,1986-02-28,40,3,1194618.9,398206.3,587797.99,1268.0466666666669,3804.14,3,2025-01-03,2025-01-05,66.66666666666666,33.33333333333333,Apartment,2,0,0,2,Global Investors,0.27188508983637905,1.1273899330323336
C1680,Individual,Danielle,Howard,9/25/1999,F,USA,California,Investment,4,No,Agency,1999-09-25,26,3,665078.77,221692.9233333333,278456.63,692.13,2076.39,3,2024-01-02,2024-01-10,100.0,0.0,Apartment,8,0,0,2,Global Investors,-3.545891667538618,0.8865862077224287
C1681,Individual,Carl,Alexander,7/27/1961,M,USA,Oregon,Home,3,Yes,Client,1961-07-27,65,4,1408304.94,352076.235,484626.56,1156.7625,4627.05,4,2024-01-04,2025-01-08,75.0,25.0,Apartment,370,1,3,0,High-Value / Luxury Investors,0.48858859526270904,-0.7884846754717438
C1682,Individual,Amanda,Brooks,04-11-1987,F,USA,Nevada,Home,2,No,Website,1987-04-11,39,4,1469905.41,367476.3525,492569.41,1257.0925,5028.37,4,2024-01-03,2025-01-11,100.0,0.0,Apartment,374,0,3,0,High-Value / Luxury Investors,0.9288506949093865,-0.6426233422389328
C1683,Individual,Amber,Patterson,11/19/1999,F,USA,Oregon,Investment,1,No,Client,1999-11-19,26,4,1410114.6,352528.65,533570.63,1144.74,4578.96,4,2025-01-05,2025-01-12,50.0,50.0,Apartment,7,0,0,2,Global Investors,0.02509306192868648,1.2227854207615085
C1684,Individual,Grace,Cooper,07-01-1977,F,USA,Colorado,Investment,4,No,Website,1977-07-01,49,4,1109440.17,277360.0425,357429.62,883.4825000000001,3533.9300000000003,4,2024-01-05,2025-01-12,100.0,0.0,Apartment,373,0,0,2,Global Investors,-1.664349969901148,0.9128849696971147
C1685,Individual,Kathleen,Parker,5/16/1977,F,USA,California,Home,5,No,Agency,1977-05-16,49,3,1109623.75,369874.5833333333,496154.56,1274.52,3823.56,3,2024-01-06,2025-01-04,100.0,0.0,Apartment,364,0,1,0,Home-Focused / First-Time Buyers,0.30795749393351907,-0.7877259176192517
C1686,Individual,David,Howard,1/25/1977,M,USA,California,Investment,2,Yes,Agency,1977-01-25,49,4,1214377.82,303594.455,407908.02,1073.905,4295.62,4,2024-01-06,2025-01-10,75.0,25.0,Apartment,370,1,0,2,Global Investors,-0.8295848973197506,1.0578865535265112
C1687,Individual,Eric,Anderson,5/15/1967,M,USA,California,Home,4,Yes,Website,1967-05-15,59,4,1026117.62,256529.405,420273.62,935.37,3741.48,4,2024-01-07,2025-01-11,75.0,25.0,Apartment,370,1,1,1,Home-Focused / First-Time Buyers,-1.4703915745167235,-0.9178407480076572
C1688,Individual,Amanda,Flores,4/28/1996,F,USA,Oregon,Home,5,No,Client,1996-04-28,30,3,1314384.27,438128.09,578952.08,1281.9566666666667,3845.87,3,2024-01-02,2024-01-12,100.0,0.0,Apartment,10,0,3,0,High-Value / Luxury Investors,1.1839231209949865,-0.553864082977998
C1689,Individual,Virginia,King,1/26/1985,F,USA,Oregon,Investment,1,Yes,Client,1985-01-26,41,3,896100.8,298700.26666666666,441341.34,973.09,2919.27,3,2024-01-07,2025-01-11,66.66666666666666,33.33333333333333,Apartment,370,1,0,2,Global Investors,-1.8501855840675583,0.9850382265119375
C1690,Individual,Terry,Martin,8/18/1951,M,Denmark,North Denmark,Home,2,Yes,Agency,1951-08-18,75,3,1662639.06,554213.02,598512.98,1754.9366666666667,5264.81,3,2024-01-02,2025-01-07,100.0,0.0,Apartment,371,1,3,0,High-Value / Luxury Investors,3.9346194414479694,-0.5946010853353435
C1691,Individual,Robert,Reed,3/25/1946,M,USA,Arizona,Home,5,No,Website,1946-03-25,80,4,1212731.6,303182.9,450265.88,984.9525,3939.81,4,2024-01-02,2025-01-08,100.0,0.0,Apartment,372,0,1,1,Home-Focused / First-Time Buyers,-0.6036764706438548,-1.077329182377006
C1692,Individual,Joseph,Patterson,03-08-1991,M,Canada,Ontario,Home,5,Yes,Agency,1991-03-08,35,4,1165619.91,291404.97750000004,504544.59,984.9525,3939.81,4,2024-01-05,2024-01-11,100.0,0.0,Apartment,6,1,1,1,Home-Focused / First-Time Buyers,-0.8539993865222436,-0.6618678985496524
C1693,Individual,Donald,Turner,11/20/1990,M,Belgium,Flanders,Home,1,No,Website,1990-11-20,35,4,1557035.08,389258.77,464582.73,1342.1525,5368.610000000001,4,2024-01-02,2025-01-12,50.0,50.0,Apartment,376,0,3,0,High-Value / Luxury Investors,1.4447480805622441,-0.5726366261056522
C1694,Individual,Gloria,Foster,7/18/1957,F,USA,Virginia,Home,5,No,Agency,1957-07-18,69,4,1457395.73,364348.9325,522366.74,1202.695,4810.78,4,2024-01-02,2025-01-02,100.0,0.0,Apartment,366,0,3,1,High-Value / Luxury Investors,0.8373696485249909,-0.8573361044896322
C1695,Individual,Tiffany,Peterson,12/13/1955,F,Belgium,Flanders,Home,5,No,Website,1955-12-13,70,3,975866.19,325288.73,491123.63,1111.2966666666666,3333.89,3,2024-01-01,2024-01-10,100.0,0.0,Apartment,9,0,1,1,Home-Focused / First-Time Buyers,-0.6653978049166679,-1.040728998103666
C1696,Individual,Emily,Jones,2/20/1987,F,USA,Florida,Home,1,No,Website,1987-02-20,39,4,1316025.35,329006.3375,382303.57,1092.085,4368.34,4,2024-01-06,2025-01-04,100.0,0.0,Apartment,364,0,1,0,Home-Focused / First-Time Buyers,-0.07825790151646139,-0.7445840474439438
C1697,Individual,Maria,Brown,08-07-1980,F,Belgium,Brussels,Home,2,No,Client,1980-08-07,46,4,802813.26,200703.315,234850.32,700.7825,2803.13,4,2024-01-03,2025-01-12,100.0,0.0,Apartment,375,0,1,1,Home-Focused / First-Time Buyers,-2.9375428632715277,-1.0578695494073023
C1698,Individual,Zachary,Stone,12-05-1950,M,UK,Northern Ireland,Home,4,Yes,Website,1950-12-05,75,3,764529.97,254843.32333333333,362728.99,901.6266666666668,2704.88,3,2024-01-01,2024-01-11,100.0,0.0,Apartment,10,1,1,1,Home-Focused / First-Time Buyers,-2.147615135657129,-1.1372700694287237
C1699,Individual,Peter,Phillips,7/15/1969,M,Australia,Western Australia,Home,3,Yes,Agency,1969-07-15,57,4,1161971.24,290492.81,480048.34,946.6525,3786.61,4,2024-01-02,2025-01-09,75.0,25.0,Apartment,373,1,1,1,Home-Focused / First-Time Buyers,-0.9675288450305707,-0.8615899157789569
C1700,Individual,Nicholas,Young,11-04-1943,M,USA,Nevada,Home,3,No,Website,1943-11-04,82,4,1293648.37,323412.0925,564037.73,1050.5725,4202.29,4,2024-01-03,2025-01-04,50.0,50.0,Apartment,367,0,1,1,Home-Focused / First-Time Buyers,-0.16886015288537518,-1.0704734199203088
C1701,Individual,Karen,Montgomery,6/27/1982,F,USA,Arizona,Home,1,No,Website,1982-06-27,44,3,916043.72,305347.9066666667,417201.93,979.0866666666668,2937.26,3,2024-01-03,2025-01-08,66.66666666666666,33.33333333333333,Apartment,371,0,1,1,Home-Focused / First-Time Buyers,-1.3768722530439998,-0.9375375524132434
C1702,Individual,Frank,Alexander,01-04-1990,M,USA,Washington,Investment,5,Yes,Website,1990-01-04,36,3,1259181.49,419727.1633333333,505472.65,1477.03,4431.09,3,2024-01-10,2025-01-12,33.33333333333333,66.66666666666666,Office,368,1,0,2,Global Investors,1.0977930889605971,1.3283168983768208
C1703,Individual,Gerald,Cox,8/13/1999,M,USA,Texas,Investment,4,No,Agency,1999-08-13,27,3,868665.77,289555.25666666665,358849.76,980.87,2942.61,3,2024-01-08,2024-01-10,100.0,0.0,Apartment,2,0,0,2,Global Investors,-1.9086948417685883,1.0273907265750932
C1704,Individual,Susan,Flores,2/15/1963,F,Denmark,Capital Region,Home,4,No,Agency,1963-02-15,63,3,1131490.64,377163.5466666667,441154.94,1251.25,3753.75,3,2024-01-02,2025-01-02,66.66666666666666,33.33333333333333,Apartment,366,0,1,1,Home-Focused / First-Time Buyers,0.34617775985326826,-0.9016192284423554
C1705,Individual,Kenneth,Howard,11/23/1979,M,USA,Virginia,Investment,3,Yes,Website,1979-11-23,46,3,1031987.68,343995.8933333333,482341.23,1049.3066666666666,3147.92,3,2024-01-09,2025-01-06,100.0,0.0,Apartment,363,1,0,2,Global Investors,-1.021906769079017,1.04176254870695
C1706,Individual,Matthew,Jordan,5/13/1976,M,USA,California,Home,3,Yes,Website,1976-05-13,50,4,1417221.48,354305.37,590931.68,1128.9675,4515.87,4,2024-01-01,2024-01-10,100.0,0.0,Apartment,9,1,1,0,Home-Focused / First-Time Buyers,0.42538278194474,-0.6761514676633302
C1707,Individual,Adam,Allen,9/19/1973,M,USA,Georgia,Home,1,Yes,Website,1973-09-19,52,3,770609.62,256869.8733333333,272169.11,899.7566666666667,2699.27,3,2024-01-04,2024-01-06,100.0,0.0,Apartment,2,1,1,1,Home-Focused / First-Time Buyers,-2.2117644350858248,-0.9904316735231293
C1708,Individual,Andrea,Wilson,08-06-1986,F,Germany,Hesse,Home,1,Yes,Agency,1986-08-06,40,3,854426.52,284808.84,399400.23,897.3100000000001,2691.9300000000003,3,2024-01-06,2025-01-07,100.0,0.0,Apartment,367,1,1,1,Home-Focused / First-Time Buyers,-1.8739971730540228,-0.863481573759484
C1709,Individual,Danielle,Cox,08-09-1946,F,USA,Arizona,Investment,3,No,Agency,1946-08-09,80,3,1336416.16,445472.0533333334,502269.25,1513.17,4539.51,3,2024-01-01,2025-01-06,100.0,0.0,Apartment,371,0,0,2,Global Investors,1.570431799563133,0.9226966394101862
C1710,Individual,Joe,Flores,5/26/1957,M,Canada,Alberta,Investment,2,Yes,Website,1957-05-26,69,3,1027918.12,342639.3733333333,455861.82,1156.0800000000002,3468.24,3,2024-01-01,2024-01-09,66.66666666666666,33.33333333333333,Apartment,8,1,0,2,Global Investors,-0.7419689846843718,0.8760195739575751
C1711,Individual,Debra,Hayes,8/24/1981,F,USA,California,Investment,3,Yes,Website,1981-08-24,45,4,1015613.11,253903.2775,330207.8,836.9425,3347.77,4,2024-01-03,2025-01-11,75.0,25.0,Apartment,374,1,0,2,Global Investors,-2.160313099388817,0.9760649429694536
C1712,Individual,Ryan,Turner,03-04-1971,M,France,Occitanie,Home,5,No,Website,1971-03-04,55,4,1280242.15,320060.5375,465704.47,1102.08,4408.32,4,2024-01-08,2025-01-09,75.0,25.0,Apartment,367,0,1,0,Home-Focused / First-Time Buyers,-0.09032751395845817,-0.8356723735086815
C1713,Individual,Julia,Cook,02-08-1981,F,USA,Oregon,Home,1,No,Website,1981-02-08,45,4,1401670.4500000002,350417.61250000005,537445.29,1186.5225,4746.09,4,2024-01-05,2025-01-03,100.0,0.0,Apartment,364,0,3,0,High-Value / Luxury Investors,0.48885313838558225,-0.7392375415031668
C1714,Individual,Nathan,Brooks,07-05-1948,M,USA,Colorado,Home,3,No,Website,1948-07-05,78,4,1054289.58,263572.395,413091.69,823.6625,3294.65,4,2024-01-03,2025-01-06,75.0,25.0,Apartment,369,0,1,1,Home-Focused / First-Time Buyers,-1.6374987287123606,-1.1754017230767204
C1715,Individual,Hannah,Watson,4/13/1963,F,USA,Florida,Home,3,Yes,Agency,1963-04-13,63,4,987214.18,246803.545,315841.36,900.39,3601.56,4,2024-01-01,2025-01-09,75.0,25.0,Apartment,374,1,1,1,Home-Focused / First-Time Buyers,-1.7138559254742687,-0.9807966001434968
C1716,Individual,Michelle,Montgomery,10/13/1980,F,USA,California,Home,1,No,Website,1980-10-13,45,3,1027286.48,342428.82666666666,420929.08,1129.1766666666665,3387.53,3,2024-01-07,2025-01-08,100.0,0.0,Apartment,367,0,1,1,Home-Focused / First-Time Buyers,-0.5016861572475706,-0.8657459560173792
C1717,Individual,Martha,Thomas,12/21/1941,F,USA,California,Home,4,Yes,Website,1941-12-21,84,3,915606.07,305202.0233333334,370077.4,980.87,2942.61,3,2024-01-09,2025-01-01,100.0,0.0,Apartment,358,1,1,1,Home-Focused / First-Time Buyers,-1.2732840098881795,-1.1254236308987076
C1718,Individual,Janet,Peterson,01-06-1995,F,USA,California,Home,1,No,Website,1995-01-06,31,4,1362121.47,340530.3675,577483.25,1150.74,4602.96,4,2024-01-12,2025-01-10,100.0,0.0,Apartment,364,0,1,0,Home-Focused / First-Time Buyers,0.2303218726990766,-0.6538182696170061
C1719,Company,Halcyon,Co,05-10-1960,M,USA,Florida,Home,2,No,Agency,1960-05-10,66,3,1178759.88,392919.96,557392.74,1263.8633333333337,3791.59,3,2024-01-06,2025-01-06,66.66666666666666,33.33333333333333,Apartment,366,0,2,3,Corporate Buyers,0.36245670600718394,4.102033703270059
C1720,Individual,Danielle,Kim,10-10-1996,F,USA,California,Home,5,Yes,Website,1996-10-10,29,4,1396671.77,349167.9425,659880.36,1122.0925,4488.37,4,2024-01-01,2025-01-08,100.0,0.0,Apartment,373,1,1,0,Home-Focused / First-Time Buyers,0.33441875423249784,-0.5026346754781866
C1721,Individual,Carl,Weaver,12-10-1986,M,USA,Nevada,Home,2,No,Agency,1986-12-10,39,4,1282729.71,320682.4275,379081.98,1034.0675,4136.27,4,2024-01-02,2025-01-05,100.0,0.0,Apartment,369,0,1,0,Home-Focused / First-Time Buyers,-0.33407167439066426,-0.7585618889003108
C1722,Individual,Jacqueline,Morris,11/23/1982,F,USA,Nevada,Home,3,No,Website,1982-11-23,43,4,1676365.72,419091.43,605522.07,1307.3,5229.2,4,2024-01-02,2024-01-08,100.0,0.0,Apartment,6,0,3,0,High-Value / Luxury Investors,1.8326723036666934,-0.5772452187340277
C1723,Individual,Carol,Allen,02-02-1998,F,Canada,Quebec,Home,2,Yes,Agency,1998-02-02,28,4,1084602.42,271150.605,399164.03,900.39,3601.56,4,2024-01-03,2025-01-12,100.0,0.0,Apartment,375,1,1,1,Home-Focused / First-Time Buyers,-1.4304797794729371,-0.6875893790090402
C1724,Individual,Justin,Cook,6/19/1956,M,USA,Virginia,Home,4,No,Website,1956-06-19,70,4,1646338.36,411584.59,570262.07,1358.9675,5435.87,4,2024-01-03,2025-01-07,100.0,0.0,Apartment,370,0,3,0,High-Value / Luxury Investors,1.9168018802743834,-0.7735190092754025
C1725,Individual,Sharon,Patterson,01-12-1959,F,USA,Nevada,Home,3,Yes,Website,1959-01-12,67,4,1352500.23,338125.0575,460172.3,1167.3975,4669.59,4,2024-01-08,2025-01-11,100.0,0.0,Apartment,369,1,1,0,Home-Focused / First-Time Buyers,0.3168536512920589,-0.8216904638975859
C1726,Individual,Diane,Scott,8/15/1948,F,UK,Northern Ireland,Home,3,No,Website,1948-08-15,78,3,1141107.24,380369.08,669506.11,1193.7733333333333,3581.32,3,2024-01-07,2025-01-06,66.66666666666666,33.33333333333333,Apartment,365,0,1,1,Home-Focused / First-Time Buyers,0.24347195919590206,-1.0357697185781898
C1727,Individual,Katherine,Morales,12-06-1945,F,USA,New York,Home,3,No,Website,1945-12-06,80,4,1563834.42,390958.605,619055.13,1210.7375,4842.95,4,2024-01-06,2025-01-12,100.0,0.0,Apartment,372,0,3,0,High-Value / Luxury Investors,1.2279638714221655,-0.9228170908894052
C1728,Individual,Kimberly,Garcia,03-08-1944,F,USA,Oregon,Home,3,Yes,Client,1944-03-08,82,4,1436312.58,359078.145,429908.37,1225.265,4901.06,4,2024-01-01,2025-01-10,100.0,0.0,Apartment,375,1,3,0,High-Value / Luxury Investors,0.7953790076548714,-0.8940105183649212
C1729,Individual,Robert,Richardson,6/26/1955,M,Canada,British Columbia,Home,3,Yes,Website,1955-06-26,71,3,956356.54,318785.51333333337,404268.31,1090.7733333333333,3272.32,3,2024-01-06,2025-01-04,100.0,0.0,Apartment,364,1,1,1,Home-Focused / First-Time Buyers,-0.8462331650689255,-0.9952503012758804
C1730,Individual,Jeffrey,Young,11/22/1979,M,Mexico,Puebla,Investment,5,Yes,Agency,1979-11-22,46,3,796432.48,265477.49333333335,385425.29,922.69,2768.07,3,2024-01-11,2025-01-08,66.66666666666666,33.33333333333333,Apartment,363,1,0,2,Global Investors,-2.3381079726751044,0.9361601239307863
C1731,Individual,Nathan,Garcia,12/19/1971,M,USA,California,Home,4,Yes,Website,1971-12-19,54,4,1172220.11,293055.0275,389967.22,966.56,3866.24,4,2024-01-04,2025-01-08,75.0,25.0,Apartment,370,1,1,1,Home-Focused / First-Time Buyers,-0.8659971881855576,-0.8199266447939604
C1732,Individual,Megan,Wilson,7/15/1970,F,Canada,Alberta,Investment,2,No,Agency,1970-07-15,56,3,1551003.84,517001.28,597681.88,1654.4733333333334,4963.42,3,2024-01-02,2025-01-04,100.0,0.0,Apartment,368,0,3,2,High-Value / Luxury Investors,2.8146010027616533,1.2174685726622354
C1733,Individual,Helen,Jones,4/22/1948,F,USA,California,Home,3,Yes,Agency,1948-04-22,78,4,1179975.09,294993.7725,432544.27,1009.9325,4039.73,4,2024-01-03,2025-01-10,75.0,25.0,Apartment,373,1,1,1,Home-Focused / First-Time Buyers,-0.7046185840494499,-1.0025636556317548
C1734,Individual,Zachary,Roberts,1/14/1975,M,USA,California,Home,5,No,Website,1975-01-14,51,3,1078504.94,359501.64666666667,462160.46,1254.503333333333,3763.51,3,2024-01-01,2025-01-10,100.0,0.0,Apartment,375,0,1,0,Home-Focused / First-Time Buyers,0.12407626788283575,-0.8205470709068221
C1735,Individual,Amber,Miller,10-07-1969,F,USA,Utah,Investment,3,No,Website,1969-10-07,56,3,1139995.98,379998.66,492594.19,1258.4,3775.2,3,2024-01-06,2025-01-11,100.0,0.0,Apartment,371,0,0,2,Global Investors,0.018009418490032618,0.9688168092526783
C1736,Individual,Ann,Cook,9/21/1989,F,USA,California,Investment,4,Yes,Website,1989-09-21,36,4,1482243.88,370560.97,606491.63,1122.0925,4488.37,4,2024-01-02,2024-01-12,100.0,0.0,Apartment,10,1,0,2,Global Investors,0.2827916757360198,1.286115685911868
C1737,Individual,Jennifer,Jackson,12/24/1992,F,USA,California,Investment,3,No,Website,1992-12-24,33,3,1060946.57,353648.8566666667,520101.47,1090.7733333333333,3272.32,3,2024-01-10,2025-01-12,100.0,0.0,Apartment,368,0,0,2,Global Investors,-0.797376260051916,1.075675898027788
C1738,Individual,Sharon,Hall,2/25/1977,F,USA,California,Home,5,No,Website,1977-02-25,49,3,861195.69,287065.23,347283.41,1016.7633333333332,3050.29,3,2024-01-10,2025-01-11,100.0,0.0,Apartment,367,0,1,1,Home-Focused / First-Time Buyers,-1.4405864169147953,-0.9484167193519862
C1739,Individual,Steven,Smith,2/25/1985,M,Russia,Novosibirsk,Investment,3,Yes,Website,1985-02-25,41,4,998344.48,249586.12,442624.97,872.2,3488.8,4,2024-01-04,2025-01-03,100.0,0.0,Apartment,365,1,0,2,Global Investors,-2.13688463296906,1.0081687536927753
C1740,Individual,Ashley,Alexander,9/15/1951,F,USA,California,Home,5,Yes,Website,1951-09-15,75,4,1439013.34,359753.335,561035.94,1164.015,4656.06,4,2024-01-02,2024-01-10,100.0,0.0,Apartment,8,1,3,0,High-Value / Luxury Investors,0.6679478188286458,-0.8313353255317669
C1741,Individual,Alexander,Wright,4/18/1976,M,USA,Virginia,Home,5,No,Website,1976-04-18,50,4,1310713.04,327678.26,454264.31,1140.38,4561.52,4,2024-01-02,2024-01-09,75.0,25.0,Apartment,7,0,1,0,Home-Focused / First-Time Buyers,0.11285594307982695,-0.7779883329912459
C1742,Company,Crestwood,Co,8/14/1988,F,USA,California,Home,5,No,Agency,1988-08-14,38,3,1177856.21,392618.7366666666,524488.63,1431.79,4295.37,3,2024-01-08,2024-01-11,66.66666666666666,33.33333333333333,Apartment,3,0,2,3,Corporate Buyers,0.8055721556566318,4.384817375953386
C1743,Individual,Linda,Bell,7/26/1946,F,Belgium,Flanders,Home,1,No,Client,1946-07-26,80,3,839069.28,279689.76,283283.47,881.7833333333333,2645.35,3,2024-01-08,2025-01-02,100.0,0.0,Apartment,360,0,1,1,Home-Focused / First-Time Buyers,-1.9093669785924974,-1.267428502030792
C1744,Individual,Brian,Green,11/16/1961,M,Russia,Krasnodar Krai,Investment,1,No,Website,1961-11-16,64,4,1320002.42,330000.605,415154.19,1092.085,4368.34,4,2024-01-04,2025-01-12,100.0,0.0,Apartment,374,0,0,2,Global Investors,-0.3818471028616592,0.8871501196064127
C1745,Individual,Ann,Sanders,6/21/1976,F,USA,California,Home,1,No,Website,1976-06-21,50,3,1261495.5,420498.5,563558.93,1487.66,4462.98,3,2024-01-03,2025-01-10,100.0,0.0,Apartment,373,0,3,0,High-Value / Luxury Investors,1.4564636336704497,-0.7276093765902555
C1746,Individual,Jennifer,Cox,6/14/1959,F,Belgium,Flanders,Home,3,No,Website,1959-06-14,67,3,793835.85,264611.95,389328.46,874.19,2622.57,3,2024-01-01,2025-01-05,100.0,0.0,Apartment,370,0,1,1,Home-Focused / First-Time Buyers,-2.111015282197295,-1.1671386123914063
C1747,Individual,Bryan,Flores,2/19/1965,M,USA,Colorado,Home,5,No,Client,1965-02-19,61,3,1016661.44,338887.14666666667,468372.55,1059.15,3177.45,3,2024-01-01,2025-01-09,66.66666666666666,33.33333333333333,Apartment,374,0,1,1,Home-Focused / First-Time Buyers,-0.6391035747328431,-0.9657305164501636
C1748,Individual,Albert,Jones,11-11-1950,M,USA,California,Home,4,Yes,Website,1950-11-11,75,3,1112272.46,370757.4866666666,566107.2,1274.52,3823.56,3,2024-01-06,2025-01-12,66.66666666666666,33.33333333333333,Apartment,372,1,1,0,Home-Focused / First-Time Buyers,0.33157814418428655,-0.9097194751664265
C1749,Individual,Brandon,Moore,5/27/1956,M,USA,California,Home,3,No,Website,1956-05-27,70,3,832665.62,277555.20666666667,388898.15,862.1066666666666,2586.32,3,2024-01-01,2025-01-12,100.0,0.0,Apartment,377,0,1,1,Home-Focused / First-Time Buyers,-1.9701273610283405,-1.176396674565899
C1750,Company,Stratos,Co,01-12-1991,M,USA,Colorado,Home,3,No,Website,1991-01-12,35,4,1497163.73,374290.9325,509429.47,1150.2,4600.8,4,2024-01-04,2025-01-05,100.0,0.0,Apartment,367,0,2,3,Corporate Buyers,0.5668853331555828,4.4106254843677055
C1751,Individual,Christine,Scott,2/28/1955,F,USA,Ohio,Home,5,No,Website,1955-02-28,71,4,873120.47,218280.1175,231620.61,700.7825,2803.13,4,2025-01-06,2025-01-11,75.0,25.0,Apartment,5,0,1,1,Home-Focused / First-Time Buyers,-2.593688309413942,-1.1925009814835927
C1752,Individual,Jonathan,Cook,02-06-1980,M,USA,California,Investment,1,Yes,Website,1980-02-06,46,3,1119600.47,373200.1566666667,421157.07,1152.5966666666666,3457.79,3,2024-01-07,2025-01-07,100.0,0.0,Apartment,366,1,0,2,Global Investors,-0.4064988289928414,1.0798758611674473
C1753,Individual,Arthur,Peterson,12/18/1945,M,USA,Georgia,Investment,3,Yes,Website,1945-12-18,80,3,770077.48,256692.4933333333,425499.05,964.2666666666668,2892.8,3,2024-01-04,2024-01-08,100.0,0.0,Apartment,4,1,0,2,Global Investors,-2.325129577268197,0.6518331701337053
C1754,Individual,Frank,Gray,11-11-1995,M,USA,Virginia,Home,2,Yes,Website,1995-11-11,30,3,1361555.24,453851.7466666666,506527.22,1471.9,4415.7,3,2024-01-08,2024-01-09,100.0,0.0,Apartment,1,1,3,0,High-Value / Luxury Investors,1.8236172976430542,-0.4375873457080256
C1755,Individual,Mark,Griffin,8/26/1998,M,USA,Nevada,Home,1,Yes,Website,1998-08-26,28,3,672116.9199999999,224038.9733333333,285197.86,776.2433333333333,2328.73,3,2024-01-06,2024-01-10,100.0,0.0,Apartment,4,1,1,1,Home-Focused / First-Time Buyers,-2.997370131279862,-0.8745442686349225
C1756,Individual,Daniel,Cook,3/21/1990,M,USA,Utah,Home,1,No,Website,1990-03-21,36,4,1481404.39,370351.0975,529820.54,1146.015,4584.06,4,2024-01-02,2025-01-12,75.0,25.0,Apartment,376,0,3,0,High-Value / Luxury Investors,0.6586524260161801,-0.6501306538126762
C1757,Individual,Brian,Hayes,07-01-1985,M,Germany,Bavaria,Home,3,No,Client,1985-07-01,41,3,1125366.62,375122.2066666667,477602.23,1182.08,3546.24,3,2024-01-01,2025-01-06,100.0,0.0,Apartment,371,0,1,1,Home-Focused / First-Time Buyers,0.08839179686982312,-0.760947473609067
C1758,Individual,Carl,Pierce,1/14/1985,M,USA,Oregon,Investment,4,Yes,Agency,1985-01-14,41,4,1006481.18,251620.295,321342.19,801.065,3204.26,4,2024-01-03,2025-01-06,75.0,25.0,Apartment,369,1,0,2,Global Investors,-2.276586929475435,1.0063156708186753
C1759,Individual,Jose,Stone,10-10-1974,M,USA,California,Investment,1,No,Website,1974-10-10,51,4,1031917.22,257979.305,386654.16,831.47,3325.88,4,2024-01-05,2025-01-02,100.0,0.0,Apartment,363,0,0,2,Global Investors,-2.1292773231319124,0.8263977739019934
C1760,Individual,Mary,Harris,10-07-1975,F,Belgium,Brussels,Home,2,No,Website,1975-10-07,50,4,1454358.32,363589.58,484534.28,1265.3825,5061.53,4,2024-01-02,2024-01-11,50.0,50.0,Apartment,9,0,3,0,High-Value / Luxury Investors,0.9108646467908423,-0.7308753959748319
C1761,Individual,Nicholas,Thompson,01-08-1955,M,USA,Washington,Home,1,No,Website,1955-01-08,71,4,1181772.43,295443.1075,541585.04,972.335,3889.34,4,2024-01-01,2025-01-05,100.0,0.0,Apartment,370,0,1,1,Home-Focused / First-Time Buyers,-0.8301046761979384,-1.0646484992601728
C1762,Individual,Larry,Harris,1/21/1964,M,USA,Virginia,Home,1,No,Website,1964-01-21,62,3,1023352.22,341117.4066666667,399439.17,1090.9466666666667,3272.84,3,2024-01-02,2024-01-10,100.0,0.0,Apartment,8,0,1,1,Home-Focused / First-Time Buyers,-0.5927740426402903,-1.0061756099661392
C1763,Individual,Kimberly,Young,11/26/1954,F,USA,New York,Home,3,No,Website,1954-11-26,71,4,1789381.67,447345.4175,654120.74,1374.585,5498.34,4,2024-01-05,2025-01-12,50.0,50.0,Apartment,373,0,3,0,High-Value / Luxury Investors,2.4616812438967517,-0.7367586321615741
C1764,Individual,Kelly,Baker,11-05-1946,F,USA,Nevada,Home,2,No,Agency,1946-11-05,79,4,1668335.18,417083.795,575177.72,1338.9,5355.599999999999,4,2024-01-01,2025-01-02,50.0,50.0,Apartment,367,0,3,0,High-Value / Luxury Investors,1.9242465721262123,-0.8602430527905476
C1765,Individual,Pamela,Reyes,05-01-1997,F,USA,Colorado,Home,1,Yes,Client,1997-05-01,29,4,1734167.51,433541.8775,550819.24,1577.2325,6308.93,4,2024-01-02,2024-01-12,100.0,0.0,Apartment,10,1,3,0,High-Value / Luxury Investors,2.682932740152171,-0.3245842921306668
C1766,Individual,Sharon,Bennett,05-05-1993,F,USA,California,Home,4,No,Website,1993-05-05,33,4,1371247.08,342811.77,562229.33,1071.3925,4285.57,4,2024-01-01,2025-01-04,100.0,0.0,Apartment,369,0,1,0,Home-Focused / First-Time Buyers,0.10942854887460271,-0.6512035410419517
C1767,Individual,Joe,Sanders,5/21/1978,M,USA,Colorado,Home,3,No,Website,1978-05-21,48,4,1455838.91,363959.7275,564116.06,1123.3175,4493.27,4,2024-01-07,2025-01-09,50.0,50.0,Apartment,368,0,3,0,High-Value / Luxury Investors,0.5584149078520535,-0.7351502390324032
C1768,Individual,Cynthia,Hughes,03-01-1943,F,Russia,Saint Petersburg,Home,4,No,Website,1943-03-01,83,4,985105.21,246276.3025,377838.86,834.6575,3338.63,4,2024-01-02,2025-01-07,100.0,0.0,Apartment,371,0,1,1,Home-Focused / First-Time Buyers,-1.8354678146749195,-1.2257690417321305
C1769,Company,Forsyte,Co,10/22/1985,M,USA,Oregon,Home,1,Yes,Client,1985-10-22,40,3,985909.0,328636.3333333333,484144.21,1101.55,3304.65,3,2024-01-04,2025-01-12,66.66666666666666,33.33333333333333,Apartment,374,1,2,3,Corporate Buyers,-0.9632232721437305,4.261499639253304
C1770,Individual,Betty,Parker,11/17/1945,F,USA,Washington,Home,1,Yes,Agency,1945-11-17,80,3,1334771.42,444923.8066666666,616403.86,1469.18,4407.54,3,2024-01-03,2024-01-10,100.0,0.0,Apartment,7,1,3,0,High-Value / Luxury Investors,1.7600986389243987,-0.8438827785304984
C1771,Company,Atlas,Co,6/22/1975,M,USA,Georgia,Home,3,Yes,Client,1975-06-22,51,3,1280895.97,426965.3233333333,556838.33,1435.6633333333332,4306.99,3,2024-01-04,2024-01-11,100.0,0.0,Apartment,7,1,2,3,Corporate Buyers,1.236816233983036,4.395192933580792
C1772,Company,Forsyte,Co,1/13/1975,F,Canada,Alberta,Investment,5,Yes,Agency,1975-01-13,51,4,1105281.92,276320.48,401863.68,1015.8675,4063.47,4,2024-01-06,2025-01-07,75.0,25.0,Apartment,367,1,2,3,Corporate Buyers,-1.5160034571816976,6.047651946896623
C1773,Individual,Kenneth,Williams,12/25/1980,M,USA,Nevada,Investment,3,Yes,Agency,1980-12-25,45,4,1284141.19,321035.2975,445068.24,984.6475,3938.59,4,2024-01-04,2025-01-03,75.0,25.0,Apartment,365,1,0,2,Global Investors,-0.7990502356509273,1.1050713226134734
C1774,Individual,Frank,James,12/26/1984,M,USA,Oregon,Home,4,No,Agency,1984-12-26,41,4,1169335.49,292333.8725,399457.77,1008.6625,4034.65,4,2024-01-06,2025-01-01,100.0,0.0,Apartment,361,0,1,0,Home-Focused / First-Time Buyers,-0.7755091776707219,-0.799138834498702
C1775,Individual,Betty,Howard,10-07-1970,F,USA,California,Home,3,No,Agency,1970-10-07,55,4,1414776.99,353694.2475,496847.34,1102.9725,4411.889999999999,4,2024-01-05,2025-01-07,100.0,0.0,Apartment,368,0,1,0,Home-Focused / First-Time Buyers,0.36679490131318426,-0.8081210933943151
C1776,Individual,Martha,Mitchell,09-01-1973,F,France,Occitanie,Home,1,No,Website,1973-09-01,53,3,1071718.4,357239.4666666666,439467.59,1196.1733333333334,3588.52,3,2024-01-01,2024-01-06,100.0,0.0,Apartment,5,0,1,0,Home-Focused / First-Time Buyers,-0.12209686340495898,-0.8938835179368293
C1777,Individual,Jason,Long,9/24/1974,M,USA,California,Investment,5,No,Client,1974-09-24,51,3,784629.95,261543.31666666665,341503.87,900.46,2701.38,3,2024-01-04,2025-01-04,100.0,0.0,Apartment,366,0,0,2,Global Investors,-2.4290129159942757,0.8009083956091847
C1778,Individual,Jeffrey,Cox,01-09-1994,M,USA,Georgia,Investment,4,Yes,Website,1994-01-09,32,3,1216664.8199999998,405554.94,514358.91,1339.73,4019.19,3,2024-01-11,2025-01-07,100.0,0.0,Apartment,362,1,0,2,Global Investors,0.5318681389650869,1.3007067072612908
C1779,Individual,Sharon,Thomas,4/20/1979,F,USA,California,Home,5,No,Client,1979-04-20,47,4,1563236.5499999998,390809.1375,595227.23,1287.1,5148.4,4,2024-01-01,2025-01-06,100.0,0.0,Apartment,371,0,3,0,High-Value / Luxury Investors,1.4088617514106343,-0.6319499200324443
C1780,Individual,Richard,Patterson,5/18/1956,M,USA,Utah,Investment,1,No,Website,1956-05-18,70,4,1735557.15,433889.2875,543401.76,1341.715,5366.86,4,2024-01-01,2025-01-11,50.0,50.0,Apartment,376,0,0,2,Global Investors,1.7889619075619556,1.0452987324149317
C1781,Individual,Betty,Thomas,10-08-1968,F,USA,California,Home,4,No,Website,1968-10-08,57,4,1383316.42,345829.105,524713.99,1164.015,4656.06,4,2024-01-03,2025-01-08,100.0,0.0,Apartment,371,0,1,1,Home-Focused / First-Time Buyers,0.4321193962728471,-0.8109902603375578
C1782,Individual,Ann,King,12-04-1999,F,UK,England,Investment,1,No,Website,1999-12-04,26,4,897646.55,224411.6375,281637.63,783.64,3134.56,4,2024-01-02,2025-01-03,100.0,0.0,Apartment,367,0,0,2,Global Investors,-2.779989566394015,0.9594216034928165
C1783,Individual,Jacob,Garcia,03-07-1954,M,USA,California,Home,3,No,Website,1954-03-07,72,4,1136482.92,284120.73,387708.89,883.805,3535.22,4,2024-01-05,2025-01-06,75.0,25.0,Apartment,367,0,1,1,Home-Focused / First-Time Buyers,-1.1909246955674408,-1.0866252163227985
C1784,Individual,Albert,Moore,2/24/1998,M,Australia,Western Australia,Home,3,No,Client,1998-02-24,28,4,1352274.53,338068.6325,441900.44,1106.8725,4427.49,4,2024-01-04,2024-01-12,100.0,0.0,Apartment,8,0,1,0,Home-Focused / First-Time Buyers,0.10890273213912839,-0.6226120444503394
C1785,Individual,Lauren,Allen,2/27/1956,F,USA,Colorado,Home,1,Yes,Website,1956-02-27,70,3,1006568.23,335522.74333333335,370207.67,1156.5633333333333,3469.69,3,2024-01-06,2025-01-08,66.66666666666666,33.33333333333333,Apartment,368,1,1,1,Home-Focused / First-Time Buyers,-0.4921803813221558,-0.9733706393442563
C1786,Individual,Adam,White,03-07-1995,M,USA,California,Home,1,No,Website,1995-03-07,31,4,1247095.22,311773.805,581591.93,1102.2725,4409.09,4,2024-01-09,2025-01-12,75.0,25.0,Apartment,369,0,1,0,Home-Focused / First-Time Buyers,-0.3140657122819353,-0.7058717873742534
C1787,Individual,Stephen,Flores,9/22/1955,M,USA,Georgia,Investment,5,No,Agency,1955-09-22,70,4,1289585.42,322396.355,528523.4,1029.38,4117.52,4,2024-01-03,2024-01-10,25.0,75.0,Office,7,0,0,2,Global Investors,-0.5798457888782458,0.8590045810250604
C1788,Individual,Zachary,James,10/27/1989,M,USA,California,Home,3,No,Website,1989-10-27,36,3,1116876.81,372292.27,495478.74,1155.6966666666667,3467.09,3,2024-01-01,2025-01-08,100.0,0.0,Apartment,373,0,1,1,Home-Focused / First-Time Buyers,-0.024958266167501103,-0.731868695344496
C1789,Individual,Edward,Brooks,7/25/1982,M,USA,Colorado,Home,5,Yes,Agency,1982-07-25,44,3,1359605.1,453201.7,470652.98,1526.9566666666667,4580.87,3,2024-01-02,2025-01-11,66.66666666666666,33.33333333333333,Apartment,375,1,3,0,High-Value / Luxury Investors,2.0310207574256594,-0.5020781207132061
C1790,Individual,Jacob,Hansen,2/18/1940,M,USA,Nevada,Investment,5,No,Client,1940-02-18,86,4,1335521.08,333880.27,402189.34,1159.9675,4639.87,4,2024-01-05,2025-01-01,100.0,0.0,Apartment,362,0,0,2,Global Investors,-0.047095275452189216,0.7810828031777337
C1791,Individual,Gerald,Scott,4/26/1966,M,USA,California,Home,5,No,Agency,1966-04-26,60,3,894512.8,298170.93333333335,358882.77,1050.08,3150.24,3,2024-01-02,2024-01-07,100.0,0.0,Apartment,5,0,1,1,Home-Focused / First-Time Buyers,-1.192585279628055,-1.0115694332118499
C1792,Individual,Terry,Pierce,6/17/1995,M,USA,California,Home,3,No,Agency,1995-06-17,31,4,1948563.24,487140.81,566173.43,1676.3825,6705.53,4,2024-01-02,2025-01-03,75.0,25.0,Apartment,367,0,3,0,High-Value / Luxury Investors,3.7680163633233046,-0.3068391165424134
C1793,Individual,Richard,James,04-05-1969,M,USA,Utah,Investment,1,No,Website,1969-04-05,57,4,1317525.03,329381.2575,538098.62,1102.08,4408.32,4,2024-01-01,2024-01-06,100.0,0.0,Apartment,5,0,0,2,Global Investors,-0.3753721638605968,0.9421503280948462
C1794,Individual,Douglas,Chavez,12/25/1995,M,USA,Colorado,Home,3,No,Website,1995-12-25,30,4,1378476.06,344619.015,460529.82,1137.5875,4550.35,4,2024-01-11,2025-01-12,100.0,0.0,Apartment,367,0,1,0,Home-Focused / First-Time Buyers,0.28742055535249605,-0.6218432180824501
C1795,Individual,William,Brown,12-01-1945,M,USA,California,Home,5,Yes,Website,1945-12-01,80,4,1058019.94,264504.985,334197.72,827.2,3308.8,4,2024-01-06,2025-01-11,25.0,75.0,Office,371,1,1,1,Home-Focused / First-Time Buyers,-1.5886596867294647,-1.0803217255246451
C1796,Individual,Betty,Hughes,9/21/1950,F,USA,California,Investment,5,Yes,Client,1950-09-21,75,3,1158919.94,386306.64666666667,425005.86,1286.4833333333331,3859.45,3,2024-01-07,2025-01-11,100.0,0.0,Apartment,370,1,0,2,Global Investors,0.22527085526243287,0.9453680736300474
C1797,Individual,Katherine,Howard,2/26/1957,F,USA,Oregon,Home,3,Yes,Website,1957-02-26,69,3,910545.92,303515.30666666664,337603.6,1033.62,3100.86,3,2024-01-04,2025-01-12,100.0,0.0,Apartment,374,1,1,1,Home-Focused / First-Time Buyers,-1.1968876325148579,-1.0116156492613078
C1798,Individual,Bryan,Peterson,08-10-1966,M,USA,Arizona,Investment,1,Yes,Website,1966-08-10,60,4,1601121.79,400280.4475,575322.53,1263.96,5055.84,4,2024-01-02,2025-01-10,50.0,50.0,Apartment,374,1,0,2,Global Investors,1.071593602004983,1.1437204718833134
C1799,Individual,Cheryl,Freeman,01-11-1950,F,USA,Colorado,Home,5,No,Agency,1950-01-11,76,4,1022792.49,255698.1225,365006.8,823.6625,3294.65,4,2024-01-03,2025-01-03,100.0,0.0,Apartment,366,0,1,1,Home-Focused / First-Time Buyers,-1.721250793414127,-1.1501871185698112
C1800,Individual,James,Campbell,4/13/1944,M,USA,Oregon,Home,1,No,Client,1944-04-13,82,3,1120963.1,373654.3666666667,539648.88,1301.65,3904.95,3,2024-01-08,2024-01-08,66.66666666666666,33.33333333333333,Apartment,0,0,3,0,High-Value / Luxury Investors,0.4109818247844199,-1.072840895333151
C1801,Individual,Jose,Howard,02-08-1964,M,USA,California,Home,5,Yes,Website,1964-02-08,62,3,1473065.73,491021.91,734629.38,1422.97,4268.91,3,2024-01-08,2025-01-09,66.66666666666666,33.33333333333333,Apartment,367,1,3,0,High-Value / Luxury Investors,2.277132376602313,-0.6148879431587367
C1802,Individual,Jack,Morris,3/26/1948,M,USA,Nevada,Investment,1,No,Client,1948-03-26,78,4,1155979.49,288994.8725,386196.25,1011.5875,4046.35,4,2024-01-01,2025-01-04,100.0,0.0,Apartment,369,0,0,2,Global Investors,-1.1665522151097387,0.7029980907361276
C1803,Individual,Susan,Bennett,4/14/1987,F,Canada,Quebec,Investment,5,No,Agency,1987-04-14,39,3,1329728.19,443242.73,588353.61,1443.9800000000002,4331.9400000000005,3,2024-01-04,2025-01-10,66.66666666666666,33.33333333333333,Apartment,372,0,0,2,Global Investors,1.331655865365646,1.2408251894780615
C1804,Individual,Albert,Kim,03-03-1989,M,USA,California,Home,1,No,Website,1989-03-03,37,4,1735376.55,433844.1375,563448.9,1504.0975,6016.389999999999,4,2024-01-04,2025-01-06,100.0,0.0,Apartment,368,0,3,0,High-Value / Luxury Investors,2.5188797320051717,-0.4884750015864344
C1805,Individual,Austin,Kim,01-09-1953,M,UK,Northern Ireland,Investment,3,No,Website,1953-01-09,73,4,1871670.17,467917.5425,553251.13,1699.3675,6797.47,4,2024-01-05,2025-01-11,75.0,25.0,Apartment,372,0,3,2,High-Value / Luxury Investors,3.2568687730574584,1.1701759396925435
C1806,Individual,Martha,Turner,4/13/1967,F,Australia,New South Wales,Investment,2,No,Agency,1967-04-13,59,3,974821.86,324940.62,463318.62,1049.3066666666666,3147.92,3,2024-01-10,2024-01-12,100.0,0.0,Apartment,2,0,0,2,Global Investors,-1.2554637431115412,0.8201573991600793
C1807,Individual,Angela,Allen,02-05-1957,F,France,Brittany,Home,5,No,Website,1957-02-05,69,3,1520931.78,506977.26,720719.85,1469.18,4407.54,3,2024-01-07,2025-01-12,66.66666666666666,33.33333333333333,Apartment,371,0,3,0,High-Value / Luxury Investors,2.626333310990919,-0.7254804548698037
C1808,Individual,Victoria,Stewart,01-08-1990,F,USA,Washington,Investment,2,No,Client,1990-01-08,36,4,1102931.4500000002,275732.86250000005,411172.03,989.46,3957.84,4,2024-01-02,2025-01-08,100.0,0.0,Apartment,372,0,0,2,Global Investors,-1.464249006830607,1.0120382635777463
C1809,Individual,Laura,White,05-03-1981,F,USA,New York,Home,4,Yes,Agency,1981-05-03,45,4,1221253.05,305313.2625,435031.56,1104.2925,4417.17,4,2024-01-01,2024-01-09,100.0,0.0,Apartment,8,1,1,1,Home-Focused / First-Time Buyers,-0.34143652119010304,-0.7032903911115603
C1810,Individual,Maria,Collins,01-06-1945,F,USA,Texas,Home,3,No,Agency,1945-01-06,81,3,991862.87,330620.95666666667,445150.57,1138.4233333333334,3415.27,3,2024-01-02,2024-01-11,100.0,0.0,Apartment,9,0,1,1,Home-Focused / First-Time Buyers,-0.5421403976358963,-1.133773795859102
C1811,Individual,Stephanie,Williams,2/16/1958,F,USA,California,Home,3,Yes,Agency,1958-02-16,68,4,1189519.9,297379.975,503113.61,1029.73,4118.92,4,2024-01-02,2025-01-10,100.0,0.0,Apartment,374,1,1,1,Home-Focused / First-Time Buyers,-0.6334306215281037,-0.9180697030297876
C1812,Individual,Ryan,White,4/18/1977,M,France,Provence,Home,5,Yes,Website,1977-04-18,49,4,1080880.0,270220.0,406648.6,955.7625,3823.05,4,2024-01-05,2025-01-06,75.0,25.0,Apartment,367,1,1,1,Home-Focused / First-Time Buyers,-1.2166566011570612,-0.8062628960778248
C1813,Individual,Walter,Jordan,12-02-1947,M,Germany,Hamburg,Investment,3,Yes,Website,1947-12-02,78,4,1552316.39,388079.0975,520934.42,1294.645,5178.58,4,2024-01-01,2025-01-04,50.0,50.0,Apartment,369,1,0,2,Global Investors,1.0357646268104042,1.0158184115517657
C1814,Individual,Scott,Roberts,04-07-1987,M,Denmark,North Denmark,Home,2,No,Website,1987-04-07,39,4,1303261.99,325815.4975,392801.93,1153.0825,4612.33,4,2024-01-01,2025-01-08,100.0,0.0,Apartment,373,0,1,0,Home-Focused / First-Time Buyers,0.051780496925008364,-0.7253575254949223
C1815,Individual,Aaron,Carter,3/26/1949,M,USA,California,Home,5,No,Agency,1949-03-26,77,4,1182628.3,295657.075,549102.55,942.035,3768.14,4,2024-01-03,2025-01-07,75.0,25.0,Apartment,370,0,1,1,Home-Focused / First-Time Buyers,-0.8298030578713737,-1.0744757865636423
C1816,Individual,Sean,Miller,04-08-1962,M,Canada,Quebec,Home,2,No,Website,1962-04-08,64,4,1078876.87,269719.2175,390892.15,909.9825,3639.93,4,2024-01-03,2025-01-09,100.0,0.0,Apartment,372,0,1,1,Home-Focused / First-Time Buyers,-1.36061961668275,-1.0509783068972962
C1817,Individual,Cynthia,Garcia,7/28/1944,F,USA,Virginia,Home,1,No,Agency,1944-07-28,82,3,1240667.65,413555.8833333333,559209.89,1412.0199999999998,4236.06,3,2024-01-11,2025-01-12,100.0,0.0,Apartment,367,0,3,0,High-Value / Luxury Investors,1.2173401501155499,-0.9984088432605085
C1818,Individual,Christine,Wood,8/17/1994,F,USA,Washington,Investment,5,Yes,Website,1994-08-17,32,3,814797.06,271599.02,309389.23,851.4266666666667,2554.28,3,2024-01-12,2025-01-11,100.0,0.0,Apartment,365,1,0,2,Global Investors,-2.466443644867745,1.0359285317843863
C1819,Individual,William,Brown,02-11-1963,M,Russia,Krasnodar Krai,Home,1,No,Website,1963-02-11,63,3,1067644.33,355881.44333333336,405297.57,1339.746666666667,4019.24,3,2024-01-02,2024-01-08,100.0,0.0,Apartment,6,0,1,0,Home-Focused / First-Time Buyers,0.25108007182480196,-0.9412508495707913
C1820,Individual,Nicholas,Howard,8/21/1979,M,France,Provence,Home,3,No,Website,1979-08-21,47,4,970434.94,242608.735,338313.48,840.8725,3363.49,4,2024-01-08,2025-01-06,100.0,0.0,Apartment,364,0,1,1,Home-Focused / First-Time Buyers,-1.944196260714626,-0.9640194252320227
C1821,Individual,Adam,Smith,10/22/1944,M,USA,Nevada,Home,5,No,Website,1944-10-22,81,4,1733692.62,433423.155,662403.71,1244.8049999999998,4979.219999999999,4,2024-01-06,2025-01-05,50.0,50.0,Apartment,365,0,3,0,High-Value / Luxury Investors,1.968931705588286,-0.8405105940750855
C1822,Individual,Frank,Weaver,2/28/1996,M,USA,Oregon,Investment,5,Yes,Website,1996-02-28,30,4,1388147.75,347036.9375,488803.45,1184.81,4739.24,4,2024-01-03,2024-01-12,100.0,0.0,Apartment,9,1,0,2,Global Investors,0.11289503551161865,1.3223881942138975
C1823,Individual,Jacob,Watson,08-11-1967,M,USA,Oregon,Home,4,Yes,Website,1967-08-11,59,3,993925.86,331308.62,454589.3,994.8266666666668,2984.48,3,2024-01-07,2025-01-09,66.66666666666666,33.33333333333333,Apartment,368,1,1,1,Home-Focused / First-Time Buyers,-0.9362071779225022,-0.8974559287877277
C1824,Individual,Jeffrey,Weaver,09-05-1962,M,USA,California,Home,3,No,Website,1962-09-05,64,4,945036.97,236259.2425,301253.43,857.7574999999999,3431.03,4,2024-01-02,2025-01-10,75.0,25.0,Apartment,374,0,1,1,Home-Focused / First-Time Buyers,-1.966314870154669,-1.1000215466981527
C1825,Individual,Eric,Jones,12/28/1956,M,Mexico,Nuevo Leon,Home,2,No,Agency,1956-12-28,69,4,948769.93,237192.4825,359484.97,802.7125,3210.85,4,2024-01-02,2024-01-12,100.0,0.0,Apartment,10,0,1,1,Home-Focused / First-Time Buyers,-2.1059439824568607,-1.1595986631737383
C1826,Individual,Jack,Williams,06-08-1951,M,USA,Ohio,Home,4,No,Client,1951-06-08,75,4,1300035.21,325008.8025,402845.37,1159.5325,4638.13,4,2024-01-03,2025-01-05,75.0,25.0,Apartment,368,0,1,1,Home-Focused / First-Time Buyers,0.14548549277756068,-0.9802074440972762
C1827,Individual,Donald,Thompson,01-02-1973,M,USA,New York,Home,5,Yes,Website,1973-01-02,53,4,1221529.77,305382.4425,483612.33,988.7175,3954.87,4,2024-01-08,2025-01-04,75.0,25.0,Apartment,362,1,1,1,Home-Focused / First-Time Buyers,-0.6137173483838452,-0.7790168757914188
C1828,Individual,William,Wood,11/15/1991,M,USA,California,Investment,2,Yes,Website,1991-11-15,34,4,1199213.25,299803.3125,500475.25,1114.2125,4456.85,4,2025-01-05,2025-01-07,75.0,25.0,Apartment,2,1,0,2,Global Investors,-0.8020827192387968,1.1762766903827775
C1829,Individual,Rachel,Ward,7/17/1997,F,USA,California,Home,5,Yes,Agency,1997-07-17,29,3,1194095.83,398031.94333333336,544862.08,1394.21,4182.63,3,2024-01-06,2025-01-12,66.66666666666666,33.33333333333333,Apartment,372,1,3,0,High-Value / Luxury Investors,0.9451745688338512,-0.48555452956061673
C1830,Individual,Virginia,Owens,3/20/1959,F,USA,Arizona,Home,3,No,Website,1959-03-20,67,3,1363309.64,454436.5466666666,518130.19,1487.66,4462.98,3,2024-01-04,2025-01-10,66.66666666666666,33.33333333333333,Apartment,372,0,3,0,High-Value / Luxury Investors,1.9563338259187741,-0.7938862578705352
C1831,Individual,Janice,Smith,9/15/1950,F,Russia,Tatarstan,Home,3,No,Website,1950-09-15,76,4,1004720.27,251180.0675,416215.94,972.335,3889.34,4,2024-01-02,2025-01-10,100.0,0.0,Apartment,374,0,1,1,Home-Focused / First-Time Buyers,-1.4316298819970346,-1.1457435087647634
C1832,Individual,Henry,Garcia,4/21/1987,M,USA,Oregon,Investment,1,Yes,Website,1987-04-21,39,4,1282390.94,320597.735,582747.93,1103.3225,4413.29,4,2024-01-02,2025-01-08,100.0,0.0,Apartment,372,1,0,2,Global Investors,-0.5377856743353894,1.1549652691657564
C1833,Individual,Jennifer,Weaver,1/17/1948,F,USA,Arizona,Investment,1,Yes,Website,1948-01-17,78,3,1132086.83,377362.2766666667,454723.5,1357.1933333333334,4071.58,3,2024-01-09,2025-01-12,100.0,0.0,Apartment,369,1,0,2,Global Investors,0.2314619598583327,0.8838553580215346
C1834,Individual,Zachary,Phillips,3/13/1963,M,Belgium,Flanders,Investment,5,No,Agency,1963-03-13,63,4,1222274.6,305568.65,484614.3,948.835,3795.34,4,2024-01-01,2025-01-12,75.0,25.0,Apartment,377,0,0,2,Global Investors,-1.045579201995581,0.8709668944700892
C1835,Individual,Nicole,Pierce,10/25/1959,F,Canada,Alberta,Investment,4,Yes,Agency,1959-10-25,66,3,739211.6,246403.86666666667,362373.17,849.7466666666668,2549.24,3,2024-01-05,2025-01-02,100.0,0.0,Apartment,363,1,0,2,Global Investors,-2.7626841936307294,0.7320733738264976
C1836,Individual,Judy,Wood,10-08-1960,F,USA,California,Investment,1,Yes,Website,1960-10-08,65,4,1213775.31,303443.8275,433286.92,958.755,3835.02,4,2024-01-02,2025-01-11,75.0,25.0,Apartment,375,1,0,2,Global Investors,-1.1253967257407738,0.8992881199528299
C1837,Individual,Julia,Freeman,04-06-1950,F,USA,California,Home,2,Yes,Client,1950-04-06,76,4,1507583.69,376895.9225,523732.73,1333.2775,5333.11,4,2024-01-06,2025-01-05,100.0,0.0,Apartment,365,1,3,0,High-Value / Luxury Investors,1.3106878671943978,-0.8094280619081362
C1838,Individual,Joyce,Morales,1/14/1965,F,Canada,Alberta,Investment,1,No,Agency,1965-01-14,61,4,1266344.58,316586.145,394185.4,1030.83,4123.32,4,2024-01-04,2025-01-11,75.0,25.0,Apartment,373,0,0,2,Global Investors,-0.7414556087231903,0.8775214676491473
C1839,Individual,Kyle,Gray,1/21/1943,M,USA,California,Investment,2,No,Agency,1943-01-21,83,4,967894.54,241973.635,328156.51,821.355,3285.42,4,2024-01-01,2025-01-11,100.0,0.0,Apartment,376,0,0,2,Global Investors,-2.3225502178795363,0.5660787640866649
C1840,Individual,Gerald,Weaver,6/22/1986,M,UK,England,Investment,3,No,Website,1986-06-22,40,3,911506.03,303835.3433333333,490529.51,1064.7333333333331,3194.2,3,2024-01-04,2025-01-02,66.66666666666666,33.33333333333333,Apartment,364,0,0,2,Global Investors,-1.501070767359255,0.9532371441515441
C1841,Individual,Austin,Williams,5/27/1947,M,USA,New York,Home,4,No,Website,1947-05-27,79,4,1612088.13,403022.0325,556524.23,1374.585,5498.34,4,2024-01-01,2025-01-11,100.0,0.0,Apartment,376,0,3,0,High-Value / Luxury Investors,1.8470294474987077,-0.8515884070374629
C1842,Company,Rexon,Co,10-08-1978,M,Canada,Alberta,Home,3,Yes,Agency,1978-10-08,47,3,1252827.37,417609.12333333335,592554.14,1407.513333333333,4222.54,3,2024-01-02,2024-01-09,100.0,0.0,Apartment,7,1,2,3,Corporate Buyers,1.0357014912219915,4.407950613578677
C1843,Individual,Jose,Stone,6/18/1952,M,Germany,Hesse,Home,4,No,Website,1952-06-18,74,4,1487849.65,371962.4125,564487.75,1218.84,4875.36,4,2024-01-01,2025-01-01,75.0,25.0,Apartment,366,0,3,1,High-Value / Luxury Investors,0.9809649851429743,-0.8918356422316179
C1844,Individual,Grace,Howard,7/21/1978,F,USA,Ohio,Home,1,No,Agency,1978-07-21,48,4,1033138.51,258284.6275,364629.72,837.88,3351.52,4,2024-01-01,2025-01-11,75.0,25.0,Apartment,376,0,1,1,Home-Focused / First-Time Buyers,-1.7564993500684924,-0.9709337935944732
C1845,Individual,Joshua,Green,09-11-1949,M,USA,California,Investment,1,Yes,Website,1949-09-11,77,3,889124.6799999999,296374.8933333333,561305.34,972.0533333333332,2916.16,3,2024-01-05,2025-01-07,100.0,0.0,Apartment,368,1,0,2,Global Investors,-1.8281669566840844,0.7055464292875048
C1846,Individual,Sara,Allen,10/26/1985,F,Russia,Novosibirsk,Home,5,Yes,Agency,1985-10-26,40,3,886017.55,295339.18333333335,359371.65,980.87,2942.61,3,2024-01-08,2025-01-04,100.0,0.0,Apartment,362,1,1,1,Home-Focused / First-Time Buyers,-1.451512735366294,-0.7895617316161645
C1847,Individual,Brian,Griffin,04-01-1952,M,USA,Utah,Home,4,No,Website,1952-04-01,74,4,1080850.85,270212.7125,539787.73,859.7125,3438.85,4,2024-01-02,2025-01-05,100.0,0.0,Apartment,369,0,1,1,Home-Focused / First-Time Buyers,-1.4360446823202062,-1.1166725002269837
C1848,Individual,Sarah,Davis,7/17/1993,F,USA,California,Home,2,No,Website,1993-07-17,33,4,1595352.82,398838.205,598972.24,1295.0975,5180.389999999999,4,2024-01-06,2024-01-12,75.0,25.0,Apartment,6,0,3,0,High-Value / Luxury Investors,1.4745564509321958,-0.5430183859578862
C1849,Individual,Joseph,Wilson,09-02-1976,M,Canada,Alberta,Investment,3,Yes,Website,1976-09-02,50,3,1019239.08,339746.36,386163.72,1016.7633333333332,3050.29,3,2024-01-04,2025-01-02,66.66666666666666,33.33333333333333,Apartment,364,1,0,2,Global Investors,-1.1560621124795412,0.9986285452946407
C1850,Individual,Gregory,Miller,7/25/1971,M,USA,New York,Investment,5,Yes,Agency,1971-07-25,55,4,1380990.75,345247.6875,514705.32,1176.685,4706.74,4,2024-01-06,2025-01-08,100.0,0.0,Apartment,368,1,0,2,Global Investors,0.10378239262775028,1.1261512954913107
C1851,Individual,Kimberly,Miller,06-08-1954,F,UK,England,Home,3,Yes,Agency,1954-06-08,72,4,1552543.97,388135.9925,568142.17,1153.5575,4614.23,4,2024-01-05,2025-01-03,25.0,75.0,Office,364,1,3,0,High-Value / Luxury Investors,1.0145498398120159,-0.7908038887015049
C1852,Individual,Julie,Hall,12/15/1997,F,USA,Virginia,Home,4,No,Website,1997-12-15,28,3,1674072.07,558024.0233333333,662938.18,1733.68,5201.04,3,2024-01-10,2025-01-04,66.66666666666666,33.33333333333333,Apartment,360,0,3,0,High-Value / Luxury Investors,3.901095040484397,-0.2994613582440739
C1853,Individual,Jennifer,Owens,2/24/1949,F,USA,Virginia,Investment,4,No,Website,1949-02-24,77,4,1207329.15,301832.2875,474524.95,1012.5575,4050.23,4,2024-01-02,2025-01-09,100.0,0.0,Apartment,373,0,0,2,Global Investors,-0.9286360539838471,0.7612953201334073
C1854,Company,Rexon,Co,3/23/1960,M,France,Ile-de-France,Investment,1,No,Client,1960-03-23,66,4,1387997.02,346999.255,585205.19,1104.2925,4417.17,4,2024-01-03,2025-01-03,100.0,0.0,Apartment,366,0,2,3,Corporate Buyers,-0.29206129329809577,5.924245697764037
C1855,Individual,Gloria,Hansen,02-07-1984,F,USA,California,Home,2,Yes,Website,1984-02-07,42,4,1117305.86,279326.465,409255.12,874.6275,3498.51,4,2024-01-06,2025-01-10,100.0,0.0,Apartment,370,1,1,1,Home-Focused / First-Time Buyers,-1.3577853739293957,-0.7888166503521699
C1856,Company,Altira,Co,5/24/1994,M,USA,Virginia,Home,2,No,Website,1994-05-24,32,3,1216231.4300000002,405410.47666666674,586091.18,1334.1,4002.3,3,2024-01-02,2024-01-11,100.0,0.0,Apartment,9,0,2,3,Corporate Buyers,0.6563724875457558,4.394037695625663
C1857,Individual,Walter,Johnson,3/22/1987,M,USA,California,Investment,2,Yes,Website,1987-03-22,39,3,919814.94,306604.98,372884.46,932.37,2797.11,3,2024-01-09,2025-01-10,66.66666666666666,33.33333333333333,Apartment,367,1,0,2,Global Investors,-1.8403700509639016,1.0121951128885904
C1858,Individual,Amy,Hayes,06-05-1958,F,USA,Colorado,Home,5,No,Website,1958-06-05,68,3,1161958.29,387319.43,516468.06,1267.5866666666668,3802.76,3,2024-01-03,2024-01-06,100.0,0.0,Apartment,3,0,3,0,High-Value / Luxury Investors,0.545117069981384,-0.9129790837101085
C1859,Individual,Zachary,Taylor,11/18/1943,M,USA,California,Home,5,Yes,Client,1943-11-18,82,4,1087561.59,271890.3975,380297.96,862.28,3449.12,4,2024-01-06,2025-01-10,50.0,50.0,Apartment,370,1,1,1,Home-Focused / First-Time Buyers,-1.3865977661865068,-1.0774005419875816
C1860,Company,Caldera,Co,7/17/1970,F,USA,California,Home,4,Yes,Agency,1970-07-17,56,4,1661197.49,415299.3725,496217.67,1338.9,5355.599999999999,4,2024-01-01,2024-01-07,100.0,0.0,Apartment,6,1,2,3,Corporate Buyers,1.694196890037378,4.44727510191431
C1861,Individual,Nathan,Evans,01-08-1982,M,USA,California,Investment,3,Yes,Website,1982-01-08,44,4,1475178.95,368794.7375,508804.43,1239.9025,4959.610000000001,4,2024-01-07,2025-01-05,100.0,0.0,Apartment,364,1,0,2,Global Investors,0.5606728704016144,1.2370639999944708
C1862,Individual,Joshua,Long,8/22/1953,M,USA,California,Home,1,Yes,Website,1953-08-22,73,3,988771.17,329590.39,462577.28,1076.69,3230.07,3,2024-01-01,2025-01-06,100.0,0.0,Apartment,371,1,1,1,Home-Focused / First-Time Buyers,-0.7734941516978981,-1.0212146811013998
C1863,Individual,Megan,Hansen,03-04-1948,F,UK,Scotland,Home,3,No,Website,1948-03-04,78,4,1281313.02,320328.255,462169.28,1039.19,4156.76,4,2024-01-10,2025-01-02,100.0,0.0,Apartment,358,0,1,1,Home-Focused / First-Time Buyers,-0.24951761420486507,-1.046693135669835
C1864,Individual,Hannah,Weaver,4/25/1972,F,USA,New York,Home,5,Yes,Website,1972-04-25,54,4,1131730.6,282932.65,494313.18,1027.325,4109.3,4,2024-01-02,2025-01-06,75.0,25.0,Apartment,370,1,1,1,Home-Focused / First-Time Buyers,-0.8372286659544145,-0.8107662569819658
C1865,Individual,Sean,Rogers,01-11-1974,M,USA,Arizona,Investment,4,No,Website,1974-01-11,52,3,1092253.24,364084.4133333333,423654.2,1196.1733333333334,3588.52,3,2024-01-06,2025-01-12,66.66666666666666,33.33333333333333,Apartment,372,0,0,2,Global Investors,-0.34049565804977294,0.9765087398353515
C1866,Individual,Joyce,Martin,8/23/1971,F,USA,Nevada,Home,2,No,Agency,1971-08-23,55,4,1620195.43,405048.8575,490055.89,1380.26,5521.04,4,2024-01-07,2025-01-09,100.0,0.0,Apartment,368,0,3,0,High-Value / Luxury Investors,1.8210584610223064,-0.684456001195885
C1867,Individual,Robert,Richardson,1/13/1952,M,USA,California,Home,2,Yes,Website,1952-01-13,74,3,761781.8,253927.2666666667,423673.58,791.0400000000001,2373.1200000000003,3,2024-01-02,2025-01-07,66.66666666666666,33.33333333333333,Apartment,371,1,1,1,Home-Focused / First-Time Buyers,-2.483937053226613,-1.1759566212583137
C1868,Individual,Michelle,Thomas,11/28/1975,F,UK,Wales,Home,1,No,Website,1975-11-28,50,4,1469394.43,367348.6075,537563.89,1198.3725,4793.49,4,2024-01-01,2025-01-07,75.0,25.0,Apartment,372,0,3,0,High-Value / Luxury Investors,0.7733506914049092,-0.7505836577545291
C1869,Individual,Margaret,Campbell,10-05-1975,F,Mexico,Nuevo Leon,Home,5,No,Client,1975-10-05,50,4,1335399.36,333849.84,457748.53,1132.7375,4530.95,4,2024-01-01,2025-01-06,75.0,25.0,Apartment,371,0,1,0,Home-Focused / First-Time Buyers,0.18249081640105405,-0.7707266010852535
C1870,Individual,Lawrence,Moore,10/13/1980,M,USA,Washington,Investment,1,No,Agency,1980-10-13,45,3,680865.94,226955.31333333327,295517.69,842.68,2528.04,3,2024-01-03,2025-01-06,66.66666666666666,33.33333333333333,Apartment,369,0,0,2,Global Investors,-3.1053265387340745,0.7481696887957212
C1871,Individual,Amy,Reyes,10/18/1961,F,USA,Texas,Home,1,Yes,Website,1961-10-18,64,4,1096466.77,274116.6925,361953.92,1000.415,4001.66,4,2024-01-02,2025-01-12,75.0,25.0,Apartment,376,1,1,1,Home-Focused / First-Time Buyers,-1.0876960142177605,-0.9485745750313627
C1872,Individual,Raymond,Jones,10/23/1940,M,Mexico,Mexico City,Home,5,No,Client,1940-10-23,85,3,1284121.27,428040.4233333333,542533.89,1452.263333333333,4356.79,3,2024-01-02,2025-01-02,100.0,0.0,Apartment,366,0,3,0,High-Value / Luxury Investors,1.5823956003964368,-0.951895202451059
C1873,Individual,Cheryl,Collins,03-10-1959,F,Canada,British Columbia,Home,5,No,Agency,1959-03-10,67,4,841611.53,210402.8825,357647.97,727.265,2909.06,4,2024-01-03,2024-01-11,75.0,25.0,Apartment,8,0,1,1,Home-Focused / First-Time Buyers,-2.6449131067092386,-1.1674426250509191
C1874,Individual,Justin,Cooper,11/18/1972,M,USA,Colorado,Investment,1,No,Agency,1972-11-18,53,3,1058361.99,352787.33,463077.47,1125.17,3375.51,3,2024-01-02,2024-01-10,100.0,0.0,Apartment,8,0,0,2,Global Investors,-0.7217327761661861,0.9072838454631361
C1875,Individual,Melissa,Roberts,9/13/1943,F,USA,Nevada,Home,2,No,Client,1943-09-13,83,3,1220153.86,406717.9533333333,492821.75,1339.73,4019.19,3,2024-01-09,2025-01-02,66.66666666666666,33.33333333333333,Apartment,359,0,3,0,High-Value / Luxury Investors,0.9578888452229957,-1.0197843736082082
C1876,Company,Bravada,Co,3/17/1981,M,USA,Ohio,Investment,4,Yes,Website,1981-03-17,45,3,1543986.34,514662.1133333333,676167.22,1523.6933333333334,4571.08,3,2024-01-07,2025-01-11,100.0,0.0,Apartment,370,1,2,3,Corporate Buyers,2.2563354164072353,6.404159434486287
C1877,Individual,Walter,Bryant,9/16/1961,M,USA,Arizona,Home,5,No,Agency,1961-09-16,65,3,905899.79,301966.5966666667,470763.27,1008.13,3024.39,3,2024-01-03,2025-01-11,66.66666666666666,33.33333333333333,Apartment,374,0,1,1,Home-Focused / First-Time Buyers,-1.245446285658973,-1.054231512238113
C1878,Individual,Paul,Rogers,10-07-1967,M,USA,Washington,Home,5,No,Agency,1967-10-07,58,3,958603.36,319534.4533333333,508552.39,1097.4366666666667,3292.31,3,2024-01-01,2025-01-02,100.0,0.0,Apartment,367,0,1,1,Home-Focused / First-Time Buyers,-0.794604174481807,-0.9589096632151898
C1879,Individual,Deborah,Roberts,1/23/1977,F,USA,New York,Home,3,No,Website,1977-01-23,49,3,1536294.68,512098.2266666666,584091.39,1504.28,4512.84,3,2024-01-05,2025-01-09,66.66666666666666,33.33333333333333,Apartment,370,0,3,0,High-Value / Luxury Investors,2.7204321226521158,-0.5791202185068477
C1880,Individual,Joan,Morales,1/22/1998,F,USA,California,Home,5,Yes,Client,1998-01-22,28,4,1319939.53,329984.8825,543500.27,1053.27,4213.08,4,2024-01-01,2025-01-03,100.0,0.0,Apartment,368,1,1,0,Home-Focused / First-Time Buyers,-0.12570741398179888,-0.5375896481123368
C1881,Individual,Brenda,Phillips,9/13/1989,F,USA,Oregon,Home,2,Yes,Website,1989-09-13,36,3,972731.09,324243.6966666667,392351.64,1127.15,3381.45,3,2024-01-05,2025-01-01,66.66666666666666,33.33333333333333,Apartment,362,1,1,1,Home-Focused / First-Time Buyers,-0.7504693408409299,-0.7224312358245617
C1882,Individual,Deborah,Turner,3/22/1960,F,USA,Virginia,Investment,3,No,Website,1960-03-22,66,3,884144.1,294714.7,437974.4,934.4333333333334,2803.3,3,2024-01-04,2024-01-08,100.0,0.0,Apartment,4,0,0,2,Global Investors,-1.9205751673336366,0.7138906737912097
C1883,Individual,Sean,Peterson,02-11-1941,M,USA,California,Home,1,No,Agency,1941-02-11,85,4,1877399.32,469349.83,597724.45,1489.11,5956.44,4,2024-01-02,2024-01-09,100.0,0.0,Apartment,7,0,3,0,High-Value / Luxury Investors,3.068498423657616,-0.8088490780658227
C1884,Individual,Terry,Bell,08-06-1954,M,USA,Nevada,Home,5,Yes,Website,1954-08-06,72,3,930994.21,310331.4033333334,528465.5,997.4133333333332,2992.24,3,2024-01-01,2024-01-08,100.0,0.0,Apartment,7,1,1,1,Home-Focused / First-Time Buyers,-1.164939815401362,-1.012616670488423
C1885,Individual,Ryan,Bell,10/26/1967,M,Germany,Hamburg,Home,1,Yes,Agency,1967-10-26,58,4,1740983.97,435245.9925,519657.03,1564.0775,6256.31,4,2024-01-03,2024-01-11,100.0,0.0,Apartment,8,1,3,0,High-Value / Luxury Investors,2.7174945504705996,-0.5475658682592993
C1886,Individual,Maria,Richardson,11/16/1999,F,USA,California,Home,5,No,Website,1999-11-16,26,3,774293.9299999999,258097.97666666663,317660.44,842.68,2528.04,3,2024-01-05,2025-01-06,100.0,0.0,Apartment,367,0,1,1,Home-Focused / First-Time Buyers,-2.3068183590883886,-0.846270473950118
C1887,Individual,Emma,Campbell,01-07-1986,F,USA,Oregon,Investment,1,No,Agency,1986-01-07,40,3,822999.76,274333.25333333336,414588.69,941.21,2823.63,3,2024-01-05,2025-01-06,100.0,0.0,Apartment,367,0,0,2,Global Investors,-2.240567499695224,0.8678801760148495
C1888,Individual,Donald,Griffin,08-06-1962,M,USA,California,Home,3,No,Website,1962-08-06,64,4,981962.01,245490.5025,317102.87,820.9224999999999,3283.69,4,2024-01-02,2025-01-04,100.0,0.0,Apartment,368,0,1,1,Home-Focused / First-Time Buyers,-1.928605477299062,-1.0946639356309613
C1889,Individual,Matthew,Richardson,07-10-1987,M,USA,California,Home,4,Yes,Website,1987-07-10,39,3,1193609.3,397869.76666666666,425609.69,1205.9633333333334,3617.89,3,2024-01-03,2024-01-11,66.66666666666666,33.33333333333333,Apartment,8,1,1,0,Home-Focused / First-Time Buyers,0.4490970266042871,-0.6139248452046991
C1890,Individual,Mark,Nelson,03-12-1954,M,Canada,Ontario,Home,4,No,Client,1954-03-12,72,4,1209659.27,302414.8175,483647.09,1042.1725,4168.6900000000005,4,2024-01-05,2024-01-12,75.0,25.0,Apartment,7,0,1,1,Home-Focused / First-Time Buyers,-0.49418484646498073,-1.015256519665445
C1891,Individual,Gary,James,06-02-1972,M,USA,Oregon,Home,2,No,Agency,1972-06-02,54,4,1466482.7999999998,366620.7,460945.04,1244.8049999999998,4979.219999999999,4,2024-01-01,2025-01-09,75.0,25.0,Apartment,374,0,3,0,High-Value / Luxury Investors,0.9071585540444941,-0.7616567163649679
C1892,Individual,Nancy,Jones,06-06-1951,F,USA,Nevada,Investment,5,Yes,Agency,1951-06-06,75,3,978638.94,326212.98,448573.99,1033.4833333333331,3100.45,3,2024-01-02,2025-01-09,100.0,0.0,Apartment,373,1,0,2,Global Investors,-1.2161287745741023,0.8144674277917889
C1893,Individual,Ann,Davis,12/27/1962,F,USA,Washington,Home,1,Yes,Website,1962-12-27,63,4,1458732.84,364683.21,554107.09,1146.015,4584.06,4,2025-01-04,2025-01-10,75.0,25.0,Apartment,6,1,3,0,High-Value / Luxury Investors,0.6068581502761541,-0.7784868622754922
C1894,Individual,Joyce,Hall,03-11-1944,F,USA,Texas,Investment,4,No,Website,1944-03-11,82,4,1284918.37,321229.5925,396878.27,1027.81,4111.24,4,2024-01-07,2025-01-11,75.0,25.0,Apartment,370,0,0,2,Global Investors,-0.5994221170284815,0.7542501392196256
C1895,Company,Caldera,Co,01-07-1969,M,USA,Nevada,Investment,4,No,Agency,1969-01-07,57,3,1170571.86,390190.62000000005,564033.78,1308.513333333333,3925.54,3,2024-01-03,2025-01-08,66.66666666666666,33.33333333333333,Apartment,371,0,2,3,Corporate Buyers,0.10761229038016272,6.020763230670939
C1896,Individual,Andrew,Bryant,6/17/1955,M,USA,Virginia,Investment,3,No,Agency,1955-06-17,71,3,1158311.0,386103.6666666667,572824.93,1139.1533333333334,3417.46,3,2024-01-03,2025-01-04,100.0,0.0,Apartment,367,0,0,2,Global Investors,-0.19182709361233327,0.8355740051430843
C1897,Individual,Catherine,Rogers,12/27/1950,F,Canada,Ontario,Home,2,No,Website,1950-12-27,75,4,1108918.34,277229.585,444913.24,941.61,3766.44,4,2024-01-04,2025-01-07,100.0,0.0,Apartment,369,0,1,1,Home-Focused / First-Time Buyers,-1.1520491654137044,-1.117705408798043
C1898,Individual,Daniel,James,01-05-1979,M,USA,New York,Home,1,Yes,Website,1979-01-05,47,4,1159717.54,289929.385,403626.01,951.82,3807.28,4,2024-01-04,2025-01-08,75.0,25.0,Apartment,370,1,1,1,Home-Focused / First-Time Buyers,-1.0110942192496744,-0.8057692517559616
C1899,Individual,Joe,Mitchell,04-05-1996,M,UK,England,Home,3,No,Website,1996-04-05,30,3,1001627.28,333875.76,453922.16,1221.3833333333334,3664.15,3,2024-01-05,2025-01-04,100.0,0.0,Apartment,365,0,1,1,Home-Focused / First-Time Buyers,-0.36068804413266337,-0.7202200967194702
C1900,Individual,Rachel,Griffin,09-07-1998,F,UK,England,Investment,4,No,Client,1998-09-07,28,4,1185889.79,296472.4475,459585.99,1210.7375000000002,4842.950000000001,4,2024-01-01,2024-01-10,75.0,25.0,Apartment,9,0,0,2,Global Investors,-0.562815419854522,1.1725972563653582
C1901,Individual,Justin,Stewart,9/17/1982,M,Canada,British Columbia,Home,4,No,Agency,1982-09-17,43,4,1357680.7,339420.175,478845.33,1151.37,4605.48,4,2024-01-10,2025-01-12,75.0,25.0,Apartment,368,0,1,0,Home-Focused / First-Time Buyers,0.2846220992647952,-0.7155317146057526
C1902,Company,Grandis,Co,11-09-1980,M,USA,Colorado,Investment,2,No,Agency,1980-11-09,45,4,1127600.93,281900.2325,323302.12,885.395,3541.58,4,2024-01-01,2025-01-05,75.0,25.0,Apartment,370,0,2,3,Corporate Buyers,-1.8252180829616267,5.954560554825103
C1903,Individual,Nicole,Bennett,12-01-1991,F,USA,Nevada,Home,2,No,Website,1991-12-01,34,4,1453139.0699999998,363284.7675,452279.2,1192.72,4770.88,4,2024-01-03,2025-01-06,100.0,0.0,Apartment,369,0,3,0,High-Value / Luxury Investors,0.6919749755550554,-0.6242495511595583
C1904,Individual,Christian,Nelson,3/23/1949,M,USA,Texas,Home,2,Yes,Website,1949-03-23,77,4,1337265.67,334316.4175,406088.62,1073.7375,4294.95,4,2024-01-05,2025-01-10,100.0,0.0,Apartment,371,1,1,0,Home-Focused / First-Time Buyers,0.014980922834219361,-0.9348644106643678
C1905,Individual,James,Morris,02-02-1961,M,USA,Virginia,Home,1,No,Website,1961-02-02,65,3,1180529.35,393509.7833333334,503790.55,1354.2933333333333,4062.88,3,2024-01-08,2025-01-06,66.66666666666666,33.33333333333333,Apartment,364,0,3,0,High-Value / Luxury Investors,0.7803515247345209,-0.9058103757814765
C1906,Individual,Michelle,Adams,9/15/1955,F,USA,California,Home,2,No,Agency,1955-09-15,71,4,1487182.67,371795.6675,405665.29,1158.6325,4634.53,4,2024-01-02,2025-01-09,50.0,50.0,Apartment,373,0,3,0,High-Value / Luxury Investors,0.7828332131246092,-0.9033362691700424
C1907,Individual,Kyle,Wright,03-12-1950,M,USA,Colorado,Home,3,No,Website,1950-03-12,76,4,1751481.15,437870.2875,545190.41,1349.2,5396.8,4,2024-01-06,2025-01-10,25.0,75.0,Office,370,0,3,0,High-Value / Luxury Investors,2.265305843977142,-0.7943282135548082
C1908,Individual,Andrea,Moore,3/28/1976,F,USA,California,Home,2,No,Website,1976-03-28,50,4,1543714.5,385928.625,465488.76,1324.385,5297.54,4,2024-01-01,2025-01-02,75.0,25.0,Apartment,367,0,3,0,High-Value / Luxury Investors,1.3896117160471355,-0.6858122526829333
C1909,Individual,Heather,Pierce,12-04-1985,F,USA,California,Investment,2,No,Agency,1985-12-04,40,3,1238663.76,412887.92,579919.91,1313.16,3939.48,3,2024-01-04,2025-01-02,66.66666666666666,33.33333333333333,Apartment,364,0,0,2,Global Investors,0.5467102617547633,1.1345113483688447
C1910,Company,Telnox,Co,10-04-1985,M,USA,California,Home,2,Yes,Agency,1985-10-04,40,4,816793.9099999999,204198.4775,270241.73,735.11,2940.44,4,2024-01-05,2025-01-03,100.0,0.0,Apartment,364,1,2,3,Corporate Buyers,-3.0088562209872958,4.112988001049969
C1911,Individual,Noah,Murray,01-11-1989,M,USA,California,Home,5,No,Agency,1989-01-11,37,3,1195691.95,398563.9833333333,540051.95,1268.0466666666669,3804.14,3,2024-01-03,2025-01-01,100.0,0.0,Apartment,364,0,3,0,High-Value / Luxury Investors,0.6449279342797766,-0.6606981901630109
C1912,Individual,Amanda,Jackson,7/26/1954,F,USA,Utah,Investment,1,No,Website,1954-07-26,72,3,863871.21,287957.07,354725.86,952.0733333333334,2856.2200000000003,3,2024-01-03,2025-01-03,33.33333333333333,66.66666666666666,Office,366,0,0,2,Global Investors,-1.9866047892641625,0.641862049451042
C1913,Individual,Gary,King,11-12-1980,M,France,Provence,Home,5,No,Website,1980-11-12,45,4,1210353.53,302588.3825,410180.27,972.245,3888.98,4,2024-01-05,2025-01-08,100.0,0.0,Apartment,369,0,1,0,Home-Focused / First-Time Buyers,-0.6989228525532623,-0.8122941363017022
C1914,Individual,Brenda,Gray,8/24/1993,F,UK,Scotland,Home,4,Yes,Website,1993-08-24,33,3,1553786.78,517928.9266666667,608153.01,1584.7333333333331,4754.2,3,2024-01-08,2025-01-01,66.66666666666666,33.33333333333333,Apartment,359,1,3,0,High-Value / Luxury Investors,2.9882873552898426,-0.33379925441417857
C1915,Individual,Angela,Williams,06-09-1964,F,USA,Arizona,Investment,4,No,Client,1964-06-09,62,3,1015184.58,338394.86,498329.2,1076.6899999999998,3230.07,3,2025-01-04,2025-01-11,66.66666666666666,33.33333333333333,Apartment,7,0,0,2,Global Investors,-0.9710631241055694,0.8413389144674844
C1916,Individual,Zachary,Weaver,10/15/1948,M,USA,California,Investment,2,No,Website,1948-10-15,77,3,1257058.52,419019.50666666665,485832.54,1303.7766666666666,3911.33,3,2024-01-09,2025-01-12,100.0,0.0,Apartment,369,0,0,2,Global Investors,0.6581378918880332,0.8562424674474773
C1917,Individual,Angela,Montgomery,9/16/1971,F,Australia,New South Wales,Home,2,No,Client,1971-09-16,54,4,1007433.23,251858.3075,371637.67,820.9224999999999,3283.69,4,2024-01-12,2025-01-11,100.0,0.0,Apartment,365,0,1,1,Home-Focused / First-Time Buyers,-1.868205136508115,-1.0193269708457613
C1918,Individual,Dorothy,Murray,9/17/1940,F,USA,California,Home,1,No,Client,1940-09-17,86,4,1019401.51,254850.3775,345383.67,765.6675,3062.67,4,2024-01-11,2025-01-09,50.0,50.0,Apartment,364,0,1,1,Home-Focused / First-Time Buyers,-1.9373107658883486,-1.2832170035493113
C1919,Company,Vantage,Co,1/19/1968,F,USA,Nevada,Investment,1,No,Website,1968-01-19,58,4,1083015.76,270753.94,498317.73,929.2725,3717.09,4,2024-01-06,2025-01-12,100.0,0.0,Apartment,372,0,2,3,Corporate Buyers,-1.8693176604334818,5.837557738040153
C1920,Individual,Jonathan,Pierce,10/26/1969,M,Germany,North Rhine-Westphalia,Home,5,No,Agency,1969-10-26,56,4,1523588.92,380897.23,577630.33,1278.045,5112.18,4,2024-01-05,2025-01-10,100.0,0.0,Apartment,371,0,3,0,High-Value / Luxury Investors,1.25495766530207,-0.717314926350805
C1921,Individual,Carolyn,Adams,12/24/1956,F,France,Provence,Home,5,No,Website,1956-12-24,69,3,980793.68,326931.2266666666,366009.11,1089.46,3268.38,3,2024-01-12,2025-01-10,33.33333333333333,66.66666666666666,Office,364,0,1,1,Home-Focused / First-Time Buyers,-0.7027321210460072,-1.03570526118526
C1922,Individual,Jessica,Garcia,01-09-1988,F,USA,California,Home,1,No,Agency,1988-01-09,38,3,1549836.17,516612.0566666666,654336.12,1592.1233333333332,4776.37,3,2024-01-02,2024-01-12,100.0,0.0,Apartment,10,0,3,0,High-Value / Luxury Investors,2.958339938266815,-0.49118138895384694
C1923,Individual,Sarah,Cooper,03-07-1947,F,Mexico,Jalisco,Investment,1,Yes,Client,1947-03-07,79,4,1302917.16,325729.29,414731.61,1140.38,4561.52,4,2024-01-06,2025-01-05,75.0,25.0,Apartment,365,1,0,2,Global Investors,-0.30533392379777524,0.8633838092751243
C1924,Individual,Joe,Cooper,01-03-1958,M,USA,California,Home,3,No,Client,1958-01-03,68,4,1453954.37,363488.5925,486561.68,1253.3075,5013.23,4,2024-01-01,2025-01-07,100.0,0.0,Apartment,372,0,3,0,High-Value / Luxury Investors,0.9220877935628474,-0.8611785521578398
C1925,Individual,Jordan,Baker,1/19/1942,M,USA,Colorado,Home,2,No,Agency,1942-01-19,84,4,1165252.94,291313.235,407382.75,1093.05,4372.2,4,2024-01-01,2024-01-12,75.0,25.0,Apartment,11,0,1,1,Home-Focused / First-Time Buyers,-0.5376752654173985,-1.1336230251514132
C1926,Individual,Joshua,Watson,11-05-1997,M,Mexico,Puebla,Home,1,Yes,Website,1997-11-05,28,4,1238034.03,309508.5075,458341.23,1014.73,4058.92,4,2024-01-05,2025-01-01,75.0,25.0,Apartment,362,1,1,1,Home-Focused / First-Time Buyers,-0.5911808526120828,-0.6180102266966319
C1927,Individual,Victoria,Long,11-05-1952,F,USA,California,Investment,1,Yes,Website,1952-11-05,73,4,1325474.94,331368.735,496630.54,1280.6875,5122.75,4,2024-01-11,2025-01-09,100.0,0.0,Apartment,364,1,0,2,Global Investors,0.1344171444154281,0.9479872179234827
C1928,Individual,Paul,Scott,2/20/1998,M,Australia,New South Wales,Home,4,Yes,Client,1998-02-20,28,3,741930.22,247310.07333333333,278982.99,736.0433333333334,2208.13,3,2024-01-01,2025-01-09,100.0,0.0,Apartment,374,1,1,1,Home-Focused / First-Time Buyers,-2.7501382717934657,-0.8219298776359212
C1929,Individual,Angela,Baker,10/24/1941,F,Mexico,Jalisco,Home,1,Yes,Agency,1941-10-24,84,4,1329874.96,332468.74,437806.03,1127.175,4508.7,4,2024-01-02,2025-01-08,100.0,0.0,Apartment,372,1,1,0,Home-Focused / First-Time Buyers,0.12177483332015956,-0.9903059069359501
C1930,Individual,Rachel,Adams,1/22/1966,F,USA,Colorado,Investment,3,No,Agency,1966-01-22,60,4,1184992.23,296248.0575,507885.52,990.9875,3963.95,4,2024-01-09,2025-01-12,100.0,0.0,Apartment,369,0,0,2,Global Investors,-1.1089020005786727,0.868417997296994
C1931,Individual,Melissa,Jackson,05-01-1995,F,USA,Utah,Home,5,Yes,Website,1995-05-01,31,4,1323884.11,330971.0275,526514.11,1047.99,4191.96,4,2024-01-06,2025-01-08,100.0,0.0,Apartment,368,1,1,0,Home-Focused / First-Time Buyers,-0.12062239521068563,-0.5603356711540528
C1932,Individual,Dorothy,Allen,5/13/1962,F,USA,California,Investment,2,No,Website,1962-05-13,64,4,1713149.19,428287.2975,551780.87,1342.1525,5368.610000000001,4,2024-01-01,2025-01-07,100.0,0.0,Apartment,372,0,0,2,Global Investors,1.716427983397114,1.0939734001993722
C1933,Company,Oasis,Co,04-05-1994,F,Australia,Queensland,Home,1,No,Client,1994-04-05,32,3,822428.05,274142.68333333335,413006.8,851.87,2555.61,3,2024-01-02,2025-01-10,66.66666666666666,33.33333333333333,Apartment,374,0,2,3,Corporate Buyers,-2.3248290331737156,4.1127374990010175
C1934,Individual,Noah,Montgomery,3/25/1978,M,France,Ile-de-France,Investment,4,Yes,Client,1978-03-25,48,4,1719384.46,429846.115,639415.77,1422.9925,5691.97,4,2024-01-01,2024-01-11,75.0,25.0,Apartment,10,1,0,2,Global Investors,1.9491126671796617,1.344869168979174
C1935,Individual,Ashley,Young,4/14/1983,F,USA,Arizona,Home,5,No,Website,1983-04-14,43,3,1205890.37,401963.4566666667,460353.21,1357.1933333333334,4071.58,3,2024-01-02,2025-01-10,66.66666666666666,33.33333333333333,Apartment,374,0,3,0,High-Value / Luxury Investors,0.9313622978198889,-0.6831324350726903
C1936,Individual,Jeffrey,Brown,2/24/1984,M,Russia,Krasnodar Krai,Home,1,Yes,Agency,1984-02-24,42,3,965899.1,321966.3666666667,373735.42,992.22,2976.66,3,2024-01-08,2025-01-09,100.0,0.0,Apartment,367,1,1,1,Home-Focused / First-Time Buyers,-1.140626939205421,-0.8112246337696224
C1937,Individual,Ashley,Richardson,3/16/1961,F,USA,Arizona,Home,3,Yes,Website,1961-03-16,65,4,1707838.06,426959.515,553235.72,1419.32,5677.28,4,2024-01-07,2025-01-11,75.0,25.0,Apartment,370,1,3,0,High-Value / Luxury Investors,2.2628378393127977,-0.6233926668718986
C1938,Individual,Peter,Anderson,7/28/1973,M,Canada,Quebec,Home,4,Yes,Website,1973-07-28,53,3,1154671.2,384890.4,452275.63,1205.9633333333334,3617.89,3,2025-01-02,2025-01-09,66.66666666666666,33.33333333333333,Apartment,7,1,1,0,Home-Focused / First-Time Buyers,0.3020584725925694,-0.7378165420498765
C1939,Individual,Gloria,White,06-09-1979,F,USA,Florida,Investment,1,Yes,Agency,1979-06-09,47,3,674304.95,224768.31666666665,327053.12,839.1433333333334,2517.4300000000003,3,2024-01-02,2024-01-11,100.0,0.0,Apartment,9,1,0,2,Global Investors,-3.150558037753466,0.8163591909329039
C1940,Individual,Barbara,Turner,02-01-1997,F,Canada,Manitoba,Home,4,No,Agency,1997-02-01,29,4,1403901.14,350975.28500000003,537290.74,1216.595,4866.38,4,2024-01-01,2024-01-11,100.0,0.0,Apartment,10,0,3,0,High-Value / Luxury Investors,0.6016886664434055,-0.5772436361432951
C1941,Individual,Maria,James,5/20/1943,F,USA,Nevada,Home,5,No,Client,1943-05-20,83,4,1368615.25,342153.8125,446979.46,1140.38,4561.52,4,2024-01-03,2024-01-07,100.0,0.0,Apartment,4,0,1,1,Home-Focused / First-Time Buyers,0.3733975885089889,-1.0103679976925748
C1942,Company,Stratos,Co,11-10-1984,F,USA,Nevada,Home,2,Yes,Agency,1984-11-10,41,3,1133984.52,377994.84,543673.09,1313.16,3939.48,3,2024-01-03,2025-01-01,100.0,0.0,Apartment,364,1,2,3,Corporate Buyers,0.24898961896185148,4.3727858002940465
C1943,Individual,Eric,Long,01-04-1973,M,USA,Arizona,Home,1,No,Website,1973-01-04,53,3,967521.23,322507.07666666666,400543.99,1042.71,3128.13,3,2024-01-06,2025-01-09,100.0,0.0,Apartment,369,0,1,1,Home-Focused / First-Time Buyers,-0.9741129677525638,-0.9711082761442226
C1944,Individual,Henry,Pierce,2/15/1986,M,USA,California,Investment,1,No,Website,1986-02-15,40,4,1971083.93,492770.9825,607539.65,1602.67,6410.68,4,2024-01-03,2025-01-12,100.0,0.0,Apartment,375,0,3,2,High-Value / Luxury Investors,3.2808912415131926,1.4171912140909169
C1945,Individual,Sean,Johnson,2/26/1967,M,Mexico,Mexico City,Investment,3,No,Website,1967-02-26,59,4,1112541.88,278135.47,404942.23,939.4875,3757.95,4,2024-01-04,2025-01-11,100.0,0.0,Apartment,373,0,0,2,Global Investors,-1.508171894311609,0.8387631230016315
C1946,Individual,Mark,Bell,1/15/1955,M,USA,California,Home,1,No,Agency,1955-01-15,71,3,1056227.37,352075.79000000004,450915.03,1111.25,3333.75,3,2024-01-02,2025-01-12,66.66666666666666,33.33333333333333,Apartment,376,0,1,1,Home-Focused / First-Time Buyers,-0.3837731389426828,-1.0569831915954693
C1947,Individual,Walter,Mitchell,02-02-1979,M,USA,Nevada,Home,3,No,Website,1979-02-02,47,3,1247905.56,415968.52,470318.22,1328.47,3985.41,3,2024-01-04,2025-01-12,100.0,0.0,Apartment,374,0,3,0,High-Value / Luxury Investors,1.0103749473309493,-0.7235685465347678
C1948,Individual,Melissa,Harris,04-01-1955,F,USA,Arizona,Home,2,No,Agency,1955-04-01,71,3,1530233.0,510077.6666666667,591831.53,1527.8633333333337,4583.59,3,2024-01-02,2025-01-07,100.0,0.0,Apartment,371,0,3,0,High-Value / Luxury Investors,2.772629404142757,-0.7560532763457173
C1949,Individual,Christina,James,7/20/1955,F,USA,Colorado,Home,2,Yes,Agency,1955-07-20,71,3,1020270.72,340090.24,489550.72,1274.52,3823.56,3,2024-01-05,2025-01-11,100.0,0.0,Apartment,372,1,1,1,Home-Focused / First-Time Buyers,-0.10603382527137828,-0.9390848959515244
C1950,Individual,Edward,Weaver,3/27/1975,M,USA,Ohio,Home,4,No,Agency,1975-03-27,51,4,1033306.43,258326.6075,377128.4,933.355,3733.42,4,2024-01-06,2025-01-10,100.0,0.0,Apartment,370,0,1,1,Home-Focused / First-Time Buyers,-1.4511049067679251,-0.9413512955931952
C1951,Individual,Alexander,Murray,09-08-1996,M,USA,Utah,Home,1,Yes,Website,1996-09-08,30,4,1128864.17,282216.0425,454474.49,972.335,3889.34,4,2024-01-04,2025-01-10,75.0,25.0,Apartment,372,1,1,1,Home-Focused / First-Time Buyers,-1.09537261081558,-0.6819837282666981
C1952,Company,Optima,Co,05-06-1992,M,USA,Nevada,Home,3,No,Agency,1992-05-06,34,3,1235262.65,411754.2166666666,575463.2,1451.5366666666669,4354.610000000001,3,2024-01-01,2025-01-07,66.66666666666666,33.33333333333333,Apartment,372,0,2,3,Corporate Buyers,1.0657279491989722,4.422783965232388
C1953,Individual,Donald,Miller,10/16/1972,M,Germany,Bavaria,Home,1,Yes,Website,1972-10-16,53,4,1199064.43,299766.1075,494656.28,946.6525,3786.61,4,2024-01-02,2025-01-04,50.0,50.0,Apartment,368,1,1,1,Home-Focused / First-Time Buyers,-0.8726094987212979,-0.8387291411886468
C1954,Individual,Judy,Roberts,09-03-1966,F,Australia,Western Australia,Investment,3,No,Website,1966-09-03,60,3,809731.0700000001,269910.3566666667,334529.95,899.9899999999999,2699.97,3,2024-01-02,2025-01-07,100.0,0.0,Apartment,371,0,0,2,Global Investors,-2.3416180147334167,0.7210777036746044
C1955,Individual,Benjamin,Wright,5/20/1998,M,Canada,Quebec,Home,1,No,Website,1998-05-20,28,4,1707150.06,426787.515,462288.76,1380.26,5521.04,4,2024-01-05,2025-01-07,100.0,0.0,Apartment,368,0,3,0,High-Value / Luxury Investors,2.078754324212971,-0.45642293864714734
C1956,Individual,Julie,Weaver,8/21/1967,F,USA,Oregon,Home,2,No,Agency,1967-08-21,59,4,1224023.79,306005.9475,608146.84,920.7075,3682.83,4,2024-01-01,2025-01-07,50.0,50.0,Apartment,372,0,1,1,Home-Focused / First-Time Buyers,-0.8132249249905874,-0.9578436007702649
C1957,Individual,Adam,Howard,9/24/1962,M,USA,California,Home,4,Yes,Website,1962-09-24,63,4,1318838.26,329709.565,430163.14,1150.2,4600.8,4,2024-01-04,2024-01-11,75.0,25.0,Apartment,7,1,1,0,Home-Focused / First-Time Buyers,0.16038319247466604,-0.7962534878714439
C1958,Individual,Susan,Foster,10-09-1970,F,USA,California,Home,3,No,Website,1970-10-09,55,4,1567012.19,391753.0475,640625.73,1287.0549999999998,5148.219999999999,4,2024-01-03,2025-01-01,100.0,0.0,Apartment,364,0,3,0,High-Value / Luxury Investors,1.4010011989027757,-0.7132421860523488
C1959,Individual,Judy,Morales,2/20/1942,F,USA,Texas,Home,1,No,Website,1942-02-20,84,3,626084.02,208694.6733333333,304533.78,753.3133333333334,2259.94,3,2024-01-07,2024-01-12,100.0,0.0,Apartment,5,0,1,1,Home-Focused / First-Time Buyers,-3.16036256491727,-1.415851352011406
C1960,Individual,Dorothy,Brown,08-02-1987,F,USA,Colorado,Home,2,Yes,Website,1987-08-02,39,3,1196488.96,398829.6533333333,529520.87,1350.493333333333,4051.48,3,2024-01-05,2024-01-09,100.0,0.0,Apartment,4,1,3,0,High-Value / Luxury Investors,0.8059479329238848,-0.6026351394609999
C1961,Individual,William,Campbell,9/26/1994,M,USA,California,Home,5,No,Agency,1994-09-26,31,4,1289265.38,322316.345,501471.56,1138.4975,4553.99,4,2024-01-10,2025-01-10,100.0,0.0,Apartment,366,0,1,0,Home-Focused / First-Time Buyers,0.0010904383714652524,-0.6403067478672322
C1962,Individual,Kimberly,Harris,08-01-1995,F,Mexico,Puebla,Home,5,No,Agency,1995-08-01,31,3,971475.24,323825.08,398527.61,1108.1033333333332,3324.31,3,2024-01-06,2025-01-07,100.0,0.0,Apartment,367,0,1,1,Home-Focused / First-Time Buyers,-0.7522126858327906,-0.7439239475022393
C1963,Company,Terova,Co,03-01-1968,M,USA,Texas,Home,5,No,Website,1968-03-01,58,3,983925.13,327975.04333333333,435919.77,1090.7733333333333,3272.32,3,2024-01-06,2025-01-06,100.0,0.0,Apartment,366,0,2,3,Corporate Buyers,-0.8945838889005436,4.075572451817391
C1964,Individual,Kevin,Martin,6/17/1972,M,USA,Virginia,Home,5,No,Agency,1972-06-17,54,3,1149434.67,383144.89,501520.52,1359.24,4077.72,3,2024-01-06,2025-01-05,66.66666666666666,33.33333333333333,Apartment,365,0,3,0,High-Value / Luxury Investors,0.7093474153409234,-0.7909465508940491
C1965,Individual,Sean,Wright,01-09-1997,M,USA,California,Home,4,No,Agency,1997-01-09,29,3,1489053.39,496351.13,517834.79,1579.3133333333335,4737.9400000000005,3,2024-01-04,2024-01-09,66.66666666666666,33.33333333333333,Apartment,5,0,3,0,High-Value / Luxury Investors,2.6987280916033742,-0.41866589060465376
C1966,Individual,Ronald,Howard,02-10-1964,M,Canada,British Columbia,Home,1,No,Agency,1964-02-10,62,4,1210176.2,302544.05,487865.86,1111.6475,4446.59,4,2024-01-10,2025-01-11,50.0,50.0,Apartment,367,0,1,1,Home-Focused / First-Time Buyers,-0.37630683593179187,-0.9551219566594169
C1967,Individual,Roger,Bryant,10-09-1957,M,USA,Oregon,Investment,4,No,Agency,1957-10-09,68,3,747143.37,249047.79,340611.95,859.2633333333333,2577.79,3,2024-01-01,2024-01-06,100.0,0.0,Apartment,5,0,0,2,Global Investors,-2.6897829932180652,0.6350555057506223
C1968,Individual,Judy,Griffin,11-02-1958,F,USA,California,Investment,3,Yes,Client,1958-11-02,67,3,987718.99,329239.66333333333,421709.56,1072.7266666666667,3218.1800000000003,3,2024-01-01,2025-01-06,100.0,0.0,Apartment,371,1,0,2,Global Investors,-1.120062929074975,0.8669662120058845
C1969,Individual,Jesse,James,6/14/1993,M,USA,Colorado,Investment,2,Yes,Agency,1993-06-14,33,4,1030940.43,257735.1075,462830.35,854.58,3418.32,4,2024-01-01,2025-01-10,75.0,25.0,Apartment,375,1,0,2,Global Investors,-2.093656291756794,1.066910388516272
C1970,Individual,Raymond,Howard,2/25/1978,M,USA,Arizona,Investment,4,Yes,Website,1978-02-25,48,3,1346312.7000000002,448770.9000000001,576990.75,1361.743333333333,4085.23,3,2025-01-02,2025-01-11,66.66666666666666,33.33333333333333,Apartment,9,1,0,2,Global Investors,1.1745106731686081,1.2373803031110706
C1971,Individual,Emma,Jordan,7/18/1976,F,USA,Virginia,Home,5,No,Website,1976-07-18,50,3,673422.3200000001,224474.1066666667,274917.87,775.5666666666666,2326.7,3,2024-01-06,2025-01-07,100.0,0.0,Apartment,367,0,1,1,Home-Focused / First-Time Buyers,-2.8819878185763446,-1.087597486414008
C1972,Individual,Carol,Wilson,01-05-1972,F,USA,California,Home,4,Yes,Website,1972-01-05,54,3,943260.84,314420.28,478022.04,1077.3333333333333,3232.0,3,2024-01-01,2025-01-09,66.66666666666666,33.33333333333333,Apartment,374,1,1,1,Home-Focused / First-Time Buyers,-0.9471198404959934,-0.8625824925440919
C1973,Company,Oasis,Co,9/13/1993,M,USA,Washington,Home,4,Yes,Agency,1993-09-13,32,4,1450499.68,362624.92,413926.08,1214.7825,4859.13,4,2024-01-01,2025-01-11,75.0,25.0,Apartment,376,1,2,3,Corporate Buyers,0.5679898341148252,4.528485426779735
C1974,Individual,Keith,Peterson,04-09-1950,M,USA,Nevada,Home,5,Yes,Agency,1950-04-09,76,4,968686.85,242171.7125,431287.44,809.6575,3238.63,4,2024-01-04,2025-01-09,75.0,25.0,Apartment,371,1,1,1,Home-Focused / First-Time Buyers,-1.9649755733336176,-1.0856907071957904
C1975,Individual,Dorothy,Campbell,08-05-1975,F,Belgium,Wallonia,Home,4,No,Agency,1975-08-05,51,3,985031.21,328343.73666666663,454364.35,1023.88,3071.6400000000003,3,2024-01-01,2025-01-05,66.66666666666666,33.33333333333333,Apartment,370,0,1,1,Home-Focused / First-Time Buyers,-0.9002192995046748,-0.9205854231221917
C1976,Individual,Albert,Wilson,05-03-1995,M,USA,Florida,Home,5,No,Client,1995-05-03,31,4,1146120.65,286530.1625,503445.63,1030.29,4121.16,4,2024-01-06,2025-01-04,100.0,0.0,Apartment,364,0,1,0,Home-Focused / First-Time Buyers,-0.8016455515047599,-0.7154617794122459
C1977,Individual,Jason,Bennett,04-07-1994,M,USA,Virginia,Home,1,No,Website,1994-04-07,32,4,2001430.43,500357.6075,608264.77,1577.2325,6308.93,4,2024-01-01,2025-01-07,75.0,25.0,Apartment,372,0,3,0,High-Value / Luxury Investors,3.6684818233073173,-0.33814147770707476
C1978,Company,Summit,Co,02-06-1967,F,USA,California,Investment,5,Yes,Website,1967-02-06,59,3,1205900.67,401966.89,433524.31,1290.0866666666668,3870.26,3,2024-01-05,2025-01-07,66.66666666666666,33.33333333333333,Apartment,368,1,2,3,Corporate Buyers,0.22141065243914967,6.114025510029785
C1979,Individual,Brian,Richardson,5/25/1942,M,USA,Colorado,Home,3,Yes,Agency,1942-05-25,84,4,1287568.79,321892.1975,430285.43,1014.73,4058.92,4,2024-01-02,2025-01-03,75.0,25.0,Apartment,367,1,1,0,Home-Focused / First-Time Buyers,-0.29229353816343073,-1.0087110136190731
C1980,Individual,Barbara,Green,05-09-1956,F,USA,Texas,Investment,4,No,Website,1956-05-09,70,4,1579565.09,394891.2725,588343.01,1228.8325,4915.33,4,2024-01-03,2025-01-08,100.0,0.0,Apartment,371,0,0,2,Global Investors,0.977829717821204,0.9963517349143673
C1981,Individual,Sarah,Flores,12-09-1992,F,Canada,Quebec,Home,5,No,Agency,1992-12-09,33,4,1440160.68,360040.17,498028.07,1245.935,4983.74,4,2024-01-01,2025-01-07,75.0,25.0,Apartment,372,0,3,0,High-Value / Luxury Investors,0.8330012369567993,-0.5778700324906862
C1982,Individual,Jose,Long,09-05-1947,M,USA,California,Home,4,Yes,Website,1947-09-05,79,3,1545398.56,515132.8533333333,553675.21,1669.3466666666666,5008.04,3,2024-01-01,2024-01-11,66.66666666666666,33.33333333333333,Apartment,10,1,3,0,High-Value / Luxury Investors,3.2434841856163708,-0.6720853841419111
C1983,Individual,Ryan,Reed,3/13/1961,M,UK,Northern Ireland,Home,3,No,Website,1961-03-13,65,4,1317304.52,329326.13,411125.74,1070.475,4281.9,4,2024-01-07,2025-01-10,75.0,25.0,Apartment,369,0,1,1,Home-Focused / First-Time Buyers,-0.056840044302580245,-0.927129661666037
C1984,Individual,Jesse,Watson,10/18/1956,M,USA,California,Home,4,No,Website,1956-10-18,69,3,846287.21,282095.73666666663,315840.76,994.52,2983.56,3,2024-01-01,2024-01-10,100.0,0.0,Apartment,9,0,1,1,Home-Focused / First-Time Buyers,-1.549566178962258,-1.123661422904885
C1985,Individual,Gregory,Bell,05-11-1963,M,UK,Scotland,Home,1,Yes,Agency,1963-05-11,63,4,1149379.86,287344.965,344251.82,1014.73,4058.92,4,2024-01-05,2025-01-12,50.0,50.0,Apartment,373,1,1,1,Home-Focused / First-Time Buyers,-0.8596724661657149,-0.9186830078563547
C1986,Individual,Thomas,Griffin,4/23/1977,M,USA,New York,Investment,1,No,Website,1977-04-23,49,4,1442798.93,360699.7325,524650.21,1153.5575,4614.23,4,2024-01-05,2025-01-10,100.0,0.0,Apartment,371,0,0,2,Global Investors,0.20189383935413815,1.0599630135323357
C1987,Individual,Douglas,Davis,10/18/1986,M,Belgium,Wallonia,Investment,5,No,Website,1986-10-18,39,4,1316082.96,329020.74,515152.93,1104.1725,4416.69,4,2024-01-04,2025-01-12,75.0,25.0,Apartment,374,0,0,2,Global Investors,-0.33528310993350036,1.12272691407009
C1988,Individual,Henry,Thompson,9/19/1994,M,USA,California,Home,5,Yes,Website,1994-09-19,31,4,1301018.95,325254.7375,409994.99,972.245,3888.98,4,2024-01-11,2025-01-12,100.0,0.0,Apartment,367,1,1,0,Home-Focused / First-Time Buyers,-0.40176263541702156,-0.5850073302694404
C1989,Individual,William,Montgomery,11/19/1959,M,USA,Texas,Home,3,No,Agency,1959-11-19,66,4,1380788.86,345197.215,505173.86,1135.325,4541.3,4,2024-01-08,2025-01-10,75.0,25.0,Apartment,368,0,1,1,Home-Focused / First-Time Buyers,0.34479780390394926,-0.897821075468483
C1990,Individual,Scott,Howard,11/28/1976,M,USA,Texas,Investment,5,No,Agency,1976-11-28,49,3,1253745.81,417915.27,566711.76,1303.4733333333334,3910.42,3,2024-01-08,2025-01-03,100.0,0.0,Apartment,361,0,0,2,Global Investors,0.6507951545208656,1.1015586136109317
C1991,Individual,Susan,Reed,07-09-1950,F,USA,California,Home,3,No,Website,1950-07-09,76,4,1134341.88,283585.47,405445.85,900.39,3601.56,4,2024-01-02,2024-01-12,75.0,25.0,Apartment,10,0,1,1,Home-Focused / First-Time Buyers,-1.1492165670146286,-1.1145076924431443
C1992,Individual,Rachel,Hansen,1/19/1943,F,USA,Texas,Home,3,Yes,Website,1943-01-19,83,3,1266058.76,422019.5866666666,471352.97,1445.08,4335.24,3,2024-01-11,2025-01-07,33.33333333333333,66.66666666666666,Office,362,1,3,0,High-Value / Luxury Investors,1.4381370509272744,-0.8798884411877643
C1993,Individual,Douglas,Thompson,06-09-1985,M,USA,New York,Home,2,No,Website,1985-06-09,41,3,1385369.38,461789.7933333333,549422.32,1454.41,4363.23,3,2025-01-04,2025-01-08,66.66666666666666,33.33333333333333,Apartment,4,0,3,0,High-Value / Luxury Investors,1.9082849869620742,-0.6028349005054983
C1994,Individual,Nicole,Miller,7/21/1994,F,USA,Oregon,Investment,3,Yes,Website,1994-07-21,32,3,1257875.21,419291.7366666666,498128.56,1454.41,4363.23,3,2024-01-09,2025-01-06,100.0,0.0,Apartment,363,1,0,2,Global Investors,0.993226726300871,1.3323257619783906
C1995,Individual,Michelle,Scott,03-05-1993,F,USA,California,Investment,4,No,Agency,1993-03-05,33,4,1044043.64,261010.91,348872.01,905.7525,3623.01,4,2024-01-05,2025-01-07,75.0,25.0,Apartment,368,0,0,2,Global Investors,-1.8679241938875213,1.0168967866230272
C1996,Individual,Samantha,Brooks,6/20/1992,F,USA,Nevada,Home,1,Yes,Website,1992-06-20,34,4,1151831.48,287957.87,568415.25,1027.325,4109.3,4,2024-01-01,2024-01-11,100.0,0.0,Apartment,10,1,1,1,Home-Focused / First-Time Buyers,-0.8620506601624445,-0.6924747795304003
C1997,Individual,Matthew,Cox,9/27/1942,M,USA,Arizona,Home,4,Yes,Website,1942-09-27,83,4,1101825.4,275456.35,484864.24,910.42,3641.68,4,2024-01-09,2025-01-09,50.0,50.0,Apartment,366,1,1,1,Home-Focused / First-Time Buyers,-1.2241920629991854,-1.0801135607825858
C1998,Individual,Mark,Patterson,9/13/1963,M,USA,Virginia,Home,5,Yes,Website,1963-09-13,63,3,1023688.56,341229.52,431674.94,1140.4,3421.2,3,2024-01-02,2025-01-10,100.0,0.0,Apartment,374,1,1,1,Home-Focused / First-Time Buyers,-0.4037962122225622,-0.8734355795351355
C1999,Individual,Lawrence,Montgomery,6/15/1944,M,USA,Ohio,Home,4,Yes,Client,1944-06-15,82,3,838587.38,279529.12666666665,455786.14,919.0466666666666,2757.14,3,2024-01-05,2025-01-07,100.0,0.0,Apartment,368,1,1,1,Home-Focused / First-Time Buyers,-1.7711132515481591,-1.1559713132364902
C2000,Individual,Amanda,James,3/24/1996,F,USA,Georgia,Home,1,Yes,Agency,1996-03-24,30,3,913528.5,304509.5,364977.97,1033.4833333333331,3100.45,3,2024-01-05,2024-01-06,100.0,0.0,Apartment,1,1,1,1,Home-Focused / First-Time Buyers,-1.277470548184226,-0.7322778027962357
